frame_time_s,rms,spectral_centroid_hz,zcr,f0_hz,voiced,jitter,shimmer,hnr
0.0,0.0,5146.19,0.0,408.333,0,,,
0.0232,0.0,4937.21,0.0,408.333,0,,,
0.0464,3.7e-05,2868.66,0.056152,408.333,0,,,
0.0697,0.008453,2644.49,0.102051,408.333,0,,,
0.0929,0.01929,2504.19,0.12793,338.885,0,,,
0.1161,0.028689,2206.64,0.149902,283.106,0,,,
0.1393,0.033006,2128.47,0.119141,177.326,0,,,
0.1625,0.033208,2419.24,0.121094,176.122,0,,,
0.1858,0.02838,2873.82,0.165527,171.984,0,,,
0.209,0.018831,3636.6,0.143066,171.013,0,,,
0.2322,0.009398,4232.99,0.118164,167.079,0,,,
0.2554,0.001889,2853.87,0.070312,262.304,0,,,
0.2786,0.00047,708.05,0.0,64.853,0,,,
0.3019,0.000359,789.92,0.001953,64.853,0,,,
0.3251,0.00026,1071.83,0.001953,70.924,0,,,
0.3483,0.0002,1225.59,0.004395,408.333,0,,,
0.3715,0.000131,1573.96,0.031738,64.853,0,,,
0.3947,7.3e-05,1939.43,0.070312,375.313,0,,,
0.418,0.007306,2161.75,0.107422,179.29,0,,,
0.4412,0.015845,2536.37,0.131836,408.333,0,,,
0.4644,0.023585,2556.8,0.13916,170.371,0,,,
0.4876,0.025463,2641.75,0.134277,187.483,0,,,
0.5108,0.02497,2718.47,0.153809,178.895,0,,,
0.5341,0.020635,2984.0,0.187012,174.237,0,,,
0.5573,0.010983,3327.31,0.163086,173.146,0,,,
0.5805,0.005341,4024.83,0.141113,175.965,0,,,
0.6037,0.000116,1330.02,0.113281,65.432,0,,,
0.6269,0.000103,1680.62,0.055664,65.045,0,,,
0.6502,6.4e-05,2179.38,0.046387,64.853,0,,,
0.6734,4.3e-05,2328.53,0.033691,64.853,0,,,
0.6966,4.2e-05,2519.52,0.006836,408.333,0,,,
0.7198,4e-05,2510.18,0.006836,408.333,0,,,
0.743,3.6e-05,2503.53,0.011719,408.333,0,,,
0.7663,3.4e-05,2496.21,0.034668,408.333,0,,,
0.7895,0.009564,2496.66,0.073242,408.333,0,,,
0.8127,0.018723,2612.21,0.095703,65.573,0,,,
0.8359,0.024647,2553.68,0.129395,189.39,0,,,
0.8591,0.026205,2654.34,0.13916,181.042,0,,,
0.8824,0.024482,2780.95,0.194824,177.598,0,,,
0.9056,0.018447,3177.7,0.189941,175.729,0,,,
0.9288,0.009129,3501.89,0.213379,174.157,0,,,
0.952,0.002034,4251.64,0.26123,357.543,0,,,
0.9752,2.1e-05,2995.79,0.244141,408.333,0,,,
0.9985,1.1e-05,3163.45,0.302734,408.333,0,,,
1.0217,0.000799,2957.76,0.288086,408.333,0,,,
1.0449,0.008961,2819.67,0.24707,408.333,0,,,
1.0681,0.023754,2707.12,0.191406,200.5,0,,,
1.0913,0.029287,2399.68,0.135742,284.24,0,,,
1.1146,0.033497,2320.83,0.115234,176.566,0,,,
1.1378,0.033267,2666.48,0.161133,174.979,0,,,
1.161,0.025085,3335.35,0.267578,170.444,0,,,
1.1842,0.018324,4267.82,0.314453,169.772,0,,,
1.2074,0.008415,4955.22,0.369629,164.671,0,,,
1.2307,0.002557,5343.95,0.353516,193.167,0,,,
1.2539,0.002462,2828.95,0.265625,408.333,0,,,
1.2771,0.010544,2389.56,0.234863,408.333,0,,,
1.3003,0.01975,2498.09,0.183594,146.779,0,,,
1.3235,0.024827,2511.74,0.143555,189.109,0,,,
1.3468,0.02602,2639.08,0.146484,181.187,0,,,
1.37,0.023917,2779.31,0.151367,175.761,0,,,
1.3932,0.01712,3152.47,0.123047,175.381,0,,,
1.4164,0.008171,3563.57,0.112305,174.6,0,,,
1.4396,0.000276,3189.09,0.119629,342.213,0,,,
1.4629,2.6e-05,2785.39,0.155762,408.333,0,,,
1.4861,1.5e-05,3024.06,0.23877,408.333,0,,,
1.5093,0.00455,1765.37,0.262207,408.333,0,,,
1.5325,0.012393,2472.68,0.244629,408.333,0,,,
1.5557,0.020467,2555.58,0.192383,171.584,0,,,
1.579,0.024747,2565.45,0.13916,190.878,0,,,
1.6022,0.025475,2680.11,0.144043,180.161,0,,,
1.6254,0.022718,2866.47,0.173828,174.928,0,,,
1.6486,0.015838,3249.75,0.150391,175.273,0,,,
1.6718,0.00757,3732.72,0.147461,174.883,0,,,
1.6951,0.000252,3771.56,0.171387,381.864,0,,,
1.7183,2.5e-05,2950.78,0.171875,408.333,0,,,
1.7415,1.4e-05,3081.53,0.253906,408.333,0,,,
1.7647,9e-06,2931.74,0.310059,408.333,0,,,
1.7879,8e-06,2807.84,0.319336,408.333,0,,,
1.8112,7e-06,2956.8,0.333496,408.333,0,,,
1.8344,7e-06,2920.48,0.321289,408.333,0,,,
1.8576,2.3e-05,3094.95,0.287598,408.333,0,,,
1.8808,0.008145,1769.01,0.23877,408.333,0,,,
1.904,0.018469,1754.18,0.172852,408.333,0,,,
1.9273,0.02579,1710.59,0.12207,126.567,0,,,
1.9505,0.027892,1795.12,0.097656,127.669,0,,,
1.9737,0.027506,1981.45,0.104004,129.463,0,,,
1.9969,0.022627,2254.28,0.128418,78.913,0,,,
2.0201,0.018783,2602.9,0.141602,389.856,0,,,
2.0434,0.027428,2641.08,0.135254,165.439,0,,,
2.0666,0.031715,2322.07,0.121582,303.077,0,,,
2.0898,0.033253,2412.16,0.112793,175.684,0,,,
2.113,0.031065,2755.75,0.187012,174.326,0,,,
2.1362,0.021276,3461.08,0.257812,170.195,0,,,
2.1595,0.012418,4248.23,0.330078,169.366,0,,,
2.1827,0.004911,5347.58,0.382324,172.441,0,,,
2.2059,4.4e-05,3585.27,0.355957,408.333,0,,,
2.2291,6e-06,3140.58,0.349121,408.333,0,,,
2.2523,6e-06,3056.72,0.344238,408.333,0,,,
2.2756,6e-06,3155.83,0.345703,408.333,0,,,
2.2988,7e-06,3142.5,0.333984,408.333,0,,,
2.322,1.1e-05,3136.18,0.317871,408.333,0,,,
2.3452,0.003915,2033.98,0.268066,408.333,0,,,
2.3684,0.012267,2476.26,0.218262,408.333,0,,,
2.3917,0.020585,2553.69,0.172852,173.112,0,,,
2.4149,0.024928,2521.48,0.137695,192.269,0,,,
2.4381,0.025793,2626.74,0.13916,180.453,0,,,
2.4613,0.023025,2828.67,0.152832,174.694,0,,,
2.4845,0.016027,3171.79,0.132324,174.855,0,,,
2.5078,0.007695,3643.53,0.129395,175.176,0,,,
2.531,0.000171,3446.27,0.156738,305.074,0,,,
2.5542,2.6e-05,2901.19,0.194824,408.333,0,,,
2.5774,1.3e-05,3092.26,0.270996,408.333,0,,,
2.6006,8e-06,3076.57,0.319336,408.333,0,,,
2.6239,7e-06,3005.92,0.333496,408.333,0,,,
2.6471,7e-06,3130.87,0.333008,408.333,0,,,
2.6703,7e-06,3127.73,0.333984,408.333,0,,,
2.6935,9e-06,3104.69,0.323242,408.333,0,,,
2.7167,0.007464,2191.06,0.279297,408.333,0,,,
2.74,0.016272,2565.63,0.224609,408.333,0,,,
2.7632,0.023518,2537.07,0.179688,181.313,0,,,
2.7864,0.025389,2617.58,0.149414,188.425,0,,,
2.8096,0.024776,2747.75,0.177246,179.508,0,,,
2.8328,0.02012,3024.62,0.166016,174.547,0,,,
2.8561,0.010793,3307.09,0.134766,173.32,0,,,
2.8793,0.004998,4039.64,0.14209,175.925,0,,,
2.9025,7.9e-05,2728.51,0.136719,305.294,0,,,
2.9257,1.9e-05,2929.64,0.19043,408.333,0,,,
2.9489,3.2e-05,2949.81,0.246582,408.333,0,,,
2.9722,0.007248,2715.85,0.240234,408.333,0,,,
2.9954,0.018578,2768.29,0.208008,408.333,0,,,
3.0186,0.028263,2510.59,0.157715,280.584,0,,,
3.0418,0.032723,2323.92,0.116211,177.281,0,,,
3.065,0.033257,2436.61,0.122559,175.658,0,,,
3.0883,0.028613,2801.23,0.208008,172.222,0,,,
3.1115,0.019107,3764.2,0.277832,171.114,0,,,
3.1347,0.009647,4523.27,0.338867,167.294,0,,,
3.1579,0.002297,5238.23,0.376465,379.134,0,,,
3.1811,2.3e-05,3256.73,0.319824,408.333,0,,,
3.2044,0.008164,2274.03,0.268555,408.333,0,,,
3.2276,0.017152,2535.76,0.212402,408.333,0,,,
3.2508,0.023957,2511.9,0.161621,179.719,0,,,
3.274,0.02566,2592.78,0.129883,185.663,0,,,
3.2972,0.024633,2684.1,0.181152,179.445,0,,,
3.3205,0.019475,3007.94,0.17041,174.879,0,,,
3.3437,0.009975,3319.91,0.151367,172.737,0,,,
3.3669,0.003874,4272.09,0.177734,384.598,0,,,
3.3901,4.2e-05,2904.27,0.150879,272.322,0,,,
3.4133,1.8e-05,2963.1,0.202148,408.333,0,,,
3.4366,3.9e-05,2786.56,0.240723,408.333,0,,,
3.4598,0.011608,2258.46,0.217285,408.333,0,,,
3.483,0.022623,2328.76,0.182617,372.487,0,,,
3.5062,0.028131,2299.44,0.13916,129.535,0,,,
3.5294,0.031745,2397.4,0.129395,181.871,0,,,
3.5527,0.032703,2490.98,0.126465,179.909,0,,,
3.5759,0.029588,2585.59,0.122559,176.654,0,,,
3.5991,0.026438,2436.79,0.125977,176.667,0,,,
3.6223,0.024511,2552.92,0.109863,175.711,0,,,
3.6455,0.022918,2692.9,0.103027,175.021,0,,,
3.6688,0.022324,2705.86,0.105957,174.302,0,,,
3.692,0.024598,2389.64,0.099609,86.753,0,,,
3.7152,0.023436,2183.17,0.100586,172.798,0,,,
3.7384,0.02081,2227.26,0.126465,149.555,0,,,
3.7616,0.01664,2478.63,0.176758,148.143,0,,,
3.7849,0.008191,2533.16,0.239746,148.489,0,,,
3.8081,0.002172,3262.67,0.300781,287.154,0,,,
3.8313,1.3e-05,3341.29,0.338379,408.333,0,,,
3.8545,7e-06,3411.89,0.345703,408.333,0,,,
3.8777,7e-06,3200.04,0.337891,408.333,0,,,
3.901,0.00132,4701.53,0.36377,408.333,0,,,
3.9242,0.018122,4867.1,0.383789,408.333,0,,,
3.9474,0.373184,1954.68,0.303223,208.287,1,,,-4.8688
3.9706,0.451056,1623.4,0.240234,209.473,1,,,-7.3723
3.9938,0.468523,1619.74,0.143066,64.853,0,,,
4.0171,0.485461,2419.59,0.041992,64.853,0,,,
4.0403,0.321574,2761.99,0.042969,64.853,0,,,
4.0635,0.218414,2757.6,0.03418,408.333,0,,,
4.0867,0.210241,2756.92,0.039062,64.853,0,,,
4.1099,0.181101,2625.11,0.037598,408.333,0,,,
4.1332,0.184823,2596.78,0.041504,408.333,0,,,
4.1564,0.194532,2585.97,0.05127,289.061,1,,,5.0002
4.1796,0.172453,2482.77,0.04834,288.579,1,0.001668,0.120331,3.8421
4.2028,0.176541,2745.59,0.053223,292.965,1,0.015084,0.023432,4.1158
4.226,0.18263,2790.03,0.057617,298.547,1,0.018873,0.033906,6.3446
4.2493,0.155857,2625.07,0.047852,298.138,1,0.001373,0.158192,6.4543
4.2725,0.162891,3026.2,0.053711,297.241,1,0.003011,0.044135,4.3846
4.2957,0.191489,3253.17,0.070312,64.853,0,,,
4.3189,0.171488,2957.55,0.083496,352.155,1,,,0.4253
4.3421,0.178119,2867.48,0.092773,333.462,1,0.054528,0.037935,3.5445
4.3654,0.179104,3209.78,0.074707,330.059,1,0.010258,0.005513,9.2796
4.3886,0.129623,2861.59,0.067383,395.222,0,,,
4.4118,0.131922,2918.73,0.048828,64.853,0,,,
4.435,0.126823,3129.6,0.04248,64.853,0,,,
4.4582,0.099746,3167.29,0.072266,64.853,0,,,
4.4815,0.10319,3983.16,0.070801,64.853,0,,,
4.5047,0.096305,4140.27,0.069824,408.333,0,,,
4.5279,0.075297,3558.46,0.089844,408.333,0,,,
4.5511,0.075527,3194.0,0.066406,284.129,1,,,1.9289
4.5743,0.068065,3184.54,0.060059,292.783,1,0.030001,0.10394,6.6189
4.5976,0.051183,3069.85,0.09082,294.476,1,0.005765,0.283132,5.0105
4.6208,0.050884,3421.13,0.08252,282.157,1,0.042726,0.005855,2.2127
4.644,0.059028,3447.47,0.111816,281.275,1,0.003132,0.148175,-2.8292
4.6672,0.124863,3200.45,0.131836,287.258,1,0.021047,0.716028,-5.4676
4.6904,0.140371,2912.32,0.104004,317.594,1,0.100311,0.116937,-3.4765
4.7137,0.146228,2525.85,0.091309,77.035,1,1.219168,0.040874,1.323
4.7369,0.14788,2036.24,0.060547,89.752,1,0.152492,0.011231,4.5589
4.7601,0.102774,2082.22,0.035645,91.332,1,0.01746,0.359906,4.2591
4.7833,0.086289,2378.85,0.032715,90.758,1,0.00631,0.174384,3.7907
4.8065,0.080907,2850.1,0.053711,90.139,1,0.006844,0.06438,3.2424
4.8298,0.070955,4323.67,0.053711,90.066,1,0.000805,0.13106,3.8842
4.853,0.062368,4575.37,0.051758,90.133,1,0.00074,0.128827,4.4575
4.8762,0.056627,3564.43,0.055664,89.796,1,0.003749,0.09649,4.2897
4.8994,0.084021,2902.36,0.053711,89.333,1,0.005169,0.389546,-7.2612
4.9226,0.171229,2855.26,0.064453,87.425,1,0.021593,0.683311,0.4492
4.9459,0.196716,2557.88,0.064941,366.136,1,1.228993,0.138539,2.0086
4.9691,0.230677,2268.78,0.070801,301.516,1,0.193574,0.158923,1.9337
4.9923,0.256736,2253.51,0.045898,293.116,1,0.028253,0.106926,5.67
5.0155,0.21957,1627.11,0.032227,408.333,0,,,
5.0387,0.216497,1049.82,0.025391,199.4,1,,,0.8686
5.062,0.20909,954.65,0.01123,184.562,1,,,6.2931
5.0852,0.171062,810.51,0.015625,64.853,0,,,
5.1084,0.179468,875.3,0.010254,207.577,1,,,1.896
5.1316,0.194368,912.94,0.038574,217.923,1,,,3.8538
5.1548,0.185805,2545.52,0.071289,64.853,0,,,
5.178,0.198074,2897.87,0.069824,316.754,1,,,-1.7707
5.2013,0.195892,2517.0,0.069824,317.552,1,0.002516,0.011075,7.5991
5.2245,0.161415,1372.7,0.041992,325.174,1,0.023718,0.19298,3.904
5.2477,0.162867,972.55,0.007324,408.333,0,,,
5.2709,0.156,751.56,0.005371,64.853,0,,,
5.2941,0.137984,1737.67,0.051758,64.853,0,,,
5.3174,0.153764,3860.83,0.052246,64.853,0,,,
5.3406,0.132396,3647.13,0.053223,64.853,0,,,
5.3638,0.113587,1955.08,0.052734,400.405,0,,,
5.387,0.147684,1803.34,0.030762,64.853,0,,,
5.4102,0.151437,3006.91,0.068848,64.853,0,,,
5.4335,0.144848,2970.14,0.108398,319.226,1,,,-3.9205
5.4567,0.147576,2954.55,0.112793,316.8,1,0.007629,0.018656,4.1612
5.4799,0.107423,3609.79,0.091309,223.457,1,0.345553,0.314925,5.8349
5.5031,0.064859,2985.38,0.058594,408.333,0,,,
5.5263,0.062898,1572.89,0.018066,286.228,1,,,4.7743
5.5496,0.046663,1147.24,0.016113,299.893,0,,,
5.5728,0.037835,1029.98,0.020508,313.041,0,,,
5.596,0.036439,1487.08,0.015137,64.853,0,,,
5.6192,0.027035,2755.52,0.099121,64.853,0,,,
5.6424,0.023021,4720.29,0.145508,297.613,0,,,
5.6657,0.022076,5120.67,0.143066,308.088,0,,,
5.6889,0.016292,4376.64,0.166992,309.034,0,,,
5.7121,0.075326,2968.22,0.118164,290.109,1,,,-5.6412
5.7353,0.130605,3020.0,0.085938,296.89,1,0.023104,0.536863,0.6701
5.7585,0.133252,2800.86,0.108398,350.578,1,0.165839,0.02006,2.9724
5.7818,0.134151,2605.36,0.180664,304.311,1,0.141299,0.00673,-0.3855
5.805,0.111576,4213.27,0.207031,284.126,1,0.068605,0.183739,-4.8227
5.8282,0.031911,5210.56,0.230469,289.503,0,,,
5.8514,0.016475,4529.94,0.249023,81.161,0,,,
5.8746,0.100834,3357.78,0.199219,282.492,1,,,-3.3141
5.8979,0.15696,3005.1,0.157227,281.258,1,0.004378,0.435436,0.4999
5.9211,0.187199,2649.3,0.129395,292.042,1,0.037619,0.175728,0.9434
5.9443,0.230776,2299.09,0.084473,291.374,1,0.00229,0.208514,1.3795
5.9675,0.249379,2081.64,0.039551,288.978,1,0.008256,0.077487,5.6129
5.9907,0.229948,1272.34,0.026367,246.63,1,0.158131,0.081078,3.3179
6.014,0.236022,837.7,0.013672,271.935,1,0.097594,0.026074,0.3366
6.0372,0.221496,664.51,0.012207,195.143,1,0.328818,0.063502,4.7271
6.0604,0.18603,497.95,0.010742,218.766,1,0.114145,0.174054,2.5294
6.0836,0.202245,499.94,0.004395,222.111,1,0.015177,0.083522,2.1828
6.1068,0.19085,900.24,0.006348,215.478,1,0.030318,0.057972,7.8552
6.1301,0.168329,1973.89,0.006836,64.853,0,,,
6.1533,0.184741,2295.03,0.006348,408.333,0,,,
6.1765,0.172926,1070.19,0.007324,64.853,0,,,
6.1997,0.154796,384.83,0.004883,64.853,0,,,
6.2229,0.204647,2364.84,0.035645,64.853,0,,,
6.2462,0.195325,2860.84,0.04834,64.853,0,,,
6.2694,0.182,2674.91,0.077148,316.898,1,,,1.0636
6.2926,0.191202,3111.27,0.078613,316.354,1,,,6.4238
6.3158,0.132569,3120.52,0.046387,408.333,0,,,
6.339,0.110385,1254.33,0.035156,408.333,0,,,
6.3623,0.115556,791.0,0.005371,64.853,0,,,
6.3855,0.090516,969.62,0.019531,64.853,0,,,
6.4087,0.081621,3329.0,0.070312,64.853,0,,,
6.4319,0.083444,4411.4,0.072754,64.853,0,,,
6.4551,0.06356,3878.21,0.079102,408.333,0,,,
6.4784,0.057404,2307.53,0.069336,408.333,0,,,
6.5016,0.054589,1336.42,0.019043,291.948,1,,,6.6228
6.5248,0.038511,857.42,0.016602,298.483,0,,,
6.548,0.03365,609.05,0.013184,316.981,0,,,
6.5712,0.031096,1193.03,0.013184,64.853,0,,,
6.5945,0.117029,3342.34,0.070801,64.853,0,,,
6.6177,0.129768,3210.1,0.099121,408.333,0,,,
6.6409,0.130178,3006.59,0.116699,164.954,1,,,-1.9384
6.6641,0.130067,2631.39,0.120605,77.005,1,0.726977,0.000846,1.277
6.6873,0.06037,2102.29,0.072754,221.95,1,0.969679,0.731973,4.0332
6.7106,0.020495,1827.6,0.053223,231.936,0,,,
6.7338,0.019649,2709.39,0.114746,232.713,0,,,
6.757,0.018517,5264.37,0.227051,235.056,0,,,
6.7802,0.017925,5680.15,0.322266,392.787,0,,,
6.8034,0.017322,5728.82,0.416992,67.155,0,,,
6.8267,0.076445,4002.78,0.398438,119.911,1,,,-6.1416
6.8499,0.402878,2294.14,0.277832,225.34,1,0.610743,1.362056,-4.1964
6.8731,0.458649,1550.6,0.179688,311.25,1,0.320205,0.12947,-9.1177
6.8963,0.472068,1155.81,0.08252,64.853,0,,,
6.9195,0.472879,1753.08,0.025879,64.853,0,,,
6.9428,0.277446,2052.68,0.026855,64.853,0,,,
6.966,0.206732,1393.27,0.026855,64.853,0,,,
6.9892,0.192285,1113.38,0.02002,64.853,0,,,
7.0124,0.207719,800.01,0.01416,64.853,0,,,
7.0356,0.218882,627.56,0.01123,64.853,0,,,
7.0589,0.203124,551.84,0.007324,64.853,0,,,
7.0821,0.239807,2104.51,0.030762,64.853,0,,,
7.1053,0.24741,2720.43,0.041016,64.853,0,,,
7.1285,0.232935,2517.62,0.041504,67.74,0,,,
7.1517,0.25016,1499.34,0.039551,64.853,0,,,
7.175,0.234914,563.65,0.016113,64.853,0,,,
7.1982,0.215137,340.7,0.005859,64.853,0,,,
7.2214,0.230828,727.54,0.027832,64.853,0,,,
7.2446,0.232147,2521.5,0.032715,64.853,0,,,
7.2678,0.213057,3125.06,0.032715,64.853,0,,,
7.2911,0.226688,1951.2,0.032715,64.853,0,,,
7.3143,0.249639,571.1,0.011719,64.853,0,,,
7.3375,0.430009,1485.87,0.009277,64.853,0,,,
7.3607,0.468726,1519.8,0.013184,169.506,1,,,-6.3589
7.3839,0.473804,1425.14,0.017578,64.853,0,,,
7.4072,0.454767,1809.7,0.017578,64.853,0,,,
7.4304,0.278731,1896.81,0.017578,64.853,0,,,
7.4536,0.218007,885.1,0.013672,64.853,0,,,
7.4768,0.186446,690.78,0.010254,64.853,0,,,
7.5,0.179818,634.45,0.010254,64.853,0,,,
7.5233,0.171162,688.07,0.006836,64.853,0,,,
7.5465,0.145483,823.12,0.010254,64.853,0,,,
7.5697,0.134352,1982.03,0.012207,67.489,0,,,
7.5929,0.124787,2970.55,0.010742,64.853,0,,,
7.6161,0.104804,2611.4,0.010254,64.853,0,,,
7.6394,0.091389,1040.29,0.006836,64.853,0,,,
7.6626,0.15646,2609.61,0.027832,64.853,0,,,
7.6858,0.163206,2600.69,0.035645,64.853,0,,,
7.709,0.163244,2251.29,0.068848,153.184,1,,,-1.6342
7.7322,0.164803,2629.22,0.074219,153.326,1,0.000929,0.009504,1.7365
7.7555,0.098104,3666.08,0.056152,160.043,1,0.042865,0.507398,1.8266
7.7787,0.069345,2751.66,0.05127,179.595,1,0.115137,0.343494,3.3009
7.8019,0.196208,1156.16,0.021484,182.126,1,0.013994,0.955463,-5.7434
7.8251,0.387675,1169.96,0.019531,179.55,1,0.014245,0.655841,-9.7912
7.8483,0.448056,1165.57,0.01416,142.152,1,0.2325,0.144499,-3.32
7.8716,0.4552,1252.07,0.016602,64.853,0,,,
7.8948,0.421803,1755.51,0.019043,64.853,0,,,
7.918,0.260702,1692.5,0.021973,64.853,0,,,
7.9412,0.146815,1094.24,0.023926,408.333,0,,,
7.9644,0.155803,985.82,0.019043,408.333,0,,,
7.9877,0.147727,770.25,0.016602,121.326,1,,,5.193
8.0109,0.157219,683.2,0.012207,408.333,0,,,
8.0341,0.178088,815.45,0.012207,408.333,0,,,
8.0573,0.16039,1596.71,0.011719,408.333,0,,,
8.0805,0.171447,2030.51,0.008301,408.333,0,,,
8.1038,0.193185,1544.12,0.005371,408.333,0,,,
8.127,0.169239,562.57,0.00293,408.333,0,,,
8.1502,0.202231,1018.03,0.023926,64.853,0,,,
8.1734,0.230038,2804.03,0.040527,64.853,0,,,
8.1966,0.205495,2730.83,0.056641,322.577,1,,,3.3095
8.2199,0.214532,2588.37,0.056152,318.53,1,,,4.1349
8.2431,0.200127,3147.58,0.034668,408.333,0,,,
8.2663,0.149123,1573.02,0.018555,408.333,0,,,
8.2895,0.150424,709.62,0.002441,64.853,0,,,
8.3127,0.143143,1615.33,0.003418,64.853,0,,,
8.336,0.108246,2506.65,0.03418,64.853,0,,,
8.3592,0.109369,3261.84,0.04541,408.333,0,,,
8.3824,0.102395,3509.28,0.04834,408.333,0,,,
8.4056,0.078435,2420.47,0.0625,408.333,0,,,
8.4288,0.077349,1534.62,0.039551,408.333,0,,,
8.4521,0.071309,1643.44,0.033691,351.118,1,,,6.1121
8.4753,0.055457,1605.24,0.043945,347.858,1,0.009327,0.250099,3.0497
8.4985,0.052437,1719.71,0.037598,361.53,1,0.038545,0.055979,0.5752
8.5217,0.094665,2218.94,0.07373,352.884,1,0.024204,0.574133,-4.7706
8.5449,0.136033,3104.62,0.091309,169.835,1,0.700373,0.358634,-4.2073
8.5682,0.145888,2873.01,0.083984,408.333,0,,,
8.5914,0.153279,2456.6,0.077637,77.314,1,,,1.8028
8.6146,0.13641,1632.91,0.035156,89.275,1,0.143597,0.116466,4.6776
8.6378,0.096571,946.28,0.013184,90.851,1,0.017503,0.341994,4.8211
8.661,0.085346,799.99,0.012695,90.257,1,0.00656,0.123409,4.5066
8.6843,0.077164,3185.46,0.035156,89.934,1,0.003591,0.100696,3.084
8.7075,0.066295,4553.87,0.041992,90.799,1,0.009568,0.151523,3.6078
8.7307,0.059894,4500.94,0.042969,89.312,1,0.016506,0.101446,4.6607
8.7539,0.054259,2709.75,0.040527,89.549,1,0.002653,0.098734,4.5255
8.7771,0.139973,2647.96,0.036621,88.148,1,0.01577,0.882592,-2.6402
8.8004,0.184762,2747.18,0.046387,99.319,1,0.11918,0.27585,-0.2123
8.8236,0.206708,2446.07,0.053223,300.268,1,1.005781,0.11212,-0.712
8.8468,0.262102,2187.05,0.053223,303.245,1,0.009866,0.23632,3.0583
8.87,0.25203,2081.22,0.034668,319.859,1,0.053326,0.03918,5.75
8.8932,0.235296,1370.6,0.024414,390.085,0,,,
8.9165,0.246606,1143.08,0.018066,408.333,0,,,
8.9397,0.202145,1065.79,0.02002,391.777,0,,,
8.9629,0.18492,987.37,0.022461,381.7,0,,,
8.9861,0.196973,1078.85,0.016113,388.604,0,,,
9.0093,0.197478,1773.6,0.046875,388.027,0,,,
9.0326,0.196992,2708.56,0.063477,360.445,1,,,-3.5485
9.0558,0.208163,2810.74,0.061035,313.613,1,0.138954,0.055144,4.3042
9.079,0.183973,2114.0,0.061035,314.074,1,0.001468,0.123375,7.0147
9.1022,0.1565,845.78,0.027832,343.194,1,0.088611,0.16138,3.3846
9.1254,0.168211,555.91,0.006348,64.853,0,,,
9.1487,0.138653,464.03,0.030273,91.372,1,,,6.6875
9.1719,0.148491,2323.47,0.050781,64.853,0,,,
9.1951,0.150092,3969.9,0.05127,64.853,0,,,
9.2183,0.115567,3251.78,0.051758,394.953,0,,,
9.2415,0.122591,1354.17,0.024902,64.853,0,,,
9.2648,0.160111,2463.72,0.034668,64.853,0,,,
9.288,0.154982,2923.65,0.069336,408.333,0,,,
9.3112,0.163886,2775.94,0.097168,315.595,1,,,-2.6389
9.3344,0.165297,2621.31,0.111816,317.09,1,0.004727,0.008573,0.5511
9.3576,0.117984,2540.37,0.104004,345.854,1,0.086777,0.334034,1.3434
9.3809,0.110364,2141.29,0.084473,166.556,1,0.699825,0.066741,4.5719
9.4041,0.103958,2404.15,0.077637,175.403,1,0.051747,0.059782,5.0766
9.4273,0.093836,2457.08,0.083008,175.719,1,0.001797,0.102346,5.1307
9.4505,0.087939,2544.13,0.077637,174.997,1,0.004117,0.064881,5.5805
9.4737,0.076177,2464.09,0.09082,174.289,1,0.004054,0.143334,1.2592
9.497,0.060592,2415.66,0.134766,172.637,1,0.009524,0.227915,-2.2766
9.5202,0.046234,3347.22,0.143066,170.052,0,,,
9.5434,0.031572,4017.33,0.141602,151.287,0,,,
9.5666,0.018973,3330.23,0.17627,136.571,0,,,
9.5898,0.103779,3298.28,0.161133,354.283,1,,,-2.0362
9.6131,0.129768,2973.62,0.149414,408.333,0,,,
9.6363,0.131638,2725.75,0.185059,284.064,1,,,2.4452
9.6595,0.132163,2748.02,0.211426,285.119,1,0.003706,0.003984,0.2093
9.6827,0.082791,4582.2,0.209961,288.598,1,0.01213,0.459369,-3.9089
9.7059,0.026852,4904.99,0.26416,275.462,0,,,
9.7292,0.016078,3943.37,0.277832,274.484,0,,,
9.7524,0.142999,3159.84,0.223633,283.488,1,,,0.3743
9.7756,0.174885,2830.18,0.197754,408.333,0,,,
9.7988,0.207769,2527.44,0.143066,297.365,1,,,-2.4997
9.822,0.270787,2340.52,0.08252,296.127,1,0.004173,0.263367,2.3661
9.8453,0.257389,2094.89,0.057129,318.536,1,0.072914,0.05073,3.8444
9.8685,0.257234,1775.89,0.044922,332.858,1,0.043973,0.000606,-0.6089
9.8917,0.268496,1879.54,0.033691,367.388,1,0.098625,0.042844,2.4331
9.9149,0.222602,1810.98,0.041992,176.74,1,0.700749,0.186902,3.1624
9.9381,0.208638,1792.24,0.044922,175.501,1,0.007037,0.064762,0.8177
9.9614,0.21959,1894.04,0.039551,357.402,1,0.682683,0.051148,5.1153
9.9846,0.184313,1881.65,0.045898,356.08,1,0.003705,0.174677,5.628
10.0078,0.177427,2205.02,0.036621,353.165,1,0.008221,0.038073,2.208
10.031,0.191498,2105.05,0.022949,377.033,1,0.065373,0.07628,7.624
10.0542,0.157771,1046.84,0.018555,397.578,0,,,
10.0775,0.16611,625.79,0.015137,408.333,0,,,
10.1007,0.214991,2653.79,0.040039,64.853,0,,,
10.1239,0.191873,2859.4,0.072266,311.396,1,,,-0.032
10.1471,0.195797,2682.43,0.081543,320.94,1,0.030186,0.020241,2.6954
10.1703,0.19417,3204.82,0.072754,324.128,1,0.009885,0.008342,9.2609
10.1936,0.12273,2610.56,0.044434,389.707,0,,,
10.2168,0.120709,1085.59,0.013184,64.853,0,,,
10.24,0.12166,1446.23,0.018066,64.853,0,,,
10.2632,0.113987,1796.69,0.04248,66.687,0,,,
10.2864,0.130399,2327.69,0.067383,338.884,1,,,1.153
10.3097,0.141463,2846.99,0.089355,154.946,1,0.744941,0.081395,-0.0873
10.3329,0.143883,2575.56,0.09668,155.948,1,0.006443,0.016963,3.6327
10.3561,0.144974,2250.09,0.091797,166.956,1,0.06818,0.007555,6.9205
10.3793,0.140329,2448.79,0.080566,175.196,1,0.048167,0.032565,6.6411
10.4025,0.131241,2697.96,0.08252,175.427,1,0.001319,0.066932,6.2475
10.4258,0.119202,2877.35,0.082031,175.021,1,0.00232,0.096139,6.1894
10.449,0.109111,2858.55,0.097656,174.071,1,0.005443,0.088398,2.0965
10.4722,0.151148,2968.4,0.123047,173.427,1,0.003703,0.323038,-3.0875
10.4954,0.147489,3037.05,0.120117,171.922,1,0.008718,0.024501,-3.5544
10.5186,0.139953,2778.79,0.116211,164.404,1,0.044708,0.052434,-4.1213
10.5419,0.131037,2291.88,0.108398,163.858,1,0.003322,0.065805,-1.4963
10.5651,0.048961,2255.78,0.103516,116.497,0,,,
10.5883,0.021236,2940.47,0.129883,152.892,0,,,
10.6115,0.022142,3563.95,0.222656,233.016,0,,,
10.6347,0.020198,4971.36,0.285156,235.227,0,,,
10.658,0.019251,5295.09,0.319824,172.146,0,,,
10.6812,0.018495,4772.31,0.331543,69.4,0,,,
10.7044,0.121404,3286.51,0.265625,174.249,1,,,-0.68
10.7276,0.168308,2828.63,0.19873,174.853,1,0.00346,0.3238,-0.1906
10.7508,0.205396,2447.71,0.147949,284.54,1,0.477531,0.198488,-0.5018
10.7741,0.240382,2293.83,0.108887,311.478,1,0.090394,0.156965,-2.8082
10.7973,0.245293,2363.95,0.076172,314.99,1,0.011212,0.020223,-1.7811
10.8205,0.241602,2097.63,0.069824,79.155,1,1.196695,0.015162,-0.6112
10.8437,0.248404,1881.8,0.064453,64.853,0,,,
10.8669,0.255511,1732.64,0.048828,69.43,0,,,
10.8902,0.242417,1647.12,0.049805,69.494,0,,,
10.9134,0.251605,1668.09,0.049805,69.162,0,,,
10.9366,0.256855,1902.35,0.048828,67.21,0,,,
10.9598,0.256169,2011.64,0.060059,66.576,0,,,
10.983,0.254069,2143.6,0.055176,64.853,0,,,
11.0063,0.255198,1873.68,0.039551,64.853,0,,,
11.0295,0.249542,988.89,0.030273,64.853,0,,,
11.0527,0.227323,553.27,0.014648,66.029,0,,,
11.0759,0.239452,495.92,0.008789,64.853,0,,,
11.0991,0.241747,1245.21,0.015137,64.853,0,,,
11.1224,0.234046,2758.65,0.020996,64.853,0,,,
11.1456,0.232897,2814.94,0.022949,64.853,0,,,
11.1688,0.231749,1373.32,0.023438,64.853,0,,,
11.192,0.244158,1439.48,0.04541,64.853,0,,,
11.2152,0.243519,2657.77,0.05957,66.182,0,,,
11.2385,0.262191,2570.42,0.069824,68.06,0,,,
11.2617,0.267988,2207.94,0.079102,68.336,0,,,
11.2849,0.251039,2222.26,0.055664,340.067,1,,,2.3019
11.3081,0.242901,2008.8,0.039551,64.853,0,,,
11.3313,0.234748,1883.33,0.037598,70.286,1,,,1.736
11.3546,0.219601,1959.9,0.036133,394.346,0,,,
11.3778,0.199506,1892.26,0.039062,408.333,0,,,
11.401,0.194042,1960.29,0.044922,394.804,0,,,
11.4242,0.172628,2197.46,0.043945,408.333,0,,,
11.4474,0.151372,2428.38,0.04541,408.333,0,,,
11.4707,0.132457,2558.49,0.037109,408.333,0,,,
11.4939,0.112449,2052.29,0.026367,64.853,0,,,
11.5171,0.093718,1380.08,0.018555,64.853,0,,,
11.5403,0.07552,1203.66,0.006836,64.853,0,,,
11.5635,0.071514,1285.3,0.013184,64.853,0,,,
11.5868,0.062789,3172.79,0.056641,64.853,0,,,
11.61,0.053838,4616.42,0.057129,64.853,0,,,
11.6332,0.047281,4630.95,0.061523,396.149,0,,,
11.6564,0.041068,2972.81,0.058105,64.853,0,,,
11.6796,0.284118,1813.74,0.021484,64.853,0,,,
11.7029,0.430212,1752.36,0.027344,408.333,0,,,
11.7261,0.470684,1489.4,0.035156,128.703,1,,,-1.0192
11.7493,0.48961,1487.38,0.059082,64.853,0,,,
11.7725,0.425903,1745.49,0.074219,64.853,0,,,
11.7957,0.315874,1614.04,0.082031,346.983,1,,,2.6756
11.819,0.267684,1450.21,0.084961,340.479,1,0.018922,0.165158,2.1792
11.8422,0.256272,1423.12,0.070801,327.701,1,0.038245,0.043561,0.4489
11.8654,0.250439,1584.47,0.055176,408.333,0,,,
11.8886,0.214312,1626.89,0.044922,388.193,0,,,
11.9118,0.219319,1648.19,0.047363,388.063,0,,,
11.9351,0.228413,1977.21,0.035645,408.333,0,,,
11.9583,0.196154,1788.4,0.03418,408.333,0,,,
11.9815,0.206318,1187.07,0.031738,408.333,0,,,
12.0047,0.214538,795.88,0.015137,64.853,0,,,
12.0279,0.200295,1363.49,0.041016,408.333,0,,,
12.0512,0.220488,2684.19,0.049316,408.333,0,,,
12.0744,0.224681,2772.88,0.055176,408.333,0,,,
12.0976,0.198413,2680.33,0.060547,408.333,0,,,
12.1208,0.187088,2592.2,0.033691,357.543,1,,,6.0764
12.144,0.166043,1356.74,0.019043,64.853,0,,,
12.1673,0.129724,892.17,0.013672,64.853,0,,,
12.1905,0.14704,1310.18,0.033691,64.853,0,,,
12.2137,0.172826,2099.63,0.063477,408.333,0,,,
12.2369,0.194928,2224.11,0.094727,408.333,0,,,
12.2601,0.230719,2145.38,0.119629,343.632,1,,,-1.0389
12.2834,0.235389,1901.85,0.118652,345.957,1,0.006742,0.020036,-0.1838
12.3066,0.213794,1866.46,0.112305,336.366,1,0.028112,0.096154,-0.5648
12.3298,0.190743,1901.27,0.109863,324.12,1,0.037082,0.113959,-1.0528
12.353,0.149025,2087.06,0.108398,177.167,1,0.586305,0.24557,-0.016
12.3762,0.116008,2232.6,0.114746,178.998,1,0.010281,0.249154,0.9331
12.3995,0.196174,2529.57,0.119629,174.006,1,0.028279,0.513586,-0.9526
12.4227,0.223332,2556.23,0.109863,171.903,1,0.012159,0.129476,0.5872
12.4459,0.234873,2331.73,0.088379,168.961,1,0.017261,0.050375,2.4708
12.4691,0.241212,1803.39,0.060547,89.347,1,0.616427,0.026632,3.2795
12.4923,0.176379,1076.53,0.034668,88.637,1,0.007981,0.310509,3.4926
12.5156,0.127881,873.84,0.018066,88.036,1,0.006798,0.318799,3.3516
12.5388,0.097975,1100.55,0.03418,87.993,1,0.000489,0.264823,3.088
12.562,0.080187,3249.89,0.055664,87.807,1,0.002116,0.199678,2.5814
12.5852,0.066632,4201.96,0.056152,87.513,1,0.00336,0.184654,3.1784
12.6084,0.060672,3790.78,0.060059,87.338,1,0.002002,0.093631,3.8366
12.6317,0.053386,1941.48,0.042969,87.947,1,0.006946,0.127766,3.6144
12.6549,0.159599,2859.69,0.041992,91.381,1,0.038307,0.997378,-0.6981
12.6781,0.246478,2561.39,0.047852,105.156,1,0.140169,0.427895,-0.2155
12.7013,0.30606,2042.73,0.056152,302.465,1,0.968103,0.215666,-1.4629
12.7245,0.353923,1784.86,0.061523,146.475,1,0.694923,0.145045,-1.287
12.7478,0.34434,1685.97,0.053223,141.762,1,0.032705,0.027448,-2.4054
12.771,0.31247,1536.91,0.055176,139.374,1,0.016985,0.097047,-3.2945
12.7942,0.289392,1671.34,0.046387,174.68,1,0.22484,0.076689,1.7613
12.8174,0.243681,1700.69,0.047852,176.647,1,0.011195,0.171498,1.7272
12.8406,0.22949,1743.77,0.04248,174.565,1,0.011858,0.059983,-0.4966
12.8639,0.23193,1953.65,0.038574,173.991,1,0.003292,0.010577,3.8982
12.8871,0.264403,2022.85,0.058105,174.135,1,0.000829,0.130852,-2.8268
12.9103,0.304154,2371.52,0.054199,399.415,0,,,
12.9335,0.324129,2307.72,0.044922,95.636,1,,,-1.538
12.9567,0.311679,1509.33,0.041016,89.199,1,0.06965,0.039163,-0.8022
12.98,0.272668,688.81,0.015625,90.082,1,0.009853,0.133519,-1.2142
13.0032,0.236088,509.72,0.008789,94.44,1,0.047236,0.1438,3.2653
13.0264,0.189026,697.45,0.040039,91.98,1,0.026395,0.221409,3.5789
13.0496,0.182912,2495.42,0.041016,93.146,1,0.012597,0.03288,2.0211
13.0728,0.162647,3421.69,0.041992,99.419,1,0.065153,0.117289,6.378
13.0961,0.126793,2402.31,0.041504,98.695,1,0.007309,0.247741,7.9258
13.1193,0.129009,1064.52,0.01416,94.763,1,0.040651,0.017322,3.9833
13.1425,0.164056,2807.76,0.051758,64.853,0,,,
13.1657,0.159234,2945.33,0.084473,369.997,1,,,-3.2541
13.1889,0.172549,2695.37,0.120605,318.487,1,0.149631,0.080261,-4.8457
13.2122,0.17856,2594.14,0.141113,320.006,1,0.004756,0.034242,-2.4796
13.2354,0.139819,2427.82,0.12793,160.675,1,0.662941,0.243365,0.9404
13.2586,0.135474,2261.48,0.116211,174.588,1,0.082999,0.031568,2.7246
13.2818,0.125471,2289.27,0.099609,176.306,1,0.009796,0.076663,5.0439
13.305,0.112183,2535.62,0.100586,176.148,1,0.0009,0.11183,5.7533
13.3283,0.104078,2863.05,0.102051,174.823,1,0.007548,0.074958,5.2419
13.3515,0.097422,2910.84,0.116699,174.355,1,0.002685,0.066063,-2.6345
13.3747,0.084627,2795.07,0.144531,172.772,1,0.009121,0.14056,-0.2712
13.3979,0.07086,3120.32,0.137207,171.033,1,0.010113,0.177089,-2.0911
13.4211,0.05404,3076.26,0.125488,150.485,1,0.127822,0.269339,-3.2619
13.4444,0.032942,2291.67,0.118164,143.081,0,,,
13.4676,0.121953,3101.11,0.100098,115.306,1,,,-0.0026
13.4908,0.132968,2913.9,0.098145,383.066,0,,,
13.514,0.134343,2653.61,0.163574,307.26,1,,,2.7342
13.5372,0.134483,3272.18,0.210938,305.428,1,0.005981,0.001043,-3.7468
13.5605,0.059793,4831.27,0.227051,284.083,1,0.072415,0.768912,-3.2216
13.5837,0.023566,4576.59,0.25,272.438,0,,,
13.6069,0.058159,3093.22,0.232422,264.117,1,,,-7.3652
13.6301,0.156369,3125.16,0.178711,76.611,1,1.100622,0.915596,0.0621
13.6533,0.189992,2738.61,0.151855,366.384,1,1.308247,0.194153,0.2935
13.6766,0.241008,2313.58,0.121582,290.568,1,0.230814,0.236731,-1.358
13.6998,0.273208,2112.24,0.06543,291.833,1,0.004346,0.125241,3.2513
13.723,0.249137,1818.25,0.051758,243.741,1,0.179592,0.092168,0.6557
13.7462,0.246349,1753.85,0.042969,393.626,0,,,
13.7694,0.23101,1945.72,0.04248,177.335,1,,,2.3868
13.7927,0.198675,1993.94,0.039551,175.526,1,0.010251,0.150505,1.0377
13.8159,0.197556,2145.3,0.040527,175.175,1,0.002002,0.005647,0.0393
13.8391,0.199454,2300.3,0.039062,174.643,1,0.00304,0.009561,4.875
13.8623,0.167613,2199.88,0.032715,173.622,1,0.005865,0.173493,4.0287
13.8855,0.167156,2288.5,0.026367,399.417,0,,,
13.9088,0.171429,1825.22,0.018555,408.333,0,,,
13.932,0.142778,885.44,0.010254,408.333,0,,,
13.9552,0.17667,1221.28,0.02832,64.853,0,,,
13.9784,0.197616,2856.57,0.047363,64.853,0,,,
14.0016,0.177527,2798.72,0.084473,320.918,1,,,0.9367
14.0249,0.184565,2740.23,0.089844,317.495,1,0.010723,0.038874,4.7556
14.0481,0.159202,3299.02,0.067871,310.838,1,0.021191,0.147557,10.0367
14.0713,0.112217,2024.37,0.052734,408.333,0,,,
14.0945,0.11637,1272.9,0.016113,64.853,0,,,
14.1177,0.114834,1851.75,0.025879,64.853,0,,,
14.141,0.108656,2191.75,0.068848,400.115,0,,,
14.1642,0.122987,2605.64,0.087402,400.451,0,,,
14.1874,0.127018,2819.09,0.104492,158.27,1,,,-0.6493
14.2106,0.120728,2428.08,0.116699,159.601,1,0.008375,0.050783,4.5065
14.2338,0.116007,2764.89,0.102539,176.335,1,0.099629,0.039887,4.2836
14.2571,0.108944,3171.42,0.105957,177.23,1,0.005062,0.062792,5.8662
14.2803,0.100836,3109.97,0.112305,175.738,1,0.008454,0.077303,6.0747
14.3035,0.096929,3051.07,0.114258,174.632,1,0.006315,0.039512,6.3811
14.3267,0.156252,2942.91,0.115723,173.182,1,0.00834,0.468621,-6.5025
14.3499,0.229382,2595.57,0.103027,171.98,1,0.006967,0.379275,-0.4387
14.3732,0.241611,2510.3,0.081543,212.737,1,0.211883,0.051927,1.0189
14.3964,0.242609,2273.62,0.056152,213.421,1,0.003209,0.004124,4.3205
14.4196,0.204696,1763.37,0.032227,94.068,1,0.776308,0.169518,4.2975
14.4428,0.105867,1485.17,0.039062,93.056,1,0.01081,0.636448,2.8605
14.466,0.056869,1861.92,0.09082,92.459,1,0.006439,0.602183,-2.2001
14.4893,0.033685,3821.57,0.20459,92.709,0,,,
14.5125,0.022204,5080.55,0.280762,93.664,0,,,
14.5357,0.019405,5212.81,0.312988,395.007,0,,,
14.5589,0.018255,4295.35,0.312988,172.145,0,,,
14.5821,0.309549,2836.09,0.211914,173.672,1,,,-7.5079
14.6054,0.44623,1895.75,0.134766,168.738,1,0.028822,0.361697,-8.6902
14.6286,0.48468,1337.19,0.09082,108.671,1,0.433059,0.082606,-2.4982
14.6518,0.495024,1495.52,0.052246,64.853,0,,,
14.675,0.406248,1924.85,0.038574,66.208,0,,,
14.6982,0.267329,1917.31,0.048828,66.241,0,,,
14.7215,0.219411,2080.05,0.054199,67.344,0,,,
14.7447,0.234829,2109.33,0.05127,64.853,0,,,
14.7679,0.218775,2105.41,0.056641,64.853,0,,,
14.7911,0.228043,1985.42,0.053223,64.853,0,,,
14.8143,0.263258,1951.86,0.057129,64.853,0,,,
14.8376,0.289746,2434.66,0.048828,64.853,0,,,
14.8608,0.33422,2272.08,0.041016,68.087,0,,,
14.884,0.356705,1627.03,0.030762,89.513,1,,,-1.1489
14.9072,0.339378,715.44,0.015137,94.915,1,0.058582,0.049786,-1.2623
14.9304,0.31241,387.3,0.008789,91.509,1,0.036536,0.08275,0.6518
14.9537,0.28451,417.45,0.013184,81.09,1,0.120733,0.093478,1.6275
14.9769,0.247554,1605.21,0.024902,79.459,1,0.020317,0.138917,2.5395
15.0001,0.241299,2727.83,0.024902,64.853,0,,,
15.0233,0.247675,2332.89,0.024414,64.853,0,,,
15.0465,0.224164,919.08,0.022949,64.853,0,,,
15.0698,0.401589,1274.94,0.01416,64.853,0,,,
15.093,0.468594,1593.04,0.019043,64.853,0,,,
15.1162,0.479766,1462.13,0.029785,111.449,1,,,-0.9382
15.1394,0.480925,1594.63,0.037598,64.853,0,,,
15.1626,0.356392,1910.36,0.041016,64.853,0,,,
15.1859,0.252379,1669.09,0.044922,64.853,0,,,
15.2091,0.207645,1742.61,0.044434,64.853,0,,,
15.2323,0.208241,1906.36,0.042969,64.853,0,,,
15.2555,0.185488,2067.66,0.04834,408.333,0,,,
15.2787,0.177119,1963.4,0.055176,67.047,0,,,
15.302,0.171853,1888.35,0.05957,66.692,0,,,
15.3252,0.148718,2246.77,0.053223,281.133,1,,,0.6362
15.3484,0.125549,2351.03,0.040527,282.72,1,0.00563,0.168949,4.3664
15.3716,0.103289,1776.26,0.02832,292.775,1,0.034943,0.194551,4.1225
15.3948,0.122148,2016.64,0.034668,64.853,0,,,
15.418,0.154207,2693.17,0.04248,93.609,1,,,-0.0628
15.4413,0.177803,2431.84,0.050293,299.982,1,1.048669,0.14214,-3.048
15.4645,0.183655,2005.46,0.057129,153.233,1,0.64759,0.032378,1.0978
15.4877,0.158782,2791.76,0.047852,91.081,1,0.50879,0.14527,0.522
15.5109,0.121101,2865.42,0.040527,88.9,1,0.024234,0.269262,-0.8942
15.5341,0.078573,1517.01,0.046875,87.717,1,0.013403,0.425973,2.3466
15.5574,0.352739,1400.3,0.041992,88.455,1,0.008378,1.27131,-3.5564
15.5806,0.434394,1279.16,0.038574,215.069,1,0.834298,0.207475,-6.4516
15.6038,0.452492,1293.48,0.04834,117.401,1,0.587534,0.040813,0.2582
15.627,0.462175,1636.43,0.044434,64.853,0,,,
15.6502,0.316494,1815.79,0.047852,64.853,0,,,
15.6735,0.198079,1781.74,0.053223,408.333,0,,,
15.6967,0.180069,1790.24,0.047363,176.08,1,,,0.0757
15.7199,0.184354,1709.33,0.041992,175.932,1,0.000843,0.023514,1.8164
15.7431,0.174681,1755.13,0.04834,174.752,1,0.006726,0.05388,0.7034
15.7663,0.190451,1989.79,0.044922,174.36,1,0.00225,0.086379,1.471
15.7896,0.191653,2102.81,0.041504,173.698,1,0.003805,0.006291,5.6441
15.8128,0.171133,2048.78,0.036621,408.333,0,,,
15.836,0.186481,1896.9,0.02002,408.333,0,,,
15.8592,0.188788,1118.3,0.009277,408.333,0,,,
15.8824,0.171802,583.66,0.007812,408.333,0,,,
15.9057,0.219552,2472.9,0.039551,64.853,0,,,
15.9289,0.225718,2815.9,0.050293,310.599,1,,,2.713
15.9521,0.207757,2635.51,0.055664,321.32,1,0.033932,0.082868,5.8217
15.9753,0.218473,2897.06,0.050781,325.846,1,0.013986,0.050284,6.5708
15.9985,0.181398,2298.38,0.019531,408.333,0,,,
16.0218,0.146841,922.87,0.015625,64.853,0,,,
16.045,0.15597,1604.32,0.022461,64.853,0,,,
16.0682,0.148276,2144.15,0.039551,408.333,0,,,
16.0914,0.13813,2246.72,0.067383,408.333,0,,,
16.1146,0.150585,2450.2,0.077637,408.333,0,,,
16.1379,0.144844,2293.62,0.083984,160.557,1,,,3.0899
16.1611,0.130874,2174.59,0.091797,175.301,1,0.0878,0.101337,3.3985
16.1843,0.126745,2301.22,0.083008,175.626,1,0.001852,0.032055,5.0356
16.2075,0.114751,2526.62,0.093262,174.755,1,0.004975,0.099334,2.2806
16.2307,0.107073,2689.86,0.109375,174.36,1,0.002264,0.069229,1.4352
16.254,0.106633,2766.71,0.116211,173.537,1,0.004731,0.004112,-1.5275
16.2772,0.216883,2575.31,0.118164,173.078,1,0.002648,0.681573,-1.1357
16.3004,0.240643,2498.67,0.102051,173.333,1,0.001471,0.10386,0.9437
16.3236,0.248087,2262.15,0.070801,89.38,1,0.639125,0.030465,2.8291
16.3468,0.249516,1691.17,0.041016,89.436,1,0.000633,0.005744,3.4111
16.3701,0.158367,1059.64,0.020508,88.784,1,0.007316,0.446936,4.245
16.3933,0.113413,840.75,0.012207,88.351,1,0.004897,0.330814,3.0118
16.4165,0.086993,1619.61,0.040527,88.695,1,0.00389,0.263664,2.7691
16.4397,0.071645,3932.75,0.046387,89.002,1,0.003452,0.193501,3.8171
16.4629,0.062538,4492.74,0.049316,87.756,1,0.014096,0.135731,4.2553
16.4862,0.0566,3558.16,0.051758,89.42,1,0.018785,0.099685,4.1058
16.5094,0.071762,2054.87,0.046875,87.723,1,0.019162,0.236236,-5.7528
16.5326,0.201739,2897.77,0.058594,87.542,1,0.002063,0.950468,-5.197
16.5558,0.261627,2472.68,0.066895,345.719,1,1.191785,0.258491,-0.8018
16.579,0.314536,1993.04,0.069824,152.75,1,0.774245,0.183658,-1.7766
16.6023,0.346059,1907.29,0.048828,145.702,1,0.047232,0.09544,-1.1074
16.6255,0.306972,1866.36,0.04541,145.331,1,0.002553,0.119712,-0.9832
16.6487,0.279222,1992.88,0.044922,152.57,1,0.048599,0.094678,-1.8816
16.6719,0.252426,2097.18,0.043945,175.58,1,0.140243,0.100801,2.5992
16.6951,0.21783,2036.66,0.048828,175.917,1,0.001916,0.147136,2.6084
16.7184,0.214947,2239.5,0.048828,175.327,1,0.003359,0.013324,1.0143
16.7416,0.238446,2283.69,0.054199,173.968,1,0.007777,0.103659,0.8605
16.7648,0.276116,2413.39,0.05957,400.206,0,,,
16.788,0.311343,2470.59,0.051758,408.333,0,,,
16.8112,0.325545,2103.64,0.036621,89.486,1,,,-0.915
16.8345,0.306713,1000.44,0.02002,88.998,1,0.005464,0.059572,-0.2178
16.8577,0.265471,521.22,0.007812,92.809,1,0.041919,0.144157,-0.0899
16.8809,0.232149,438.13,0.005371,90.273,1,0.027697,0.133926,4.1485
16.9041,0.199071,1080.49,0.043945,94.211,1,0.042693,0.153414,4.029
16.9273,0.187829,2939.37,0.042969,98.542,1,0.044936,0.058112,2.2599
16.9506,0.170412,3289.22,0.043457,91.826,1,0.07056,0.097237,7.0515
16.9738,0.136838,1843.96,0.044922,96.747,1,0.05219,0.218544,6.3468
16.997,0.155559,1143.38,0.020508,99.752,1,0.030587,0.128046,-1.5929
17.0202,0.176568,2822.2,0.064941,65.073,0,,,
17.0434,0.171166,2795.54,0.100098,318.268,1,,,-4.2717
17.0667,0.182005,2566.67,0.118652,317.425,1,0.00265,0.061379,-2.3345
17.0899,0.167628,2434.42,0.127441,227.987,1,0.327965,0.082238,-0.4652
17.1131,0.133716,2393.61,0.10498,408.333,0,,,
17.1363,0.130172,2745.41,0.091797,175.514,1,,,4.2251
17.1595,0.121546,2882.91,0.094238,176.623,1,0.006302,0.068535,5.5898
17.1828,0.111467,2929.85,0.106934,174.801,1,0.010371,0.086511,5.2799
17.206,0.106941,3090.8,0.117676,173.911,1,0.005106,0.041443,4.2116
17.2292,0.098246,3098.78,0.138672,173.409,1,0.002888,0.084751,-2.8091
17.2524,0.085011,2984.44,0.154297,172.354,1,0.006105,0.144443,-0.0737
17.2756,0.069715,3108.6,0.146973,166.399,1,0.035157,0.197718,-2.6098
17.2989,0.050752,2825.75,0.139648,149.094,1,0.1097,0.314829,-2.2191
17.3221,0.064464,2540.22,0.136719,144.875,1,0.028702,0.238034,-7.8793
17.3453,0.125871,3053.46,0.117676,141.527,1,0.023386,0.645243,1.0571
17.3685,0.131258,2813.28,0.103516,365.785,1,0.884106,0.041901,3.953
17.3917,0.132469,2513.56,0.183105,284.943,1,0.248466,0.009185,-0.4118
17.415,0.119609,3861.85,0.209473,285.565,1,0.00218,0.102026,-6.4645
17.4382,0.04415,4830.76,0.227051,294.113,0,,,
17.4614,0.020503,4007.36,0.282715,77.612,0,,,
17.4846,0.088676,3355.8,0.229004,268.087,1,,,-7.1701
17.5078,0.163366,2980.83,0.182617,172.346,1,0.43476,0.592679,-0.9325
17.5311,0.20501,2587.27,0.161621,295.728,1,0.527191,0.226091,-0.4116
17.5543,0.249863,2230.52,0.106445,295.446,1,0.000954,0.197213,-0.5394
17.5775,0.273838,2172.78,0.061035,292.364,1,0.010487,0.091558,3.1995
17.6007,0.255698,1890.06,0.049805,399.519,0,,,
17.6239,0.247633,1827.28,0.046875,394.561,0,,,
17.6472,0.235443,1971.57,0.040527,408.333,0,,,
17.6704,0.201316,2099.22,0.046387,173.689,1,,,1.894
17.6936,0.202833,2209.81,0.044434,175.283,1,,,0.3304
17.7168,0.201837,2066.42,0.041504,408.333,0,,,
17.74,0.169906,2086.33,0.041992,408.333,0,,,
17.7633,0.176516,2254.04,0.03125,408.333,0,,,
17.7865,0.171611,1673.77,0.024902,408.333,0,,,
17.8097,0.142969,971.25,0.017578,292.596,1,,,4.0327
17.8329,0.195482,1916.24,0.036621,64.853,0,,,
17.8561,0.199633,2834.95,0.058105,66.497,0,,,
17.8794,0.183747,2757.69,0.095703,317.206,1,,,0.0713
17.9026,0.195951,2984.23,0.092285,318.409,1,0.003788,0.064279,5.4207
17.9258,0.14477,3173.03,0.062988,353.713,1,0.105051,0.300426,8.0774
17.949,0.113087,1514.51,0.040039,408.333,0,,,
17.9722,0.120928,1173.25,0.005371,64.853,0,,,
17.9955,0.105884,1708.01,0.031738,64.853,0,,,
18.0187,0.106725,2466.07,0.071289,408.333,0,,,
18.0419,0.124601,2686.0,0.092285,408.333,0,,,
18.0651,0.127147,2457.48,0.109863,408.333,0,,,
18.0883,0.132362,2396.37,0.10791,158.093,1,,,5.1438
18.1116,0.136433,2667.23,0.098145,176.802,1,0.111727,0.03029,3.6719
18.1348,0.127761,2671.83,0.096191,177.387,1,0.003306,0.065644,2.7555
18.158,0.119443,2760.86,0.108398,179.224,1,0.010299,0.067297,5.6865
18.1812,0.110157,2948.38,0.123047,179.387,1,0.000913,0.080894,5.709
18.2044,0.194362,3059.09,0.122559,174.02,1,0.030377,0.553038,-1.7227
18.2277,0.231263,2733.8,0.120605,173.316,1,0.004049,0.173398,1.0214
18.2509,0.237962,2651.61,0.094727,200.102,1,0.14346,0.028556,2.2777
18.2741,0.236926,2365.69,0.061035,199.676,1,0.002129,0.004366,4.2438
18.2973,0.163224,2037.95,0.037109,93.412,1,0.725136,0.368372,3.7627
18.3205,0.089251,1645.49,0.036133,92.829,1,0.006257,0.585979,1.3173
18.3438,0.049951,1690.84,0.112305,92.37,0,,,
18.367,0.028959,4455.41,0.211426,92.632,0,,,
18.3902,0.021055,5279.0,0.269531,229.409,0,,,
18.4134,0.019003,5135.28,0.3125,172.226,0,,,
18.4366,0.064026,3687.17,0.305176,172.291,1,,,-7.1565
18.4599,0.173425,2982.95,0.212891,175.245,1,0.017003,0.921451,-0.74
18.4831,0.243166,2447.98,0.162598,365.793,1,0.704376,0.334817,-0.3579
18.5063,0.286386,2032.93,0.118164,153.233,1,0.819073,0.163233,-0.4207
18.5295,0.299863,2162.63,0.062988,148.72,1,0.029888,0.045974,-3.2601
18.5527,0.281048,2103.79,0.05957,148.552,1,0.001134,0.064777,-3.5005
18.576,0.255949,1891.4,0.058594,156.614,1,0.052838,0.093481,-2.0723
18.5992,0.225415,2014.96,0.0625,69.088,0,,,
18.6224,0.23171,2145.87,0.058594,64.853,0,,,
18.6456,0.237916,2143.67,0.061035,64.853,0,,,
18.6688,0.242976,2228.28,0.060059,64.853,0,,,
18.6921,0.284109,2389.97,0.054688,67.351,0,,,
18.7153,0.324789,2125.48,0.041504,64.853,0,,,
18.7385,0.34378,1783.92,0.032227,101.283,1,,,-3.0812
18.7617,0.341794,1090.43,0.022461,94.574,1,0.068509,0.005791,-1.4267
18.7849,0.34417,631.18,0.027832,89.706,1,0.052831,0.006926,-2.0147
18.8082,0.319787,2100.12,0.032715,95.27,1,0.060152,0.073449,0.0736
18.8314,0.295687,2345.48,0.040527,96.344,1,0.011212,0.078313,1.0598
18.8546,0.283634,2123.01,0.04834,77.173,1,0.220964,0.041612,2.6523
18.8778,0.253656,2639.73,0.037109,65.879,0,,,
18.901,0.239567,1984.98,0.032227,64.853,0,,,
18.9243,0.227961,1102.15,0.037109,69.731,0,,,
18.9475,0.257246,2370.48,0.051758,65.196,0,,,
18.9707,0.262736,2546.28,0.050781,64.853,0,,,
18.9939,0.257507,2090.41,0.058105,64.853,0,,,
19.0171,0.253974,1364.57,0.061035,67.477,0,,,
19.0404,0.224886,1424.91,0.047363,65.321,0,,,
19.0636,0.201274,1460.63,0.054199,65.211,0,,,
19.0868,0.181377,1613.87,0.060547,178.159,1,,,-2.7238
19.11,0.169839,1726.81,0.056641,88.209,1,0.675377,0.065702,0.0187
19.1332,0.157713,1819.81,0.059082,176.064,1,0.664878,0.074037,-1.6723
19.1565,0.152691,1837.59,0.061523,175.406,1,0.003747,0.032357,-0.8637
19.1797,0.155915,1687.26,0.055176,175.124,1,0.001609,0.020889,1.3403
19.2029,0.16498,1604.35,0.053223,173.222,1,0.010916,0.056501,3.4015
19.2261,0.174054,1619.6,0.046875,156.664,1,0.100387,0.05353,1.7675
19.2493,0.172241,1408.81,0.039551,150.496,1,0.040161,0.010472,4.3264
19.2726,0.155392,1373.7,0.041992,140.018,1,0.072135,0.102851,0.8617
19.2958,0.131664,1571.41,0.062988,133.932,1,0.044432,0.16532,-4.3575
19.319,0.094042,1714.37,0.07666,133.551,1,0.00285,0.333374,-1.413
19.3422,0.057677,1768.8,0.094238,145.322,1,0.084419,0.479375,0.1021
19.3654,0.046989,1821.57,0.092285,353.218,0,,,
19.3887,0.040084,1803.36,0.07373,176.197,0,,,
19.4119,0.139727,1631.45,0.069336,174.565,1,,,-16.0444
19.4351,0.389902,1977.81,0.048828,320.725,1,0.590202,0.944721,-5.863
19.4583,0.436125,1724.81,0.051758,157.717,1,0.681414,0.111916,-5.2161
19.4815,0.449491,1611.05,0.069824,64.853,0,,,
19.5048,0.443624,2393.1,0.056641,80.421,1,,,2.8117
19.528,0.315684,2540.92,0.055176,67.985,0,,,
19.5512,0.345818,2066.84,0.04248,389.586,0,,,
19.5744,0.401667,1870.12,0.010254,64.853,0,,,
19.5976,0.465656,1861.68,0.008789,64.853,0,,,
19.6209,0.509407,1731.38,0.004395,64.853,0,,,
19.6441,0.509135,1547.13,0.004883,64.853,0,,,
19.6673,0.540042,1653.63,0.005859,64.853,0,,,
19.6905,0.558119,1696.01,0.004395,64.853,0,,,
19.7137,0.540946,1497.38,0.006836,64.853,0,,,
19.737,0.57351,1447.54,0.006348,64.853,0,,,
19.7602,0.57879,1341.34,0.005371,64.853,0,,,
19.7834,0.553855,1778.16,0.011719,64.853,0,,,
19.8066,0.592197,2263.18,0.009277,64.853,0,,,
19.8298,0.580923,2025.85,0.008301,408.333,0,,,
19.8531,0.543351,1804.58,0.008789,408.333,0,,,
19.8763,0.567502,1338.71,0.003418,64.853,0,,,
19.8995,0.530567,1072.98,0.003418,64.853,0,,,
19.9227,0.499379,1166.45,0.007812,64.853,0,,,
19.9459,0.529637,1685.68,0.007324,64.853,0,,,
19.9692,0.495962,1831.12,0.007812,64.853,0,,,
19.9924,0.480605,2003.53,0.009766,408.333,0,,,
20.0156,0.48702,1979.44,0.006348,64.853,0,,,
20.0388,0.42655,1849.83,0.008789,408.333,0,,,
20.062,0.383891,1821.24,0.010254,408.333,0,,,
20.0853,0.342689,1809.34,0.012207,369.832,1,,,4.0062
20.1085,0.264514,1772.97,0.023438,391.457,0,,,
20.1317,0.236708,1955.55,0.062988,179.925,1,,,-0.8877
20.1549,0.241066,2740.43,0.086914,177.01,1,0.016338,0.018243,-3.7744
20.1781,0.216892,2766.39,0.111816,172.198,1,0.027558,0.10557,-2.6539
20.2014,0.210333,2500.76,0.111816,86.778,1,0.659678,0.030705,-0.0012
20.2246,0.190011,2504.05,0.080078,87.411,1,0.007276,0.101525,0.605
20.2478,0.138591,2357.77,0.07666,87.548,1,0.001557,0.312959,2.7015
20.271,0.137089,2471.77,0.068848,88.293,1,0.008474,0.0109,1.7328
20.2942,0.146493,2877.41,0.080566,87.789,1,0.005724,0.06632,3.2434
20.3175,0.156854,3221.57,0.093262,87.037,1,0.008594,0.068311,4.2084
20.3407,0.14956,3107.78,0.09375,87.218,1,0.002072,0.047604,1.1753
20.3639,0.128205,2514.34,0.080078,87.23,1,0.000135,0.153767,1.3864
20.3871,0.152345,2421.41,0.089355,86.867,1,0.004173,0.172091,-6.162
20.4103,0.208792,2615.25,0.090332,86.791,1,0.000869,0.312606,-2.6245
20.4336,0.240376,2359.43,0.089844,142.613,1,0.486672,0.140636,-1.4256
20.4568,0.283878,2242.94,0.086914,277.244,1,0.641316,0.165955,-1.5186
20.48,0.287927,2259.99,0.076172,286.169,1,0.031682,0.014165,4.4268
20.5032,0.254306,2521.21,0.109375,178.111,1,0.465486,0.12401,1.4172
20.5264,0.25406,3566.26,0.101562,363.661,1,0.684974,0.000967,0.5625
20.5497,0.229033,3725.54,0.118652,408.333,0,,,
20.5729,0.201068,3491.53,0.097656,381.813,0,,,
20.5961,0.210678,3074.72,0.040527,344.174,1,,,3.4488
20.6193,0.213399,1793.6,0.056641,390.383,0,,,
20.6425,0.216216,2602.25,0.060547,408.333,0,,,
20.6658,0.239377,2705.56,0.067871,318.804,1,,,-2.1363
20.689,0.232311,2299.9,0.08252,317.179,1,0.005112,0.029958,1.9407
20.7122,0.207263,2216.78,0.060059,156.381,1,0.6791,0.113968,-0.9758
20.7354,0.209028,2402.2,0.034668,156.322,1,0.00038,0.008481,2.9767
20.7586,0.183258,2054.01,0.033691,156.836,1,0.003285,0.131381,5.7974
20.7819,0.164517,2013.81,0.041992,157.612,1,0.004934,0.107782,2.859
20.8051,0.171668,3481.86,0.034668,388.068,0,,,
20.8283,0.137832,3160.93,0.035645,396.243,0,,,
20.8515,0.125587,1572.99,0.033203,397.573,0,,,
20.8747,0.173239,2330.28,0.037109,64.853,0,,,
20.898,0.18516,3112.65,0.059082,67.247,0,,,
20.9212,0.204059,2899.68,0.083984,314.121,1,,,0.8928
20.9444,0.216851,2538.86,0.097168,360.914,1,0.138637,0.060779,4.3462
20.9676,0.179051,2540.43,0.102051,184.256,1,0.648084,0.190954,0.5689
20.9908,0.144656,2262.36,0.109375,182.417,1,0.010032,0.212505,-0.3696
21.0141,0.108021,2663.67,0.097168,178.213,1,0.023311,0.289978,2.884
21.0373,0.067167,2817.5,0.095215,168.968,1,0.053261,0.466394,3.5819
21.0605,0.046177,2599.27,0.074707,301.589,0,,,
21.0837,0.04027,2371.11,0.047363,306.278,0,,,
21.1069,0.029408,2775.55,0.117188,308.115,0,,,
21.1302,0.028423,4005.04,0.155273,367.91,0,,,
21.1534,0.029252,4076.83,0.226074,408.333,0,,,
21.1766,0.027625,4013.95,0.302246,337.36,0,,,
21.1998,0.096695,4082.41,0.277832,369.107,1,,,-4.6905
21.223,0.133716,3130.5,0.239258,368.46,1,0.001754,0.32134,0.9226
21.2463,0.135043,2847.36,0.211914,305.045,1,0.188314,0.009877,2.338
21.2695,0.135218,2793.42,0.220215,303.032,1,0.00662,0.001297,-0.5148
21.2927,0.097597,4360.07,0.217285,290.148,1,0.043438,0.323181,-4.7891
21.3159,0.029141,4748.4,0.234375,275.821,0,,,
21.3391,0.016553,3404.33,0.227051,275.082,0,,,
21.3624,0.124309,3281.98,0.177734,145.617,1,,,-2.4466
21.3856,0.184712,2930.91,0.13623,296.174,1,0.681577,0.390932,-0.0465
21.4088,0.227914,2416.81,0.128906,290.811,1,0.018274,0.209397,-2.1495
21.432,0.292814,2187.68,0.086914,288.937,1,0.006464,0.249267,-0.4927
21.4552,0.288739,2323.4,0.05127,293.154,1,0.014486,0.014014,3.2824
21.4785,0.266853,2141.08,0.041016,331.879,1,0.123915,0.078782,1.5309
21.5017,0.265966,1506.1,0.016602,330.633,1,0.003762,0.003332,2.7905
21.5249,0.213126,894.86,0.013184,301.934,1,0.090739,0.220583,5.21
21.5481,0.195633,719.9,0.010742,199.865,1,0.406811,0.085591,1.5363
21.5713,0.224588,1658.29,0.024902,225.536,1,0.120689,0.137807,1.9828
21.5946,0.219823,2738.28,0.039551,215.975,1,0.043308,0.021445,2.4858
21.6178,0.221165,2621.34,0.054688,346.643,1,0.464499,0.00609,0.5499
21.641,0.237047,2351.29,0.071777,348.202,1,0.004486,0.06932,3.103
21.6642,0.20376,2881.25,0.065918,367.601,1,0.054203,0.151029,6.5579
21.6874,0.180689,3549.79,0.086914,344.317,1,0.065413,0.120018,1.6682
21.7107,0.213348,3567.96,0.106934,408.333,0,,,
21.7339,0.204919,3098.66,0.115234,408.333,0,,,
21.7571,0.227983,2636.58,0.119141,408.333,0,,,
21.7803,0.238593,2467.06,0.095215,408.333,0,,,
21.8035,0.191336,2512.24,0.063477,155.658,1,,,-0.1862
21.8268,0.1741,2283.31,0.04248,154.094,1,0.010101,0.094327,-1.8671
21.85,0.145884,1676.0,0.041504,153.835,1,0.001679,0.176358,1.2928
21.8732,0.123729,3060.05,0.070801,167.109,1,0.082716,0.164347,-1.0997
21.8964,0.143483,3634.75,0.10498,184.553,1,0.099212,0.147848,1.9957
21.9196,0.150744,3547.28,0.153809,175.522,1,0.050161,0.049362,3.3289
21.9429,0.138704,3847.23,0.232422,174.333,1,0.0068,0.083195,-0.5873
21.9661,0.121633,4391.34,0.258789,173.342,1,0.0057,0.131144,-2.4146
21.9893,0.093353,4940.22,0.261719,174.078,1,0.00424,0.263091,4.9517
22.0125,0.059961,5227.61,0.302734,200.45,1,0.140825,0.435606,3.6696
22.0357,0.051531,5353.9,0.310059,355.286,1,0.557229,0.151222,-0.8389
22.059,0.049839,5512.4,0.335449,355.397,0,,,
22.0822,0.127557,4211.37,0.337891,381.28,0,,,
22.1054,0.151507,3315.27,0.267578,408.333,0,,,
22.1286,0.179355,2800.02,0.177246,218.81,1,,,2.8453
22.1518,0.1978,2346.57,0.108398,76.65,1,0.96229,0.09781,5.8208
22.1751,0.170643,2676.9,0.093262,182.318,1,0.816066,0.147412,6.9843
22.1983,0.150907,2888.59,0.09668,182.44,1,0.000669,0.122759,5.2343
22.2215,0.115584,2758.78,0.174805,182.592,1,0.000833,0.265095,-5.0946
22.2447,0.076417,3714.96,0.199707,183.174,1,0.003178,0.407986,-2.5063
22.2679,0.035939,4615.21,0.210938,181.357,0,,,
22.2912,0.025406,4024.6,0.230957,74.903,0,,,
22.3144,0.098324,3214.48,0.177246,181.774,1,,,-3.631
22.3376,0.163991,2943.52,0.146973,182.898,1,0.006167,0.500672,-1.8547
22.3608,0.213477,2482.72,0.129395,280.702,1,0.421932,0.262195,-2.3998
22.384,0.251865,2246.45,0.101074,283.671,1,0.010521,0.164991,-0.6774
22.4073,0.257209,2414.64,0.082031,69.044,0,,,
22.4305,0.248301,2295.08,0.080078,69.128,0,,,
22.4537,0.241981,2030.89,0.061523,69.416,0,,,
22.4769,0.215143,1874.85,0.04541,69.824,0,,,
22.5001,0.209693,1441.25,0.035645,64.853,0,,,
22.5234,0.200091,1231.5,0.019043,64.853,0,,,
22.5466,0.166695,1414.06,0.02002,64.853,0,,,
22.5698,0.168612,1524.2,0.02002,64.853,0,,,
22.593,0.153973,1561.76,0.015625,64.853,0,,,
22.6162,0.129226,1633.55,0.024902,64.853,0,,,
22.6395,0.128763,1757.25,0.027832,64.853,0,,,
22.6627,0.112846,1786.83,0.025391,64.853,0,,,
22.6859,0.092406,1733.01,0.028809,64.853,0,,,
22.7091,0.088729,1409.32,0.023926,64.853,0,,,
22.7323,0.074726,1114.87,0.015625,64.853,0,,,
22.7556,0.059231,1126.51,0.020996,64.853,0,,,
22.7788,0.055632,1160.06,0.020996,64.853,0,,,
22.802,0.046186,1225.08,0.017578,64.853,0,,,
22.8252,0.036034,1391.77,0.026855,64.853,0,,,
22.8484,0.033704,1725.77,0.039551,64.853,0,,,
22.8717,0.029058,2008.64,0.053711,64.853,0,,,
22.8949,0.024227,2144.22,0.07959,208.202,0,,,
22.9181,0.021492,2166.61,0.097168,69.248,0,,,
22.9413,0.016645,2333.4,0.106445,208.704,0,,,
22.9645,0.011058,2424.32,0.122559,209.351,0,,,
22.9878,0.007263,2443.15,0.131348,209.51,0,,,
23.011,0.005251,2663.07,0.143555,208.32,0,,,
23.0342,0.004956,2739.61,0.152832,208.22,0,,,
23.0574,0.004868,2771.11,0.146973,207.866,0,,,
23.0806,0.004941,2600.19,0.144043,207.952,0,,,
23.1039,0.004921,2375.04,0.137695,208.077,0,,,
23.1271,0.004724,2399.2,0.131348,208.252,0,,,
23.1503,0.004588,2473.06,0.124512,207.867,0,,,
23.1735,0.004,2342.1,0.12207,207.207,0,,,
23.1967,0.003669,2218.85,0.116699,207.032,0,,,
23.22,0.003376,2098.12,0.114258,207.451,0,,,
23.2432,0.003001,2014.56,0.116211,206.961,0,,,
23.2664,0.002916,1988.92,0.114258,207.317,0,,,
23.2896,0.255164,1974.11,0.107422,207.739,1,,,-2.8631
23.3128,0.417948,1721.08,0.080566,207.065,1,0.003254,0.483676,-7.6843
23.3361,0.447489,1477.61,0.064941,111.729,1,0.598101,0.068267,-3.1349
23.3593,0.458256,1397.54,0.039062,64.853,0,,,
23.3825,0.403493,1820.61,0.018555,64.853,0,,,
23.4057,0.276281,1365.99,0.016602,64.853,0,,,
23.4289,0.267021,872.62,0.013184,64.853,0,,,
23.4522,0.282413,1268.68,0.008789,64.853,0,,,
23.4754,0.300251,1578.01,0.011719,64.853,0,,,
23.4986,0.291993,1645.03,0.020508,64.853,0,,,
23.5218,0.296019,1663.15,0.015137,64.853,0,,,
23.545,0.323252,1758.4,0.015137,64.853,0,,,
23.5683,0.309652,1696.87,0.014648,64.853,0,,,
23.5915,0.32024,1164.67,0.005371,64.853,0,,,
23.6147,0.34318,555.76,0.004395,64.853,0,,,
23.6379,0.33332,1034.76,0.032227,64.853,0,,,
23.6611,0.350463,2438.51,0.036621,67.484,0,,,
23.6844,0.380053,2483.06,0.046387,408.333,0,,,
23.7076,0.352775,2120.28,0.054688,318.031,1,,,0.4239
23.7308,0.35754,1876.41,0.028809,174.085,1,0.585009,0.013418,1.3231
23.754,0.361567,1875.66,0.035645,175.317,1,0.007051,0.0112,5.0068
23.7772,0.324039,2404.79,0.030273,336.897,1,0.630908,0.109473,2.471
23.8005,0.353101,2655.77,0.023926,131.692,1,0.875841,0.085835,4.0525
23.8237,0.366092,2157.58,0.027344,68.557,0,,,
23.8469,0.365743,1853.38,0.020508,366.26,1,,,2.7899
23.8701,0.389912,2007.99,0.02002,375.367,1,,,5.7623
23.8933,0.372386,2046.78,0.023438,393.661,0,,,
23.9166,0.332604,1910.98,0.018066,399.149,0,,,
23.9398,0.297192,1645.16,0.01123,408.333,0,,,
23.963,0.231398,1090.25,0.008789,408.333,0,,,
23.9862,0.18582,1265.11,0.032715,64.853,0,,,
24.0094,0.204069,3209.38,0.074707,64.853,0,,,
24.0327,0.2187,3064.38,0.102539,408.333,0,,,
24.0559,0.237472,2725.79,0.125488,408.333,0,,,
24.0791,0.231394,2389.58,0.104492,68.905,0,,,
24.1023,0.188242,2103.89,0.066406,103.441,1,,,2.2477
24.1255,0.139619,1542.63,0.071289,103.18,1,0.002521,0.296607,1.3849
24.1488,0.112464,3349.14,0.074219,91.501,1,0.119983,0.215441,-2.4808
24.172,0.138952,3306.42,0.093262,94.655,1,0.033887,0.210711,1.694
24.1952,0.15467,3105.88,0.108887,93.158,1,0.015947,0.107061,4.3933
24.2184,0.152712,3161.86,0.097656,92.536,1,0.006696,0.012743,1.2051
24.2416,0.133603,2934.79,0.083008,92.062,1,0.005131,0.133479,-0.5552
24.2649,0.172218,2979.22,0.09082,91.324,1,0.008048,0.252531,-1.0213
24.2881,0.200542,2960.62,0.092285,94.057,1,0.029479,0.15197,-0.5773
24.3113,0.243097,2673.52,0.088867,301.432,1,1.048704,0.191848,-1.4668
24.3345,0.307365,2343.21,0.096191,313.543,1,0.039386,0.233503,2.5356
24.3577,0.297665,2233.73,0.086426,209.044,1,0.399928,0.032062,2.9788
24.381,0.28704,2075.96,0.082031,208.282,1,0.003653,0.036346,0.5076
24.4042,0.27718,2171.33,0.064941,208.031,1,0.001209,0.03495,4.2078
24.4274,0.212591,1758.49,0.048828,208.55,1,0.002492,0.26375,3.7516
24.4506,0.191502,1041.27,0.024414,408.333,0,,,
24.4738,0.195616,781.96,0.009277,64.853,0,,,
24.4971,0.199298,2135.71,0.051758,208.831,1,,,-1.0146
24.5203,0.220965,2888.58,0.072754,325.929,1,0.437945,0.103111,-4.4412
24.5435,0.242371,2903.91,0.086426,298.748,1,0.087023,0.092401,2.0384
24.5667,0.231947,2611.43,0.110352,353.02,1,0.166539,0.043957,2.5318
24.5899,0.217416,2734.01,0.075684,357.554,1,0.01276,0.06467,2.8424
24.6132,0.210353,2667.57,0.062988,184.78,1,0.637152,0.033026,5.1424
24.6364,0.171304,2498.84,0.081055,183.549,1,0.006679,0.204628,5.0492
24.6596,0.162918,3334.63,0.078125,366.259,1,0.66463,0.050183,5.9292
24.6828,0.150041,4247.34,0.083984,64.853,0,,,
24.706,0.115813,3937.81,0.097656,398.154,0,,,
24.7293,0.12122,4042.76,0.091309,64.853,0,,,
24.7525,0.16062,3844.79,0.109863,64.853,0,,,
24.7757,0.178565,3180.52,0.122559,317.239,1,,,-3.563
24.7989,0.200124,2634.72,0.124023,230.499,1,0.316722,0.11386,2.9883
24.8221,0.210573,2427.2,0.11377,169.784,1,0.30336,0.050886,6.558
24.8454,0.175185,2656.81,0.09668,174.521,1,0.027518,0.183476,4.9025
24.8686,0.141588,2600.94,0.083496,174.886,1,0.002089,0.212118,2.4123
24.8918,0.106834,2503.26,0.068848,174.551,1,0.00192,0.279797,2.3823
24.915,0.068113,2882.3,0.165039,173.898,1,0.003749,0.442667,0.8614
24.9382,0.052539,4670.16,0.199219,175.44,1,0.008829,0.258154,-2.5257
24.9615,0.044166,4831.66,0.213867,177.619,0,,,
24.9847,0.037186,4007.6,0.284668,408.333,0,,,
25.0079,0.038911,4286.1,0.244629,408.333,0,,,
25.0311,0.043274,4072.09,0.259277,399.725,0,,,
25.0543,0.048407,3858.08,0.312988,359.304,0,,,
25.0776,0.126529,3734.88,0.266602,355.784,1,,,-0.8531
25.1008,0.139358,3102.33,0.214844,352.868,1,0.008227,0.096501,1.2804
25.124,0.138556,2794.42,0.218262,283.821,1,0.216897,0.005771,2.9194
25.1472,0.136344,3209.46,0.21582,284.657,1,0.002943,0.016092,-2.505
25.1704,0.069128,4621.37,0.242188,290.004,1,0.018609,0.654258,-5.237
25.1937,0.029122,4426.49,0.300293,289.562,0,,,
25.2169,0.044953,3951.0,0.276367,299.588,0,,,
25.2401,0.152383,3281.87,0.22998,87.467,1,,,-3.6064
25.2633,0.199215,2810.57,0.188965,352.385,1,1.204578,0.266394,-2.4269
25.2865,0.242624,2388.01,0.128418,143.988,1,0.839677,0.196491,-3.4667
25.3098,0.282429,2154.26,0.078613,146.638,1,0.018238,0.151623,3.2821
25.333,0.253196,1964.53,0.047363,156.231,1,0.063342,0.109155,4.0719
25.3562,0.239672,1336.63,0.026367,219.185,1,0.335383,0.05488,1.3544
25.3794,0.232187,869.86,0.009277,64.853,0,,,
25.4026,0.189164,737.62,0.010742,189.813,1,,,3.2132
25.4259,0.196813,939.62,0.009277,198.414,1,,,2.6947
25.4491,0.209662,2354.43,0.026855,64.853,0,,,
25.4723,0.20118,3060.66,0.048828,207.915,1,,,0.5851
25.4955,0.228389,2518.74,0.055176,384.008,0,,,
25.5187,0.243751,2237.76,0.063477,380.668,0,,,
25.542,0.219703,1863.5,0.044922,207.907,1,,,3.475
25.5652,0.221584,1347.96,0.03418,207.906,1,,,-0.5739
25.5884,0.249023,2577.04,0.048828,408.333,0,,,
25.6116,0.242657,2628.9,0.057129,314.152,1,,,0.7209
25.6348,0.252091,2552.13,0.078613,318.098,1,0.012481,0.038137,3.271
25.658,0.23925,3093.46,0.086426,183.528,1,0.536533,0.052268,4.0093
25.6813,0.173862,3700.89,0.084473,184.218,1,0.00375,0.316562,5.8264
25.7045,0.147946,4059.91,0.078125,361.282,1,0.649183,0.16107,0.8811
25.7277,0.250351,2763.65,0.058594,392.466,0,,,
25.7509,0.324126,1379.25,0.046387,195.795,1,,,-5.9611
25.7741,0.394155,1685.07,0.03125,93.507,1,,,0.868
25.7974,0.4414,2118.03,0.024414,64.853,0,,,
25.8206,0.417576,2081.78,0.021973,64.853,0,,,
25.8438,0.412106,1587.03,0.013184,64.853,0,,,
25.867,0.405166,721.66,0.006348,64.853,0,,,
25.8902,0.40765,483.0,0.00293,64.853,0,,,
25.9135,0.430212,473.71,0.002441,64.853,0,,,
25.9367,0.436945,628.46,0.012207,64.853,0,,,
25.9599,0.452238,2229.28,0.022949,64.853,0,,,
25.9831,0.465084,2649.32,0.026855,408.333,0,,,
26.0063,0.46629,2312.85,0.03125,408.333,0,,,
26.0296,0.47225,2006.58,0.020996,408.333,0,,,
26.0528,0.459793,1835.44,0.010254,408.333,0,,,
26.076,0.441178,1343.81,0.006836,408.333,0,,,
26.0992,0.447531,1264.8,0.002441,408.333,0,,,
26.1224,0.43292,1955.42,0.00293,64.853,0,,,
26.1457,0.426616,1994.57,0.00293,64.853,0,,,
26.1689,0.439755,1077.27,0.002441,64.853,0,,,
26.1921,0.44108,1332.11,0.012695,64.853,0,,,
26.2153,0.452482,2145.69,0.01709,64.853,0,,,
26.2385,0.4773,2087.35,0.019043,358.571,1,,,3.2774
26.2618,0.466833,1759.19,0.024414,314.145,1,0.132079,0.022173,3.7111
26.285,0.467464,1619.94,0.021973,299.925,1,0.046317,0.001351,4.2553
26.3082,0.455656,1572.4,0.019531,408.333,0,,,
26.3314,0.436153,1290.29,0.017578,356.647,1,,,4.0252
26.3546,0.430686,674.3,0.012695,64.853,0,,,
26.3779,0.392518,368.19,0.004883,64.853,0,,,
26.4011,0.367513,503.86,0.005371,64.853,0,,,
26.4243,0.306883,1020.97,0.007812,64.853,0,,,
26.4475,0.253246,1124.01,0.008301,64.853,0,,,
26.4707,0.204911,1242.35,0.02832,64.853,0,,,
26.494,0.144803,2173.9,0.043945,64.853,0,,,
26.5172,0.119561,3107.16,0.086914,64.853,0,,,
26.5404,0.08718,3621.66,0.125977,369.812,1,,,-0.6515
26.5636,0.073527,3634.14,0.144043,369.076,1,0.001994,0.169917,0.4445
26.5868,0.056227,3608.22,0.168945,369.205,1,0.00035,0.266651,-0.8357
26.6101,0.042578,3444.96,0.14209,368.339,0,,,
26.6333,0.03064,3061.79,0.129395,366.838,0,,,
26.6565,0.01987,2614.32,0.114746,304.323,0,,,
26.6797,0.024225,2470.73,0.108398,300.786,0,,,
26.7029,0.062456,3418.68,0.15332,176.757,1,,,-7.5611
26.7262,0.120261,3261.48,0.145508,352.69,1,,,-0.8662
26.7494,0.145885,2671.99,0.152832,408.333,0,,,
26.7726,0.156354,2501.13,0.149414,173.79,1,,,4.0857
26.7958,0.146702,2996.87,0.200684,175.994,1,0.012603,0.063696,1.9292
26.819,0.10577,4099.62,0.302246,179.183,1,0.01796,0.324252,-1.5863
26.8423,0.067414,5326.8,0.398438,187.166,1,0.043578,0.442945,-1.5326
26.8655,0.03545,5523.42,0.494629,174.009,0,,,
26.8887,0.031796,5723.11,0.517578,180.441,0,,,
26.9119,0.034994,5811.93,0.501465,132.903,0,,,
26.9351,0.0537,5349.48,0.412109,368.048,1,,,-5.1832
26.9584,0.103449,3269.23,0.29541,408.333,0,,,
26.9816,0.127186,2071.84,0.172363,148.803,1,,,4.3764
27.0048,0.135551,2102.16,0.084473,154.904,1,0.04018,0.063674,6.0478
27.028,0.130342,2426.43,0.115234,77.575,1,0.665253,0.03918,3.4938
27.0512,0.095301,3226.56,0.210449,154.827,1,0.66481,0.310589,1.1379
27.0745,0.058737,4752.34,0.299316,153.119,1,0.011097,0.474737,0.4361
27.0977,0.029608,5219.73,0.397949,155.364,0,,,
27.1209,0.024394,5260.58,0.450195,154.815,0,,,
27.1441,0.036016,5235.29,0.416504,155.1,0,,,
27.1673,0.325628,3440.63,0.337891,162.147,1,,,-3.458
27.1906,0.436283,1997.24,0.231934,360.185,1,0.758288,0.290468,-8.9363
27.2138,0.455803,1607.97,0.132324,110.515,1,1.060848,0.043764,0.7851
27.237,0.46501,1757.21,0.072266,64.853,0,,,
27.2602,0.358561,2106.93,0.05957,64.853,0,,,
27.2834,0.248782,2182.27,0.051758,176.687,1,,,1.7675
27.3067,0.297792,2071.35,0.030762,173.366,1,0.018972,0.179335,2.6932
27.3299,0.357544,2319.67,0.019531,173.659,1,0.001684,0.182356,6.0233
27.3531,0.37654,2892.82,0.018555,173.887,1,0.001312,0.051754,3.4543
27.3763,0.426843,3026.37,0.018066,408.333,0,,,
27.3995,0.431877,2548.24,0.019043,395.796,0,,,
27.4228,0.412175,1847.15,0.015625,168.906,1,,,4.232
27.446,0.445945,1388.65,0.005371,64.853,0,,,
27.4692,0.434111,1411.48,0.005371,64.853,0,,,
27.4924,0.415621,1566.77,0.004883,176.144,1,,,4.2074
27.5156,0.460674,1774.76,0.01123,64.853,0,,,
27.5389,0.444601,2333.08,0.012695,64.853,0,,,
27.5621,0.432888,2235.85,0.012695,408.333,0,,,
27.5853,0.463433,2092.01,0.012207,408.333,0,,,
27.6085,0.426105,1502.14,0.005859,64.853,0,,,
27.6317,0.419972,712.25,0.003418,64.853,0,,,
27.655,0.443693,896.45,0.002441,64.853,0,,,
27.6782,0.426716,1332.68,0.006836,111.97,1,,,3.7744
27.7014,0.438274,1607.67,0.012207,408.333,0,,,
27.7246,0.46113,1825.18,0.012207,67.321,0,,,
27.7478,0.432321,1749.39,0.018555,156.614,1,,,3.9726
27.7711,0.410801,1857.45,0.019043,160.253,1,,,5.7283
27.7943,0.379192,2762.67,0.015137,408.333,0,,,
27.8175,0.304145,2732.62,0.015625,408.333,0,,,
27.8407,0.259238,2366.62,0.012207,64.853,0,,,
27.8639,0.211212,3139.37,0.01709,64.853,0,,,
27.8872,0.191651,3468.98,0.054199,64.853,0,,,
27.9104,0.204475,2935.43,0.075195,392.221,0,,,
27.9336,0.209797,2501.76,0.096191,323.643,1,,,-0.7859
27.9568,0.206358,2227.51,0.087891,77.693,1,1.225654,0.01653,-2.4854
27.98,0.172648,1976.74,0.068848,78.059,1,0.004693,0.177887,-1.9959
28.0033,0.142599,2358.91,0.088867,77.69,1,0.004733,0.190639,-2.9095
28.0265,0.129969,3400.11,0.107422,88.723,1,0.132596,0.092672,0.4985
28.0497,0.133659,3556.68,0.158691,78.574,1,0.121329,0.027994,0.3267
28.0729,0.130352,3928.97,0.222168,78.743,1,0.002146,0.02505,-1.8221
28.0961,0.112819,4479.9,0.245605,79.019,1,0.003501,0.144204,-1.6764
28.1194,0.090539,4964.98,0.270508,80.383,1,0.017115,0.219123,-1.4967
28.1426,0.172076,3938.14,0.245605,81.724,1,0.016542,0.620966,0.2087
28.1658,0.220367,2885.73,0.178223,369.093,1,1.274882,0.246105,-0.0243
28.189,0.262492,2354.38,0.125488,301.871,1,0.200374,0.17448,0.7518
28.2122,0.29963,2360.09,0.068848,310.916,1,0.029519,0.132134,3.9785
28.2355,0.26743,2376.9,0.040527,174.38,1,0.56269,0.113566,3.1509
28.2587,0.243855,2049.06,0.028809,354.026,1,0.679954,0.09222,3.087
28.2819,0.228077,1526.37,0.018555,397.368,0,,,
28.3051,0.187803,914.55,0.009277,408.333,0,,,
28.3283,0.186678,926.53,0.010254,408.333,0,,,
28.3516,0.20588,1149.02,0.020508,64.853,0,,,
28.3748,0.209216,2617.13,0.057129,408.333,0,,,
28.398,0.229973,2942.82,0.078613,408.333,0,,,
28.4212,0.248729,2609.18,0.09082,318.356,1,,,1.5265
28.4444,0.225383,2019.87,0.083984,408.333,0,,,
28.4677,0.203984,2046.39,0.069336,155.306,1,,,0.7033
28.4909,0.194642,2757.27,0.054688,154.655,1,0.004197,0.046871,8.8038
28.5141,0.156187,3210.83,0.07373,369.765,1,0.820373,0.219226,7.55
28.5373,0.155325,3828.9,0.081055,64.853,0,,,
28.5605,0.156996,4287.33,0.067871,64.853,0,,,
28.5838,0.124409,3697.83,0.083008,393.703,0,,,
28.607,0.154263,3357.1,0.075195,395.463,0,,,
28.6302,0.196628,2763.84,0.093262,397.366,0,,,
28.6534,0.197019,2819.93,0.115723,408.333,0,,,
28.6766,0.210639,2842.41,0.128418,183.187,1,,,3.6586
28.6999,0.203417,3084.52,0.130371,183.774,1,0.0032,0.034881,3.3122
28.7231,0.158193,2954.75,0.117676,183.13,1,0.003514,0.25013,4.7073
28.7463,0.143912,2925.16,0.163574,176.013,1,0.039632,0.094543,-0.1444
28.7695,0.124849,3840.0,0.209473,173.544,1,0.014124,0.141858,-3.3688
28.7927,0.089263,4575.85,0.259766,169.185,1,0.025439,0.332399,-4.4469
28.816,0.070435,4473.66,0.266113,167.127,1,0.01224,0.235795,-1.6353
28.8392,0.055688,3924.2,0.262695,175.039,1,0.046245,0.233848,-0.0135
28.8624,0.040866,4060.75,0.25293,408.333,0,,,
28.8856,0.040445,4157.32,0.226074,327.584,0,,,
28.9088,0.038743,3740.0,0.241699,208.895,0,,,
28.9321,0.044311,3333.17,0.213379,127.655,0,,,
28.9553,0.126416,3054.51,0.165039,158.014,1,,,-0.2105
28.9785,0.140378,2829.33,0.144531,357.263,1,0.77337,0.10467,0.2299
29.0017,0.155073,2655.64,0.144531,305.409,1,0.1565,0.099476,-5.9967
29.0249,0.16108,2792.07,0.111816,310.941,1,0.01795,0.037997,-2.7527
29.0482,0.116555,2874.19,0.090332,103.076,1,1.004135,0.320744,3.8266
29.0714,0.100451,2311.27,0.069336,105.007,1,0.018558,0.148415,1.8748
29.0946,0.112898,2018.44,0.058105,104.181,1,0.007898,0.116677,-5.6596
29.1178,0.194032,2985.19,0.060547,102.157,1,0.019622,0.528682,-2.7422
29.141,0.228104,2630.14,0.07666,291.86,1,0.962919,0.161425,-0.93
29.1643,0.271734,2330.19,0.075195,151.109,1,0.635489,0.174577,-2.8251
29.1875,0.296549,2175.51,0.050293,154.835,1,0.024358,0.087333,1.4949
29.2107,0.263018,1863.97,0.037109,176.586,1,0.131259,0.119847,1.9214
29.2339,0.247149,1517.96,0.026855,179.246,1,0.014948,0.062208,2.003
29.2571,0.228791,1561.75,0.022461,180.093,1,0.004717,0.077145,5.2586
29.2804,0.18983,1505.72,0.016113,382.665,0,,,
29.3036,0.185139,1112.75,0.012695,209.567,1,,,2.8405
29.3268,0.195951,1399.48,0.018555,207.746,1,,,5.69
29.35,0.182217,2291.54,0.029785,381.652,0,,,
29.3732,0.196154,2322.96,0.043945,408.333,0,,,
29.3965,0.204527,1989.83,0.04541,156.911,1,,,3.169
29.4197,0.177434,1790.77,0.033203,156.298,1,0.003916,0.141858,6.1936
29.4429,0.198422,1866.63,0.049316,155.394,1,0.005797,0.111681,-2.3084
29.4661,0.203485,2925.26,0.059082,241.362,1,0.433352,0.025193,0.48
29.4893,0.205398,2864.46,0.083008,314.497,1,0.263144,0.009355,-0.9239
29.5126,0.225694,2612.9,0.091309,314.246,1,0.0008,0.094161,2.418
29.5358,0.201324,2464.37,0.071777,155.372,1,0.676607,0.114138,1.3376
29.559,0.173346,1855.48,0.068359,155.108,1,0.001699,0.149347,-1.1628
29.5822,0.153164,1958.65,0.056152,154.492,1,0.003979,0.123627,-0.5794
29.6054,0.151634,2453.24,0.066895,156.99,1,0.016038,0.010038,2.6512
29.6287,0.1642,2859.47,0.086914,167.809,1,0.06662,0.079572,5.3598
29.6519,0.184497,3125.15,0.089355,173.817,1,0.03517,0.116418,6.0975
29.6751,0.185164,3217.74,0.108398,173.896,1,0.000455,0.003608,5.9288
29.6983,0.1559,3079.43,0.114746,174.234,1,0.001941,0.171601,2.5837
29.7215,0.123368,3255.35,0.09082,174.314,1,0.000459,0.232983,0.0624
29.7448,0.083034,2841.04,0.077637,174.23,1,0.000482,0.390826,5.1587
29.768,0.043503,1843.33,0.066895,176.04,0,,,
29.7912,0.04003,1868.62,0.047363,358.744,0,,,
29.8144,0.114461,3234.96,0.09375,352.109,1,,,-4.2961
29.8376,0.161411,3332.57,0.124023,398.062,0,,,
29.8609,0.186806,3076.48,0.125488,233.527,1,,,0.7594
29.8841,0.202396,2732.66,0.144531,305.649,1,0.267528,0.080112,6.0524
29.9073,0.17748,2934.76,0.119629,184.907,1,0.492265,0.131179,6.2034
29.9305,0.137748,2955.8,0.09375,184.305,1,0.003262,0.252082,3.2292
29.9537,0.102056,2638.88,0.116211,184.002,1,0.001645,0.297677,1.077
29.977,0.066275,3084.76,0.168457,181.799,1,0.012044,0.425132,-4.0601
30.0002,0.040726,4342.96,0.171387,181.238,0,,,
30.0234,0.0276,4353.45,0.187988,181.726,0,,,
30.0466,0.04986,3039.16,0.186035,181.421,0,,,
30.0698,0.350054,2538.06,0.116211,180.938,1,,,-3.8002
30.0931,0.455266,1728.49,0.088867,362.915,1,0.669213,0.261291,-12.8778
30.1163,0.476737,1392.78,0.075195,103.861,1,1.109971,0.046075,-0.2749
30.1395,0.482665,1856.48,0.046387,64.853,0,,,
30.1627,0.356922,2321.46,0.041016,68.331,0,,,
30.1859,0.22332,2165.73,0.047852,68.51,0,,,
30.2092,0.200425,1946.26,0.033691,68.451,0,,,
30.2324,0.219951,1521.4,0.018555,64.853,0,,,
30.2556,0.205678,1162.48,0.01709,64.853,0,,,
30.2788,0.212473,792.75,0.008301,64.853,0,,,
30.302,0.245165,1684.31,0.02832,64.853,0,,,
30.3253,0.238714,2740.81,0.04248,64.853,0,,,
30.3485,0.243582,2674.46,0.050293,67.958,0,,,
30.3717,0.260134,2009.38,0.051758,64.853,0,,,
30.3949,0.237674,1815.57,0.037109,64.853,0,,,
30.4181,0.230392,1778.95,0.029785,64.853,0,,,
30.4414,0.244352,1350.01,0.024414,64.853,0,,,
30.4646,0.237689,2143.54,0.044434,64.853,0,,,
30.4878,0.224288,3020.89,0.040527,64.853,0,,,
30.511,0.237114,2269.61,0.035156,64.853,0,,,
30.5342,0.230826,949.26,0.035645,64.853,0,,,
30.5575,0.403129,1519.39,0.018555,64.853,0,,,
30.5807,0.462266,1639.44,0.018555,65.46,0,,,
30.6039,0.476675,1543.17,0.026855,113.598,1,,,1.3192
30.6271,0.472932,1811.75,0.039551,64.853,0,,,
30.6503,0.337197,2250.71,0.046875,64.853,0,,,
30.6736,0.258985,2181.32,0.04834,68.997,0,,,
30.6968,0.20476,2254.72,0.047363,68.27,0,,,
30.72,0.195991,2063.04,0.034668,67.48,0,,,
30.7432,0.173956,1639.07,0.022461,64.853,0,,,
30.7664,0.140793,1151.77,0.021484,64.853,0,,,
30.7897,0.141573,1673.23,0.021484,64.853,0,,,
30.8129,0.12469,2856.41,0.020508,64.853,0,,,
30.8361,0.100953,2758.95,0.020508,64.853,0,,,
30.8593,0.099946,1916.7,0.02002,64.853,0,,,
30.8825,0.145784,2369.41,0.032227,64.853,0,,,
30.9058,0.160805,2611.51,0.038574,70.8,1,,,-0.27
30.929,0.165555,2332.63,0.063477,316.354,1,1.268511,0.029106,-1.373
30.9522,0.165183,2309.16,0.082031,153.243,1,0.694686,0.002249,1.2215
30.9754,0.113335,3506.41,0.069824,95.907,1,0.460251,0.372311,2.2803
30.9986,0.076306,2984.48,0.063965,179.908,1,0.609109,0.390521,3.3713
31.0219,0.078976,1761.64,0.057617,180.072,1,0.000911,0.034391,-7.1756
31.0451,0.391152,1384.69,0.038574,180.457,1,0.002138,1.328046,-5.5828
31.0683,0.441347,1305.46,0.037598,220.063,1,0.197772,0.120591,-8.3882
31.0915,0.449529,1364.26,0.052246,99.471,1,0.754798,0.018368,0.0588
31.1147,0.468566,1820.47,0.04248,64.853,0,,,
31.138,0.3347,1928.39,0.040527,69.128,0,,,
31.1612,0.306941,1778.74,0.038086,209.089,1,,,4.2874
31.1844,0.369635,1651.81,0.020508,408.333,0,,,
31.2076,0.381763,1014.04,0.012695,64.853,0,,,
31.2308,0.373146,582.6,0.011719,64.853,0,,,
31.2541,0.417983,919.59,0.009277,64.853,0,,,
31.2773,0.395152,1585.55,0.017578,64.853,0,,,
31.3005,0.409861,2027.89,0.015137,64.853,0,,,
31.3237,0.450504,1847.24,0.015137,64.853,0,,,
31.3469,0.414469,1191.91,0.012695,64.853,0,,,
31.3702,0.436417,697.2,0.004395,64.853,0,,,
31.3934,0.465673,1942.63,0.01416,64.853,0,,,
31.4166,0.420099,2367.87,0.026367,408.333,0,,,
31.4398,0.444026,2252.21,0.026855,408.333,0,,,
31.463,0.449311,2189.24,0.026367,408.333,0,,,
31.4863,0.405323,1606.33,0.019531,408.333,0,,,
31.5095,0.434219,1226.82,0.010254,408.333,0,,,
31.5327,0.427843,1159.87,0.010742,64.853,0,,,
31.5559,0.403696,1256.28,0.01709,328.396,1,,,1.4649
31.5791,0.429876,1876.52,0.019043,334.764,1,0.019203,0.062812,3.7223
31.6024,0.40945,2447.96,0.022461,362.057,1,0.078337,0.048672,3.8792
31.6256,0.388699,2424.29,0.027832,347.556,1,0.040872,0.051997,2.8354
31.6488,0.375352,2294.36,0.020996,344.632,1,0.008447,0.034938,7.107
31.672,0.315221,2017.93,0.017578,392.867,0,,,
31.6952,0.264895,1291.78,0.01123,397.376,0,,,
31.7185,0.21872,939.24,0.004395,64.853,0,,,
31.7417,0.165133,1198.6,0.023438,64.853,0,,,
31.7649,0.191825,2724.29,0.055664,64.853,0,,,
31.7881,0.19836,2745.73,0.077637,316.616,1,,,-4.6938
31.8113,0.218196,2439.88,0.099609,96.543,1,1.06532,0.095238,2.4082
31.8346,0.235348,2564.81,0.104492,101.621,1,0.051247,0.075637,2.6044
31.8578,0.211818,2912.9,0.094727,104.03,1,0.023433,0.105242,-1.416
31.881,0.213392,2797.02,0.085938,103.485,1,0.00525,0.007404,1.4768
31.9042,0.19498,2586.9,0.089355,203.928,1,0.65347,0.090169,0.6454
31.9274,0.178313,2749.33,0.079102,90.418,1,0.771267,0.089298,3.281
31.9507,0.167291,2937.58,0.072266,87.37,1,0.034293,0.063786,4.1928
31.9739,0.152197,2536.08,0.081543,86.801,1,0.006535,0.094486,4.3631
31.9971,0.173314,2499.23,0.080566,87.056,1,0.002941,0.129744,0.0012
32.0203,0.224018,2615.52,0.083008,86.855,1,0.00232,0.255224,-2.2514
32.0435,0.246329,2468.02,0.08252,173.699,1,0.666614,0.094869,-0.6826
32.0668,0.277445,2256.9,0.07959,341.377,1,0.651081,0.118816,0.1593
32.09,0.292641,2252.63,0.067871,316.586,1,0.075357,0.053311,3.0436
32.1132,0.258199,2069.64,0.084961,408.333,0,,,
32.1364,0.252399,2553.47,0.109863,397.297,0,,,
32.1596,0.238155,3536.09,0.126465,207.536,1,,,2.8277
32.1829,0.203168,3755.24,0.172852,394.773,0,,,
32.2061,0.212792,3877.0,0.174316,397.36,0,,,
32.2293,0.226549,3790.85,0.163086,408.333,0,,,
32.2525,0.211544,3343.91,0.174805,408.333,0,,,
32.2757,0.240108,3184.33,0.135254,408.333,0,,,
32.299,0.250696,2589.69,0.119629,315.73,1,,,3.8608
32.3222,0.229964,2227.12,0.11084,184.762,1,0.523358,0.086264,2.9682
32.3454,0.240874,2494.97,0.080566,184.714,1,0.000256,0.046344,1.2631
32.3686,0.212623,2333.69,0.079102,184.496,1,0.001184,0.124592,2.5884
32.3918,0.184149,2158.28,0.095703,184.461,1,0.000188,0.143528,-0.8579
32.4151,0.182374,3074.53,0.081543,185.105,1,0.003483,0.009687,1.5905
32.4383,0.162865,2944.12,0.081055,186.773,1,0.008974,0.113015,2.8976
32.4615,0.16645,2375.65,0.079102,185.401,1,0.007376,0.021772,1.9799
32.4847,0.207654,2489.42,0.071777,184.242,1,0.006267,0.220282,0.0223
32.5079,0.222435,2730.59,0.093262,178.16,1,0.033564,0.068733,-0.594
32.5312,0.226696,2812.97,0.103027,171.21,1,0.039785,0.018976,2.5549
32.5544,0.224837,2908.79,0.118164,173.194,1,0.011517,0.008235,5.2228
32.5776,0.180664,3142.8,0.119629,174.574,1,0.007939,0.21787,4.1817
32.6008,0.135582,3026.42,0.106445,174.922,1,0.001993,0.285108,0.3962
32.624,0.103957,2948.98,0.088379,174.499,1,0.002425,0.264048,1.3752
32.6473,0.067149,2644.67,0.082031,172.353,1,0.012373,0.430233,2.6695
32.6705,0.048588,2663.78,0.121094,175.306,0,,,
32.6937,0.05114,3716.29,0.174316,175.162,1,,,-2.317
32.7169,0.053446,4333.84,0.263184,174.538,1,0.003569,0.044088,-4.3362
32.7401,0.051241,4505.02,0.297852,344.037,1,0.653711,0.042115,-5.7621
32.7634,0.048476,4457.39,0.259766,408.333,0,,,
32.7866,0.037889,3648.03,0.228516,103.886,0,,,
32.8098,0.110475,2741.61,0.161621,184.556,1,,,-3.9001
32.833,0.199368,2672.04,0.115234,184.53,1,0.000146,0.573797,0.6328
32.8562,0.217281,2387.7,0.117188,142.519,1,0.256906,0.085985,2.102
32.8795,0.224612,2404.03,0.143555,152.48,1,0.067532,0.033178,3.251
32.9027,0.198272,3583.34,0.208984,154.693,1,0.014409,0.124574,-0.6191
32.9259,0.110283,4470.84,0.305176,156.718,1,0.013003,0.570324,-2.9491
32.9491,0.073062,5012.21,0.361328,155.488,1,0.007878,0.40602,-8.4433
32.9723,0.149966,4175.33,0.327637,153.303,1,0.014154,0.689631,-5.4296
32.9956,0.207277,2793.14,0.249023,186.797,1,0.19697,0.320851,-2.8308
33.0188,0.236422,2447.73,0.159668,320.567,1,0.527313,0.131374,-0.5515
33.042,0.274836,2229.23,0.077637,92.638,1,1.103224,0.150273,0.587
33.0652,0.275478,2072.66,0.058105,185.62,1,0.668311,0.002331,3.6983
33.0884,0.249247,1697.86,0.051758,408.333,0,,,
33.1117,0.253014,1771.48,0.042969,210.92,1,,,-0.5865
33.1349,0.235373,1951.78,0.038574,209.435,1,0.007064,0.072241,2.8229
33.1581,0.198051,1971.27,0.040527,209.612,1,0.000843,0.17222,0.896
33.1813,0.211295,2728.9,0.036621,212.249,1,0.012503,0.064705,2.52
33.2045,0.217952,3264.44,0.040527,212.159,1,0.000426,0.031019,3.4175
33.2278,0.210052,2469.4,0.049805,390.746,0,,,
33.251,0.233856,2242.26,0.043457,207.854,1,,,0.1417
33.2742,0.229262,1892.26,0.055664,207.289,1,0.002721,0.01984,3.3356
33.2974,0.213172,1771.84,0.058594,206.271,1,0.004925,0.072733,-1.0553
33.3206,0.261921,2064.7,0.081543,203.439,1,0.013822,0.205219,-1.3553
33.3439,0.25363,2550.9,0.111328,183.952,1,0.100609,0.032164,-1.3894
33.3671,0.240188,2656.67,0.14502,180.064,1,0.021359,0.054443,-2.5451
33.3903,0.231072,3339.49,0.143066,179.229,1,0.00465,0.038689,3.6171
33.4135,0.154685,4090.41,0.114746,175.195,1,0.022761,0.396034,6.4812
33.4367,0.12092,3762.56,0.084473,355.165,1,0.67867,0.245022,2.8062
33.46,0.163107,2763.78,0.038574,384.503,0,,,
33.4832,0.230671,2513.98,0.032227,408.333,0,,,
33.5064,0.289856,2425.27,0.037109,80.106,1,,,1.063
33.5296,0.325618,2306.6,0.041016,72.455,1,,,1.4263
33.5528,0.34474,2240.92,0.035645,64.853,0,,,
33.5761,0.345805,1789.51,0.030273,94.335,1,,,0.0355
33.5993,0.348477,1785.5,0.024414,95.569,1,0.012993,0.007697,0.8495
33.6225,0.36523,1861.39,0.023926,103.966,1,0.084164,0.046948,0.1387
33.6457,0.375469,1933.03,0.034668,208.674,1,0.669831,0.027647,0.0722
33.6689,0.390108,2038.23,0.031738,208.877,1,0.000974,0.038244,-0.0374
33.6922,0.403832,2181.18,0.054199,208.62,1,0.001235,0.034571,0.7846
33.7154,0.408151,2558.9,0.055664,207.827,1,0.003809,0.010637,1.0735
33.7386,0.418569,2536.16,0.050293,209.714,1,0.009039,0.025204,1.6684
33.7618,0.402459,2122.19,0.055176,408.333,0,,,
33.785,0.382888,1878.65,0.030273,408.333,0,,,
33.8083,0.374357,1543.86,0.02002,395.566,0,,,
33.8315,0.326737,1355.26,0.02002,392.952,0,,,
33.8547,0.288965,1921.38,0.025391,87.467,1,,,-0.9122
33.8779,0.250431,2567.07,0.032227,175.646,1,0.670271,0.142879,-0.0216
33.9011,0.193587,2276.42,0.050293,175.344,1,0.001723,0.256044,4.0884
33.9244,0.203218,2073.23,0.073242,174.43,1,0.005225,0.048545,0.4921
33.9476,0.27379,2392.26,0.076172,174.381,1,0.000279,0.295895,-4.5461
33.9708,0.345559,2169.31,0.083496,174.275,1,0.000612,0.231753,-3.5957
33.994,0.363291,2030.93,0.078613,143.684,1,0.192416,0.05003,-3.4503
34.0172,0.400479,2239.07,0.056641,142.962,1,0.005043,0.097382,-3.93
34.0405,0.394432,2163.11,0.04248,174.627,1,0.199412,0.015216,-2.068
34.0637,0.427738,1692.27,0.025391,64.853,0,,,
34.0869,0.489588,1180.22,0.012207,64.853,0,,,
34.1101,0.498236,823.48,0.006348,64.853,0,,,
34.1333,0.514861,633.4,0.007812,64.853,0,,,
34.1566,0.457695,1126.08,0.010254,64.853,0,,,
34.1798,0.381446,1598.14,0.024902,64.853,0,,,
34.203,0.333442,2061.86,0.029297,64.853,0,,,
34.2262,0.327313,1817.95,0.027344,64.853,0,,,
34.2494,0.312466,906.02,0.025391,122.716,1,,,0.2147
34.2727,0.338257,951.37,0.029297,64.853,0,,,
34.2959,0.327397,2101.54,0.037109,64.853,0,,,
34.3191,0.27731,2294.26,0.055664,64.853,0,,,
34.3423,0.29722,2087.73,0.056641,85.56,1,,,-1.7447
34.3655,0.29103,2361.56,0.038086,85.809,1,,,-1.2803
34.3888,0.332046,1313.11,0.024414,64.853,0,,,
34.412,0.351097,876.63,0.016113,64.853,0,,,
34.4352,0.349494,2271.18,0.035645,64.853,0,,,
34.4584,0.341971,2341.74,0.047363,64.853,0,,,
34.4816,0.345543,2064.06,0.062012,64.853,0,,,
34.5049,0.319074,2148.2,0.057617,69.153,0,,,
34.5281,0.304159,1774.89,0.041504,64.853,0,,,
34.5513,0.275526,1432.74,0.040039,64.853,0,,,
34.5745,0.223938,1264.92,0.026367,64.853,0,,,
34.5977,0.211554,890.27,0.021484,64.853,0,,,
34.621,0.193378,629.48,0.016113,64.853,0,,,
34.6442,0.213529,618.89,0.007324,64.853,0,,,
34.6674,0.192117,1627.74,0.012695,64.853,0,,,
34.6906,0.182084,2185.58,0.015137,64.853,0,,,
34.7138,0.182917,1573.36,0.015137,64.853,0,,,
34.7371,0.166039,876.53,0.019043,64.853,0,,,
34.7603,0.164249,858.48,0.015137,64.853,0,,,
34.7835,0.156388,894.17,0.012695,64.853,0,,,
34.8067,0.128021,1578.05,0.044434,64.853,0,,,
34.8299,0.115962,3302.94,0.040039,64.853,0,,,
34.8532,0.107382,3533.25,0.038086,64.853,0,,,
34.8764,0.094364,2191.38,0.037598,64.853,0,,,
34.8996,0.2156,1620.23,0.01709,64.853,0,,,
34.9228,0.414641,1798.26,0.018066,64.853,0,,,
34.946,0.480524,1550.52,0.025391,134.615,1,,,-2.2242
34.9693,0.505285,1424.17,0.029785,64.853,0,,,
34.9925,0.499188,1817.39,0.020996,66.909,0,,,
35.0157,0.37551,1794.24,0.021973,64.853,0,,,
35.0389,0.330834,1624.22,0.016602,392.911,0,,,
35.0621,0.330744,1395.72,0.01123,352.006,1,,,4.4636
35.0854,0.330057,1046.2,0.009766,64.853,0,,,
35.1086,0.351104,800.23,0.006348,64.853,0,,,
35.1318,0.352684,714.36,0.005859,64.853,0,,,
35.155,0.373752,1197.56,0.006348,64.853,0,,,
35.1782,0.380005,1492.84,0.005371,64.853,0,,,
35.2015,0.37915,1159.86,0.005859,64.853,0,,,
35.2247,0.397442,1092.59,0.003418,64.853,0,,,
35.2479,0.399049,1124.0,0.005859,64.853,0,,,
35.2711,0.402829,2126.96,0.009766,64.853,0,,,
35.2943,0.419779,2369.9,0.009277,408.333,0,,,
35.3176,0.410461,2134.54,0.010742,408.333,0,,,
35.3408,0.408111,1885.14,0.007324,408.333,0,,,
35.364,0.415676,1022.98,0.003418,64.853,0,,,
35.3872,0.400386,678.98,0.003906,64.853,0,,,
35.4104,0.408231,1056.69,0.003418,64.853,0,,,
35.4337,0.423475,1895.65,0.008301,64.853,0,,,
35.4569,0.414466,2207.99,0.013672,257.566,1,,,3.6228
35.4801,0.424306,2208.67,0.016113,408.333,0,,,
35.5033,0.414454,1966.05,0.019043,408.333,0,,,
35.5265,0.372881,1787.75,0.014648,408.333,0,,,
35.5498,0.338612,1843.78,0.009277,408.333,0,,,
35.573,0.280096,2166.96,0.015625,408.333,0,,,
35.5962,0.217003,2993.03,0.025391,390.557,0,,,
35.6194,0.215085,3689.21,0.049805,64.853,0,,,
35.6426,0.246136,2960.98,0.062012,68.001,0,,,
35.6659,0.254297,2564.34,0.07373,165.319,1,,,-0.1734
35.6891,0.267141,2137.16,0.083008,89.361,1,0.596495,0.049263,0.7699
35.7123,0.244885,2050.26,0.085938,87.648,1,0.019361,0.086933,0.7926
35.7355,0.187773,2190.11,0.088867,87.605,1,0.000483,0.264003,1.4279
35.7587,0.162714,2221.22,0.098633,87.561,1,0.0005,0.143,2.6489
35.782,0.138659,2565.34,0.108398,87.366,1,0.002241,0.159635,-1.3545
35.8052,0.118234,3268.36,0.105469,87.257,1,0.001241,0.159012,0.1024
35.8284,0.112003,3178.37,0.123047,87.459,1,0.002316,0.054132,0.6099
35.8516,0.11364,2669.0,0.118164,87.347,1,0.001283,0.014516,0.3048
35.8748,0.158957,2605.11,0.120605,87.195,1,0.001751,0.33248,-6.6848
35.898,0.23064,2768.62,0.110352,86.97,1,0.002573,0.367985,-2.2366
35.9213,0.268009,2460.09,0.089355,300.451,1,1.102058,0.149883,0.3845
35.9445,0.283043,2292.88,0.086426,149.044,1,0.673678,0.054562,0.1345
35.9677,0.266334,2597.4,0.074219,65.892,0,,,
35.9909,0.209109,2650.92,0.081543,67.218,0,,,
36.0141,0.153423,2550.37,0.103516,67.53,0,,,
36.0374,0.117199,2442.3,0.101562,117.226,1,,,-0.0546
36.0606,0.097376,2593.84,0.098633,116.455,1,0.006598,0.184763,1.7918
36.0838,0.090213,2558.49,0.093262,175.557,1,0.404789,0.076375,3.8939
36.107,0.183146,2678.04,0.090332,175.043,1,0.002931,0.679939,-5.3225
36.1302,0.255536,2703.39,0.083496,174.975,1,0.000391,0.330033,0.509
36.1535,0.295783,2628.78,0.072266,90.467,1,0.636732,0.146003,1.9465
36.1767,0.317867,2540.64,0.071777,90.449,1,0.000196,0.071975,2.2777
36.1999,0.289837,2522.46,0.067871,88.879,1,0.017514,0.092249,2.0195
36.2231,0.237873,2587.75,0.074707,88.784,1,0.001073,0.196941,2.1633
36.2463,0.193115,2936.19,0.091309,88.625,1,0.001792,0.207702,2.5532
36.2696,0.15868,3346.96,0.110352,87.389,1,0.014041,0.195763,2.0043
36.2928,0.130374,3552.19,0.119141,87.222,1,0.001917,0.195857,0.6845
36.316,0.113104,3154.85,0.125488,86.992,1,0.002637,0.141863,-0.0279
36.3392,0.107006,2731.09,0.125488,86.958,1,0.000394,0.055405,-0.4722
36.3624,0.150567,2738.58,0.133301,87.033,1,0.00087,0.338245,-5.5233
36.3857,0.172471,3009.41,0.13623,176.986,1,0.68141,0.135611,-4.0212
36.4089,0.183239,2980.03,0.146484,86.22,1,0.689693,0.060544,0.1515
36.4321,0.184146,3115.53,0.161133,86.204,1,0.000193,0.004938,0.2082
36.4553,0.151055,3288.16,0.162598,173.296,1,0.671233,0.197442,-1.872
36.4785,0.133231,3315.51,0.158691,87.283,1,0.660165,0.125396,-1.7091
36.5018,0.125075,3309.85,0.158203,86.903,1,0.004371,0.063152,-2.5042
36.525,0.124059,3322.48,0.154297,86.904,1,1.8e-05,0.008154,-1.2105
36.5482,0.123059,3388.79,0.141113,88.073,1,0.01336,0.008092,-0.793
36.5714,0.125436,3375.67,0.138672,88.328,1,0.002891,0.01913,1.5383
36.5946,0.131194,3456.57,0.135254,87.652,1,0.007683,0.044878,1.3185
36.6179,0.145414,3525.66,0.140137,87.422,1,0.002623,0.102814,-0.4025
36.6411,0.153932,3213.37,0.138184,174.419,1,0.6645,0.056909,0.0166
36.6643,0.1592,3022.13,0.126953,172.428,1,0.011482,0.033649,2.2074
36.6875,0.18859,3113.34,0.130371,172.742,1,0.001819,0.169008,-5.376
36.7107,0.196079,2918.1,0.126465,174.341,1,0.009215,0.03894,-2.8442
36.734,0.198583,2749.9,0.12793,340.66,1,0.645897,0.01269,-3.9874
36.7572,0.198701,2850.23,0.132324,313.182,1,0.084051,0.000593,-2.5921
36.7804,0.164606,3128.78,0.12207,165.273,1,0.618277,0.187694,-1.9548
36.8036,0.142216,2937.51,0.112793,89.326,1,0.596605,0.145948,2.1297
36.8268,0.127127,2718.04,0.108887,87.448,1,0.021245,0.112042,-0.3608
36.8501,0.183115,2792.3,0.117676,173.757,1,0.660856,0.360931,-5.2815
36.8733,0.205791,2766.04,0.117676,173.251,1,0.00292,0.116614,-4.9401
36.8965,0.222458,2578.42,0.118164,346.221,1,0.665947,0.077837,-1.2106
36.9197,0.240522,2734.14,0.114746,92.865,1,1.154013,0.078036,0.3312
36.9429,0.207417,2719.25,0.10498,92.751,1,0.001233,0.147811,2.7264
36.9662,0.199938,2765.02,0.110352,92.05,1,0.007584,0.036719,3.0425
36.9894,0.192591,2821.55,0.106445,183.106,1,0.66185,0.037435,1.332
37.0126,0.178806,2854.08,0.113281,183.02,1,0.000472,0.074233,0.11
37.0358,0.166261,2856.38,0.135254,182.866,1,0.00084,0.07271,0.7885
37.059,0.144878,3319.82,0.203125,87.362,1,0.706837,0.137449,-0.1484
37.0823,0.117766,4458.4,0.280762,87.138,1,0.002576,0.206455,-4.1678
37.1055,0.090348,4897.81,0.347656,86.961,1,0.002033,0.263497,-2.78
37.1287,0.062618,4973.42,0.412598,172.351,1,0.658593,0.362554,-4.1243
37.1519,0.044227,4957.19,0.385254,182.371,0,,,
37.1751,0.076641,4524.4,0.347656,92.371,1,,,-8.6592
37.1984,0.121052,3474.03,0.300781,365.933,1,1.193799,0.449289,-5.7003
37.2216,0.127973,3210.34,0.248047,317.267,1,0.142465,0.055586,-7.7186
37.2448,0.129581,3174.96,0.239746,164.428,1,0.634588,0.012488,-4.9989
37.268,0.111949,3752.23,0.227051,68.738,0,,,
37.2912,0.058089,3575.7,0.217285,127.319,1,,,-4.1706
37.3145,0.03896,3291.79,0.192871,179.756,0,,,
37.3377,0.03689,3119.6,0.203613,176.529,0,,,
37.3609,0.074554,3629.66,0.193359,181.052,1,,,-6.8736
37.3841,0.10932,3264.01,0.189453,183.104,1,0.011269,0.378144,-5.8232
37.4073,0.134403,2990.29,0.188477,117.437,1,0.436991,0.205833,-5.176
37.4306,0.147849,2719.42,0.135742,123.56,1,0.050812,0.095273,-4.4416
37.4538,0.135529,2401.54,0.125977,134.159,1,0.082249,0.086945,-1.7977
37.477,0.111079,2359.72,0.126465,141.528,1,0.053461,0.198295,-3.2687
37.5002,0.080473,2749.49,0.157227,143.952,1,0.016985,0.319554,-0.5805
37.5234,0.048246,3716.5,0.215332,172.248,0,,,
37.5467,0.074419,4372.21,0.266602,172.955,1,,,-10.6104
37.5699,0.209679,3264.9,0.256348,172.967,1,6.9e-05,0.952206,-0.3265
37.5931,0.238145,2847.69,0.214844,204.69,1,0.167998,0.127129,-0.3377
37.6163,0.25277,2629.17,0.166504,194.351,1,0.051815,0.059584,-0.7411
37.6395,0.254037,2403.74,0.121582,96.356,1,0.674191,0.005001,-2.6808
37.6628,0.169683,2787.05,0.14502,174.299,1,0.575965,0.398158,-2.4969
37.686,0.130056,3214.2,0.179688,87.57,1,0.662388,0.264413,-0.9787
37.7092,0.100579,3695.94,0.206055,92.539,1,0.055183,0.255613,-0.0155
37.7324,0.072813,4334.66,0.213867,90.377,1,0.023643,0.320266,0.2328
37.7556,0.048299,4367.36,0.234375,174.865,0,,,
37.7789,0.039145,4622.2,0.313477,172.678,0,,,
37.8021,0.234196,5000.29,0.310547,177.344,1,,,-9.3296
37.8253,0.434236,2515.02,0.271973,174.7,1,0.015023,0.598533,-4.7044
37.8485,0.502716,1640.94,0.208984,143.08,1,0.199004,0.146177,-3.5434
37.8717,0.516369,1472.34,0.099609,64.853,0,,,
37.895,0.475214,2045.75,0.065918,64.853,0,,,
37.9182,0.313543,2312.26,0.098633,69.968,0,,,
37.9414,0.191609,2670.95,0.148926,156.665,1,,,-1.5641
37.9646,0.15262,3521.57,0.182617,156.167,1,0.003187,0.22653,-1.5373
37.9878,0.102762,4114.99,0.190918,154.117,1,0.013213,0.39046,-2.5941
38.0111,0.067262,4000.75,0.177246,155.669,1,0.010019,0.417593,-1.2958
38.0343,0.084392,2853.36,0.174316,128.154,1,0.193883,0.225914,-5.8792
38.0575,0.201608,3008.02,0.130859,127.602,1,0.004323,0.819694,-2.2771
38.0807,0.263701,2726.77,0.116699,153.683,1,0.185448,0.26689,1.2738
38.1039,0.297885,2350.3,0.10791,102.989,1,0.395017,0.121738,2.197
38.1272,0.310262,2304.48,0.074219,90.181,1,0.132607,0.040706,1.7847
38.1504,0.262782,2419.64,0.085938,91.199,1,0.011225,0.16571,2.0839
38.1736,0.209362,2590.42,0.094727,91.637,1,0.004794,0.226289,1.5773
38.1968,0.165139,2753.2,0.111816,91.989,1,0.003836,0.236171,1.4632
38.22,0.128575,3091.03,0.125488,91.884,1,0.001146,0.248977,0.8522
38.2433,0.106813,3324.99,0.133789,91.419,1,0.005076,0.184901,-0.1074
38.2665,0.098511,3011.28,0.148438,91.137,1,0.003081,0.080864,-1.2881
38.2897,0.272843,2967.75,0.137695,91.539,1,0.0044,0.938896,-2.6462
38.3129,0.455324,2040.58,0.106934,90.623,1,0.010064,0.501208,-8.7594
38.3361,0.480545,1626.37,0.087891,125.483,1,0.322624,0.053898,-2.492
38.3594,0.494666,1703.78,0.062988,64.853,0,,,
38.3826,0.430055,2242.99,0.060547,64.853,0,,,
38.4058,0.233193,2431.69,0.083496,65.649,0,,,
38.429,0.17185,2524.89,0.087891,336.988,1,,,-2.5016
38.4522,0.11746,2465.42,0.09375,182.118,1,0.59668,0.375997,-1.6925
38.4755,0.077582,2430.76,0.091309,184.667,1,0.013897,0.408915,-2.0763
38.4987,0.070899,1967.59,0.068848,155.293,1,0.172807,0.090021,5.6445
38.5219,0.084895,2505.1,0.103516,157.273,1,0.012669,0.179676,2.9879
38.5451,0.107646,3990.88,0.119141,268.168,1,0.521318,0.236321,-2.5371
38.5683,0.125171,3669.95,0.142578,265.129,1,0.011398,0.150546,-1.2302
38.5916,0.127352,3150.87,0.174805,89.417,1,0.991191,0.017274,-0.5783
38.6148,0.142217,3305.41,0.164551,89.657,1,0.00268,0.110287,-2.8335
38.638,0.175715,3213.6,0.159668,92.906,1,0.035588,0.210723,-1.4328
38.6612,0.187057,3087.81,0.145508,168.951,1,0.580817,0.062534,-2.4811
38.6844,0.189984,3282.04,0.138184,154.703,1,0.08805,0.015524,1.9303
38.7077,0.175064,3780.8,0.132324,94.044,1,0.48771,0.081741,1.8508
38.7309,0.126541,4623.1,0.152832,88.778,1,0.057611,0.321769,2.7522
38.7541,0.091045,5124.4,0.178223,87.971,1,0.009134,0.326265,2.8476
38.7773,0.309882,4470.39,0.170898,88.005,1,0.000391,1.091653,-2.3889
38.8005,0.437972,1754.43,0.139648,177.454,1,0.673914,0.342554,-8.1181
38.8238,0.461687,1375.16,0.11084,114.382,1,0.432243,0.05272,-2.4261
38.847,0.478089,1753.6,0.077637,64.853,0,,,
38.8702,0.405007,2074.65,0.067383,64.853,0,,,
38.8934,0.33,1976.69,0.066406,365.671,1,,,2.3453
38.9166,0.340195,2034.46,0.057129,357.614,1,0.02228,0.030427,2.6435
38.9399,0.36882,2054.02,0.041016,354.999,1,0.00734,0.080745,2.3807
38.9631,0.384369,2045.05,0.033691,352.648,1,0.006642,0.041288,3.7069
38.9863,0.372434,2071.05,0.030273,354.085,1,0.004065,0.03154,2.4897
39.0095,0.386682,2104.28,0.021973,354.066,1,5.4e-05,0.037537,4.4515
39.0327,0.393949,2201.45,0.023438,399.589,0,,,
39.056,0.391995,2168.39,0.019043,400.498,0,,,
39.0792,0.405008,2063.05,0.01709,408.333,0,,,
39.1024,0.409859,2104.14,0.018555,408.333,0,,,
39.1256,0.419106,2269.14,0.027832,382.274,0,,,
39.1488,0.425945,2496.81,0.026855,394.078,0,,,
39.1721,0.423045,2395.43,0.027344,408.333,0,,,
39.1953,0.418868,2144.78,0.020996,408.333,0,,,
39.2185,0.409656,1773.06,0.006348,408.333,0,,,
39.2417,0.398454,1365.28,0.007812,182.061,1,,,4.8425
39.2649,0.402868,1627.72,0.005371,64.853,0,,,
39.2882,0.405858,2606.21,0.005371,64.853,0,,,
39.3114,0.399483,2837.8,0.008789,64.853,0,,,
39.3346,0.417486,2652.05,0.007324,64.853,0,,,
39.3578,0.406671,2263.6,0.008789,64.853,0,,,
39.381,0.387848,1811.32,0.013672,389.653,0,,,
39.4043,0.369499,1806.08,0.01416,393.979,0,,,
39.4275,0.310988,1858.74,0.014648,388.496,0,,,
39.4507,0.259451,1780.0,0.015137,358.378,1,,,3.0928
39.4739,0.210002,1731.49,0.016113,363.674,1,,,4.849
39.4971,0.227603,2183.7,0.039551,400.35,0,,,
39.5204,0.247671,2526.47,0.050781,408.333,0,,,
39.5436,0.254812,2353.53,0.063477,165.298,1,,,1.3663
39.5668,0.254643,2076.23,0.082031,89.424,1,0.595738,0.000664,1.0609
39.59,0.193246,2621.73,0.077148,88.454,1,0.010906,0.274161,1.6948
39.6132,0.138379,2971.85,0.090332,86.742,1,0.019544,0.330897,0.9001
39.6365,0.101368,2943.65,0.10791,89.806,1,0.034702,0.308748,0.969
39.6597,0.083404,3291.14,0.103516,90.174,1,0.004094,0.194452,1.8762
39.6829,0.066775,3957.26,0.095215,89.946,1,0.002529,0.221448,2.906
39.7061,0.062326,3477.73,0.080078,88.028,1,0.021563,0.068928,1.7163
39.7293,0.081921,2341.4,0.074707,88.099,1,0.000814,0.27169,-6.3747
39.7526,0.170068,2594.4,0.085938,89.821,1,0.019352,0.69961,-5.0086
39.7758,0.237714,2608.82,0.088867,150.019,1,0.501986,0.331773,-1.0492
39.799,0.277953,2258.68,0.104492,74.937,1,0.66752,0.156066,0.8131
39.8222,0.291461,2394.58,0.101074,146.624,1,0.647103,0.047446,-0.5758
39.8454,0.26591,2566.69,0.095703,144.141,1,0.017081,0.091683,-1.9667
39.8687,0.218176,2743.0,0.126953,151.155,1,0.047511,0.197212,-0.2384
39.8919,0.167083,3313.02,0.152832,169.707,1,0.115638,0.265242,-0.9147
39.9151,0.131624,3967.29,0.187012,174.016,1,0.025068,0.237418,-1.0074
39.9383,0.092826,4397.95,0.192383,169.909,1,0.023879,0.345718,-1.9806
39.9615,0.072867,4393.77,0.175781,162.703,1,0.043331,0.240916,-7.6174
39.9848,0.206009,3098.07,0.149902,86.813,1,0.6083,0.95485,-2.7933
40.008,0.27418,2810.76,0.10791,408.333,0,,,
40.0312,0.311263,2476.3,0.096191,89.245,1,,,1.9472
40.0544,0.329678,2356.09,0.083984,89.14,1,0.001178,0.057462,1.803
40.0776,0.280412,2590.98,0.077637,87.829,1,0.014818,0.161506,2.4547
40.1009,0.226191,2760.71,0.089355,87.394,1,0.004966,0.214055,3.1744
40.1241,0.182087,2744.63,0.10791,87.023,1,0.004245,0.216051,1.8496
40.1473,0.152014,2988.22,0.121094,87.268,1,0.002803,0.18002,0.7539
40.1705,0.135901,3308.45,0.129395,87.374,1,0.001219,0.111931,1.9335
40.1937,0.130205,2901.49,0.127441,87.046,1,0.003762,0.042814,1.3186
40.217,0.137212,2702.21,0.115723,87.044,1,2.8e-05,0.05241,1.0519
40.2402,0.192275,2770.28,0.126953,86.896,1,0.0017,0.334234,-3.8486
40.2634,0.199957,2901.82,0.146973,173.017,1,0.662696,0.039172,-3.3878
40.2866,0.202601,2921.29,0.166992,86.253,1,0.669299,0.013135,0.4693
40.3098,0.20344,3127.49,0.172363,86.292,1,0.000454,0.004133,2.1925
40.3331,0.160033,3047.71,0.158203,87.379,1,0.012522,0.238848,4.1316
40.3563,0.157272,2963.17,0.136719,87.341,1,0.000435,0.017402,4.6186
40.3795,0.160363,2965.43,0.12207,174.573,1,0.666108,0.019459,4.4437
40.4027,0.156982,2846.82,0.126953,174.731,1,0.000906,0.021305,2.7203
40.4259,0.15603,3021.78,0.120605,174.694,1,0.000213,0.006083,1.8297
40.4492,0.152058,3055.19,0.117188,87.543,1,0.664674,0.025785,1.9442
40.4724,0.152892,3012.92,0.109375,87.563,1,0.000234,0.005468,1.7349
40.4956,0.164991,2855.48,0.09082,87.419,1,0.001652,0.076123,0.7042
40.5188,0.167311,2647.9,0.094238,174.32,1,0.664029,0.013963,1.4599
40.542,0.173348,2663.28,0.099609,173.564,1,0.004343,0.035441,0.7355
40.5653,0.213008,2863.82,0.105957,87.539,1,0.65894,0.205306,-3.9359
40.5885,0.208739,2717.5,0.109863,174.272,1,0.662565,0.020243,-2.2915
40.6117,0.195588,2505.93,0.146484,153.902,1,0.124141,0.065054,-5.9558
40.6349,0.17693,2949.83,0.157227,153.054,1,0.005523,0.10017,-6.2065
40.6581,0.09651,3612.77,0.20459,152.579,1,0.003111,0.58821,-5.1273
40.6814,0.047245,3944.35,0.276855,116.958,0,,,
40.7046,0.079926,4637.15,0.319824,172.311,1,,,-8.6805
40.7278,0.163463,3816.71,0.312988,170.625,1,0.009832,0.686445,-6.3619
40.751,0.186129,3105.56,0.268066,365.487,1,0.726943,0.129674,-3.5161
40.7742,0.208393,2724.07,0.209473,76.756,1,1.305754,0.112864,-1.2969
40.7975,0.215474,2919.24,0.138184,94.287,1,0.204987,0.033414,1.6764
40.8207,0.176817,2946.54,0.144043,91.986,1,0.024708,0.197087,-0.0475
40.8439,0.173174,3099.94,0.14502,183.908,1,0.666355,0.020816,-1.3184
40.8671,0.162797,3151.37,0.145508,184.882,1,0.005283,0.061773,-1.7044
40.8903,0.146961,3133.03,0.145508,92.806,1,0.66316,0.102249,-1.4099
40.9136,0.137483,3185.41,0.143066,92.449,1,0.003854,0.06664,-0.1133
40.9368,0.121712,3110.06,0.143555,129.78,1,0.33597,0.121694,3.9151
40.96,0.106295,3093.75,0.13916,87.138,1,0.39316,0.135232,5.2065
40.9832,0.090333,3065.91,0.15332,87.442,1,0.003479,0.162353,1.4508
41.0064,0.076075,2868.61,0.197754,131.065,1,0.399282,0.171369,-5.0526
41.0297,0.062122,3829.25,0.251953,261.802,1,0.665552,0.201928,-7.0905
41.0529,0.098161,4133.44,0.290527,183.016,1,0.354238,0.449696,-6.5073
41.0761,0.130993,3508.38,0.283203,354.15,1,0.637173,0.28655,-4.6731
41.0993,0.133226,3154.41,0.279297,164.162,1,0.733105,0.016901,-6.5959
41.1225,0.13041,3216.45,0.250977,164.359,1,0.001204,0.02136,-3.7566
41.1458,0.096863,3817.44,0.219727,112.356,1,0.37586,0.295215,-1.5282
41.169,0.041031,3399.48,0.223633,172.933,0,,,
41.1922,0.048777,3540.0,0.235352,173.55,0,,,
41.2154,0.092845,4011.65,0.22168,174.441,1,,,-9.0621
41.2386,0.138807,3310.42,0.218262,408.333,0,,,
41.2619,0.164649,2683.34,0.203125,181.002,1,,,-4.4185
41.2851,0.182529,2627.26,0.140137,156.264,1,0.146696,0.103007,-3.8973
41.3083,0.180847,2665.64,0.135254,156.316,1,0.000334,0.009261,-2.6309
41.3315,0.154651,2913.61,0.175293,174.243,1,0.108466,0.156161,-0.2185
41.3547,0.130068,3788.0,0.251465,86.985,1,0.668059,0.172684,-5.2205
41.378,0.097303,4631.21,0.282227,315.858,1,1.136286,0.288205,-2.2922
41.4012,0.062362,4694.9,0.276855,172.277,1,0.588286,0.437674,1.1288
41.4244,0.141505,3834.1,0.238281,174.116,1,0.010619,0.77641,-3.0636
41.4476,0.222302,2832.04,0.158203,173.333,1,0.004505,0.444176,-0.3718
41.4708,0.252221,2752.33,0.124512,211.779,1,0.199663,0.126103,0.063
41.4941,0.272428,2623.64,0.124023,178.28,1,0.171763,0.07703,-0.1358
41.5173,0.248344,2584.15,0.119629,179.758,1,0.008253,0.092493,-2.2444
41.5405,0.191979,2834.23,0.124023,91.53,1,0.650441,0.256017,-0.0595
41.5637,0.162533,3042.38,0.132324,91.204,1,0.003562,0.166119,-0.3142
41.5869,0.132599,3024.03,0.149902,183.98,1,0.674282,0.202852,-1.9109
41.6102,0.120036,3168.1,0.150879,185.638,1,0.008971,0.09946,-3.3448
41.6334,0.10931,3144.8,0.150391,188.28,1,0.014131,0.093532,0.6955
41.6566,0.104231,2708.77,0.158203,93.869,1,0.669224,0.047575,1.8
41.6798,0.195017,2830.73,0.133301,92.02,1,0.019897,0.606765,-4.5547
41.703,0.258581,2532.22,0.121094,183.713,1,0.665084,0.280266,0.4257
41.7263,0.299771,2273.6,0.108887,143.278,1,0.247315,0.14754,1.2234
41.7495,0.32246,2367.1,0.094727,143.765,1,0.003391,0.072928,-0.6541
41.7727,0.290908,2317.42,0.101074,143.967,1,0.001407,0.10288,-1.8367
41.7959,0.241891,2340.92,0.115234,71.194,1,0.676453,0.183997,-0.8268
41.8191,0.183667,2458.55,0.132324,143.669,1,0.674618,0.273635,-0.4752
41.8424,0.130713,2544.96,0.125488,146.383,1,0.018712,0.336884,-2.489
41.8656,0.087925,2421.78,0.115234,123.449,1,0.169984,0.391398,-2.3658
41.8888,0.060248,2407.18,0.118652,184.0,1,0.393893,0.373581,-5.0026
41.912,0.100428,2822.57,0.123535,129.753,1,0.345796,0.500137,-10.6304
41.9352,0.22553,2535.67,0.12793,115.41,1,0.117012,0.767595,0.1094
41.9585,0.282964,2405.19,0.135254,91.561,1,0.230455,0.2259,1.1656
41.9817,0.315479,2634.8,0.121582,92.648,1,0.011799,0.108664,1.6952
42.0049,0.326006,2884.68,0.10791,92.665,1,0.000185,0.032821,0.7153
42.0281,0.277329,2916.67,0.11377,92.765,1,0.001081,0.161362,-0.1187
42.0513,0.242034,2814.42,0.112793,92.978,1,0.002293,0.135915,-1.3752
42.0746,0.221605,2830.7,0.128906,92.784,1,0.002083,0.088126,-1.0338
42.0978,0.209789,3007.26,0.130859,92.643,1,0.001523,0.054777,-0.6309
42.121,0.205076,3008.39,0.137695,92.567,1,0.000821,0.022724,1.6339
42.1442,0.202294,2924.91,0.141113,92.642,1,0.000803,0.013655,1.2304
42.1674,0.239926,2918.0,0.13623,234.699,1,0.867948,0.170194,-3.7972
42.1907,0.253105,2743.51,0.134277,234.915,1,0.000923,0.053462,-4.3709
42.2139,0.245872,2601.34,0.143555,93.625,1,0.860111,0.028994,-2.1675
42.2371,0.23794,2850.95,0.149414,135.075,1,0.362488,0.032787,-4.4479
42.2603,0.181197,3078.93,0.17627,67.344,0,,,
42.2835,0.140846,3467.31,0.251953,69.429,0,,,
42.3068,0.117842,4549.87,0.29248,69.682,0,,,
42.33,0.089395,4990.36,0.354492,347.629,1,,,-0.5162
42.3532,0.078604,4927.81,0.367676,229.328,1,0.410088,0.128472,-4.3984
42.3764,0.084609,4417.37,0.287109,230.144,1,0.003553,0.073585,5.0417
42.3996,0.09136,3990.82,0.257812,275.825,1,0.180568,0.076736,3.9422
42.4229,0.102544,4303.27,0.212891,268.373,1,0.027388,0.11536,-2.1868
42.4461,0.118619,3858.28,0.181641,263.576,1,0.018035,0.145367,-4.8662
42.4693,0.128297,3116.45,0.195801,262.556,1,0.003876,0.078384,-2.9965
42.4925,0.149367,2893.6,0.170898,67.792,0,,,
42.5157,0.162306,2842.58,0.146973,69.643,0,,,
42.539,0.179106,2716.24,0.133301,103.522,1,,,-0.7319
42.5622,0.182993,2591.01,0.138184,208.228,1,,,-0.5933
42.5854,0.179296,2980.02,0.143555,69.645,0,,,
42.6086,0.177237,3105.37,0.150391,69.376,0,,,
42.6318,0.16688,3034.91,0.162598,69.324,0,,,
42.6551,0.38403,2584.72,0.130371,69.18,0,,,
42.6783,0.454642,1929.38,0.101562,287.015,1,,,-9.9957
42.7015,0.47105,1642.9,0.086914,103.952,1,,,-2.1629
42.7247,0.484584,1899.47,0.057129,64.853,0,,,
42.7479,0.380048,2164.71,0.062988,68.976,0,,,
42.7712,0.329684,2056.21,0.064941,408.333,0,,,
42.7944,0.339806,1968.92,0.051758,408.333,0,,,
42.8176,0.3674,1998.89,0.045898,399.076,0,,,
42.8408,0.347221,2048.66,0.047363,408.333,0,,,
42.864,0.352043,2054.43,0.047852,408.333,0,,,
42.8873,0.373671,2133.93,0.050781,408.333,0,,,
42.9105,0.353192,2110.9,0.06543,408.333,0,,,
42.9337,0.368494,2008.94,0.051758,408.333,0,,,
42.9569,0.384541,2045.2,0.047852,408.333,0,,,
42.9801,0.360653,1976.88,0.047363,408.333,0,,,
43.0034,0.381937,2103.19,0.04248,408.333,0,,,
43.0266,0.394149,2488.01,0.052734,378.92,1,,,2.9254
43.0498,0.363819,2415.61,0.068848,408.333,0,,,
43.073,0.37452,2342.05,0.057129,408.333,0,,,
43.0962,0.361523,2151.89,0.043945,347.029,1,,,3.9919
43.1195,0.332682,1782.04,0.036621,400.306,0,,,
43.1427,0.35104,1608.48,0.01416,408.333,0,,,
43.1659,0.354928,1872.03,0.020508,200.738,1,,,2.6397
43.1891,0.359894,2331.96,0.028809,185.25,1,0.080251,0.013895,2.6527
43.2123,0.378343,2591.92,0.026367,360.571,1,0.642413,0.04998,2.8986
43.2356,0.367938,2536.88,0.026367,358.843,1,0.004803,0.027884,3.4425
43.2588,0.344174,2308.06,0.019531,364.171,1,0.014738,0.066743,4.7325
43.282,0.30724,2115.87,0.009766,408.333,0,,,
43.3052,0.25505,1780.88,0.008301,408.333,0,,,
43.3284,0.204372,1348.81,0.009277,365.488,1,,,6.9766
43.3517,0.159398,1486.11,0.023926,64.853,0,,,
43.3749,0.226165,2535.89,0.043457,408.333,0,,,
43.3981,0.238831,2562.51,0.054688,211.871,1,,,0.8611
43.4213,0.24463,2322.48,0.072754,89.583,1,0.81132,0.023988,2.3806
43.4445,0.246248,2305.44,0.069336,89.425,1,0.001769,0.006592,0.8579
43.4678,0.16046,2567.65,0.066895,88.882,1,0.006088,0.421864,1.7381
43.491,0.118116,2645.0,0.06543,88.343,1,0.006077,0.304003,1.7936
43.5142,0.093314,2563.86,0.081543,87.644,1,0.007943,0.234609,1.2868
43.5374,0.07459,3492.94,0.09082,87.744,1,0.00114,0.223038,2.4674
43.5606,0.068949,4062.3,0.124023,87.38,1,0.004164,0.078594,2.2574
43.5839,0.066333,4482.19,0.174316,87.463,1,0.000957,0.038672,0.4
43.6071,0.081659,4779.48,0.189453,87.071,1,0.004495,0.207114,-5.8285
43.6303,0.215281,3367.32,0.180176,89.883,1,0.031783,0.899991,-3.3767
43.6535,0.267749,2391.37,0.143066,370.415,1,1.218913,0.217246,-2.479
43.6767,0.314888,1957.29,0.09375,153.17,1,0.829837,0.161814,-2.7853
43.7,0.34525,1980.39,0.049316,144.115,1,0.060916,0.091988,-2.3186
43.7232,0.297442,1989.27,0.057617,136.463,1,0.054546,0.148775,-1.4215
43.7464,0.271701,2154.67,0.061523,137.731,1,0.00925,0.090456,-2.5236
43.7696,0.252147,2154.57,0.057129,140.99,1,0.023383,0.074654,1.0635
43.7928,0.211316,1849.37,0.060547,151.273,1,0.070368,0.176198,0.7219
43.8161,0.204234,1556.27,0.040039,162.034,1,0.068692,0.034086,-0.4728
43.8393,0.221846,1278.58,0.036133,161.235,1,0.00494,0.082668,-0.2126
43.8625,0.275603,2244.2,0.04834,192.969,1,0.179185,0.216134,-3.863
43.8857,0.328858,2388.71,0.046875,111.633,1,0.534044,0.176206,-0.9823
43.9089,0.350088,2218.21,0.068848,89.369,1,0.221536,0.062538,-1.0482
43.9322,0.341366,2169.12,0.080566,87.654,1,0.019377,0.02523,-1.8751
43.9554,0.297826,2371.69,0.07373,87.604,1,0.000569,0.136231,-2.078
43.9786,0.25208,2465.15,0.081543,87.627,1,0.000264,0.166378,0.4128
44.0018,0.215459,2314.34,0.086914,87.534,1,0.001066,0.156655,-1.4408
44.025,0.207031,2687.0,0.066895,87.365,1,0.001931,0.039895,-2.5425
44.0483,0.180781,2732.82,0.065918,87.486,1,0.001385,0.135377,0.3746
44.0715,0.163077,2192.08,0.070312,177.387,1,0.678826,0.102972,-0.2518
44.0947,0.195331,2278.85,0.069336,175.491,1,0.010748,0.179984,-2.2887
44.1179,0.223291,2651.73,0.093262,174.962,1,0.003021,0.133582,-1.8004
44.1411,0.22538,2758.06,0.120117,180.176,1,0.029363,0.009312,-1.0041
44.1644,0.231331,2844.06,0.128418,178.214,1,0.010948,0.026059,1.8422
44.1876,0.210748,2986.37,0.129395,175.652,1,0.014476,0.093119,3.1063
44.2108,0.156956,2811.95,0.118164,174.992,1,0.003768,0.29258,2.5468
44.234,0.132944,2528.1,0.084473,174.94,1,0.000296,0.165661,-2.181
44.2572,0.099238,2215.83,0.065918,174.787,1,0.000874,0.290339,0.8157
44.2805,0.057678,2066.48,0.055176,174.552,1,0.001348,0.529719,-2.2083
44.3037,0.045397,1948.47,0.065918,175.934,0,,,
44.3269,0.074558,2867.99,0.099609,176.226,1,,,-2.6814
44.3501,0.122543,2800.69,0.114746,176.999,1,0.004372,0.486905,-1.5989
44.3733,0.160881,2565.44,0.125488,230.647,1,0.263212,0.270533,2.1296
44.3966,0.183481,2652.88,0.132324,174.808,1,0.275439,0.131259,2.358
44.4198,0.194485,2760.06,0.123047,174.62,1,0.001076,0.05823,0.1706
44.443,0.211045,2882.29,0.126953,87.059,1,0.669222,0.081667,-3.4279
44.4662,0.193581,2791.56,0.13623,175.522,1,0.673794,0.086321,-2.1295
44.4894,0.175232,2750.43,0.148926,101.718,1,0.532418,0.099504,-2.4347
44.5127,0.149794,3235.35,0.152832,279.454,1,0.932574,0.156527,-4.0866
44.5359,0.07709,3461.0,0.18457,174.172,1,0.464179,0.64089,-5.6102
44.5591,0.049782,3849.0,0.279297,171.905,0,,,
44.5823,0.106298,5089.43,0.310547,84.863,1,,,-3.2151
44.6055,0.169875,3521.0,0.306152,174.606,1,0.691742,0.460418,-0.2565
44.6288,0.207036,2895.47,0.267578,290.705,1,0.499015,0.197185,-0.7686
44.652,0.260821,2626.81,0.149414,291.531,1,0.002837,0.229921,-1.0921
44.6752,0.287431,2382.71,0.086426,315.14,1,0.07783,0.097072,1.1586
44.6984,0.28378,2242.16,0.07959,187.719,1,0.506786,0.012784,0.5374
44.7216,0.289854,2393.47,0.074219,186.803,1,0.004893,0.021179,-1.4614
44.7449,0.275573,2448.83,0.08252,184.24,1,0.013811,0.050515,0.8082
44.7681,0.24039,2319.83,0.080078,193.927,1,0.051227,0.136379,1.2895
44.7913,0.228707,2360.26,0.063965,205.567,1,0.058275,0.049809,0.1347
44.8145,0.214141,2287.98,0.052246,262.092,1,0.241737,0.065787,6.1323
44.8377,0.178925,2205.05,0.042969,354.247,1,0.29904,0.179186,4.1989
44.861,0.18601,2386.49,0.035645,351.336,1,0.008253,0.038832,1.0709
44.8842,0.185392,2389.62,0.040527,344.675,1,0.019141,0.00333,6.7061
44.9074,0.162341,2599.74,0.052734,347.12,1,0.00707,0.132578,3.8075
44.9306,0.206826,2987.64,0.07373,408.333,0,,,
44.9538,0.207559,3000.43,0.07666,408.333,0,,,
44.9771,0.188672,2813.12,0.092773,315.629,1,,,1.1548
45.0003,0.196325,2959.62,0.075684,315.544,1,,,3.8624
45.0235,0.148944,2916.46,0.060059,408.333,0,,,
45.0467,0.117824,3391.12,0.099609,408.333,0,,,
45.0699,0.123631,4434.29,0.091309,408.333,0,,,
45.0932,0.126643,3868.85,0.112793,408.333,0,,,
45.1164,0.144933,2723.65,0.130859,397.408,0,,,
45.1396,0.173201,2511.73,0.104492,164.709,1,,,-5.1622
45.1628,0.182317,2379.36,0.117188,211.254,1,0.247606,0.051283,-4.9408
45.186,0.17367,2361.1,0.135742,141.1,1,0.398202,0.048576,-4.0555
45.2093,0.156599,2681.75,0.128418,69.29,0,,,
45.2325,0.122253,2861.69,0.132324,155.268,1,,,-2.5403
45.2557,0.08995,2735.86,0.174805,155.391,1,0.00079,0.304453,-1.6006
45.2789,0.069775,3634.2,0.20459,171.812,1,0.100372,0.252621,-1.0612
45.3021,0.176642,4004.07,0.22168,173.111,1,0.007537,0.867367,-1.0694
45.3254,0.22514,3055.55,0.213379,173.49,1,0.002183,0.241412,0.4777
45.3486,0.24638,2837.22,0.158691,214.011,1,0.209143,0.090094,1.2108
45.3718,0.267626,2653.59,0.110352,95.939,1,0.761883,0.082669,1.8072
45.395,0.2262,2435.72,0.087891,177.223,1,0.595139,0.167778,3.3781
45.4182,0.190385,2565.15,0.09668,181.347,1,0.023001,0.171946,3.5312
45.4415,0.175913,2717.52,0.10791,183.981,1,0.014419,0.079019,5.8605
45.4647,0.148441,3020.11,0.123047,184.384,1,0.00219,0.169397,5.833
45.4879,0.116437,3516.6,0.117676,184.711,1,0.001773,0.241646,3.5061
45.5111,0.093581,3356.45,0.104492,184.567,1,0.000783,0.217657,3.6988
45.5343,0.095733,2734.75,0.105469,183.841,1,0.003938,0.02273,-7.731
45.5576,0.389154,2509.16,0.074219,173.766,1,0.056351,1.210266,-2.9041
45.5808,0.474052,1793.12,0.072754,335.803,1,0.635979,0.196705,-8.1349
45.604,0.500814,1520.01,0.07959,111.945,1,0.99993,0.054904,-3.6038
45.6272,0.510488,1898.6,0.061523,64.853,0,,,
45.6504,0.361682,2128.12,0.070801,73.003,1,,,-2.3359
45.6737,0.270154,2150.92,0.07666,126.346,1,0.535173,0.289722,-0.993
45.6969,0.237261,2308.56,0.075195,73.576,1,0.527907,0.129648,-0.8769
45.7201,0.235487,2311.61,0.070312,64.853,0,,,
45.7433,0.232744,2058.38,0.063965,64.853,0,,,
45.7665,0.21517,1852.43,0.060059,64.853,0,,,
45.7898,0.287954,2256.5,0.058105,64.853,0,,,
45.813,0.335696,2415.35,0.063965,64.853,0,,,
45.8362,0.345082,2226.23,0.077637,86.468,1,,,-3.5702
45.8594,0.376843,2175.28,0.07666,91.744,1,0.059214,0.087989,-3.6321
45.8826,0.346576,2219.72,0.072266,92.1,1,0.003876,0.083678,-3.0019
45.9059,0.30876,2293.67,0.072266,92.397,1,0.00322,0.115407,-2.4438
45.9291,0.310231,2320.51,0.070312,91.97,1,0.004636,0.004753,-1.8713
45.9523,0.293264,2462.96,0.071777,67.792,0,,,
45.9755,0.270403,2696.19,0.08252,68.128,0,,,
45.9987,0.269327,2546.83,0.082031,68.129,0,,,
46.022,0.266905,2553.93,0.075195,68.052,0,,,
46.0452,0.448973,2141.12,0.060059,68.242,0,,,
46.0684,0.481153,1642.36,0.046875,261.109,1,,,-8.5847
46.0916,0.486327,1504.18,0.046387,64.853,0,,,
46.1148,0.477732,1876.51,0.050293,64.853,0,,,
46.138,0.304367,2159.37,0.057129,65.476,0,,,
46.1613,0.257105,2151.97,0.063965,65.278,0,,,
46.1845,0.225921,2313.5,0.072266,408.333,0,,,
46.2077,0.217172,2422.72,0.07373,317.408,1,,,1.0361
46.2309,0.203057,2282.8,0.082031,64.853,0,,,
46.2541,0.181516,2144.51,0.088379,371.598,1,,,-0.8173
46.2774,0.174367,2138.57,0.084961,66.893,0,,,
46.3006,0.17752,2416.2,0.095215,64.853,0,,,
46.3238,0.175759,2744.92,0.11084,257.382,1,,,-1.6226
46.347,0.177304,2867.02,0.123535,87.627,1,0.984059,0.008751,-0.108
46.3702,0.217824,2916.46,0.134766,186.651,1,0.722065,0.205097,-5.0616
46.3935,0.221709,2718.84,0.137207,187.358,1,0.003782,0.01768,-3.4006
46.4167,0.224905,2439.13,0.135742,166.319,1,0.118973,0.014313,-3.0788
46.4399,0.217058,2589.61,0.126953,156.66,1,0.059814,0.035512,-1.234
46.4631,0.161815,3067.98,0.112793,92.43,1,0.515716,0.29162,-3.8946
46.4863,0.130102,2876.65,0.100586,91.866,1,0.006119,0.21727,-1.7455
46.5096,0.168449,2177.27,0.10498,91.522,1,0.003756,0.256888,-9.9069
46.5328,0.401967,2008.84,0.082031,152.59,1,0.50033,0.818761,-4.435
46.556,0.455777,1667.33,0.077637,167.262,1,0.091743,0.12547,-5.8384
46.5792,0.465984,1611.07,0.083496,92.275,1,0.577856,0.022147,-2.2477
46.6024,0.484262,2110.89,0.059082,90.129,1,0.023525,0.038469,-0.8405
46.6257,0.359689,2062.13,0.070801,64.853,0,,,
46.6489,0.351678,2035.08,0.067383,408.333,0,,,
46.6721,0.40624,2068.87,0.049805,408.333,0,,,
46.6953,0.391267,2074.22,0.051758,408.333,0,,,
46.7185,0.414011,2045.69,0.039551,408.333,0,,,
46.7418,0.428408,1996.09,0.035645,408.333,0,,,
46.765,0.405853,1962.62,0.045898,408.333,0,,,
46.7882,0.443748,2006.85,0.033691,408.333,0,,,
46.8114,0.446209,1984.45,0.040527,396.187,0,,,
46.8346,0.426973,2003.32,0.048828,386.425,0,,,
46.8579,0.461861,2117.32,0.038574,379.519,1,,,4.0944
46.8811,0.447748,2341.35,0.050781,393.07,0,,,
46.9043,0.432305,2400.53,0.055176,408.333,0,,,
46.9275,0.458127,2262.35,0.047363,408.333,0,,,
46.9507,0.421033,2251.95,0.056641,309.981,1,,,4.2692
46.974,0.411658,2091.4,0.04834,408.333,0,,,
46.9972,0.425107,2145.15,0.036621,400.769,0,,,
47.0204,0.392107,2129.66,0.039062,394.989,0,,,
47.0436,0.405214,2089.27,0.027832,396.887,0,,,
47.0668,0.41537,2244.16,0.02832,396.318,0,,,
47.0901,0.392755,2372.99,0.02832,355.203,1,,,2.942
47.1133,0.389427,2206.47,0.02002,355.089,1,0.000323,0.008508,4.7488
47.1365,0.35878,2154.28,0.016602,358.775,1,0.010328,0.081922,5.1176
47.1597,0.302669,2097.51,0.01123,399.012,0,,,
47.1829,0.259319,2140.33,0.008301,408.333,0,,,
47.2062,0.200661,1875.27,0.009766,397.919,0,,,
47.2294,0.184743,1568.86,0.018066,395.891,0,,,
47.2526,0.230834,2513.14,0.033203,378.168,1,,,-0.6987
47.2758,0.239577,2530.95,0.050293,183.168,1,0.694772,0.03717,0.592
47.299,0.244183,2457.14,0.071777,89.828,1,0.683815,0.019045,2.0812
47.3223,0.222504,2799.75,0.081543,88.639,1,0.013327,0.092909,1.9149
47.3455,0.148472,2924.25,0.071777,88.359,1,0.003165,0.399118,2.8161
47.3687,0.10793,2646.62,0.071777,90.2,1,0.020619,0.316238,2.0635
47.3919,0.088555,2823.95,0.112305,87.954,1,0.025212,0.197211,0.7686
47.4151,0.080255,4432.86,0.15625,87.776,1,0.002023,0.098346,0.2581
47.4384,0.077844,4817.43,0.233398,88.709,1,0.010567,0.030489,-0.875
47.4616,0.079434,4802.33,0.280273,88.675,1,0.000384,0.020217,-4.5308
47.4848,0.157377,4208.91,0.246094,88.088,1,0.006635,0.658267,-6.2386
47.508,0.246436,2676.84,0.194824,108.852,1,0.210861,0.441093,-2.5259
47.5312,0.296124,2185.77,0.126465,278.202,1,0.875073,0.183159,-0.2945
47.5545,0.348562,1880.04,0.072266,143.72,1,0.637476,0.162681,-1.787
47.5777,0.350967,1882.39,0.044434,144.233,1,0.003565,0.006875,-0.743
47.6009,0.308151,1650.04,0.04541,143.813,1,0.002913,0.129919,-2.445
47.6241,0.29542,1668.09,0.036621,156.204,1,0.082602,0.042185,-0.8881
47.6473,0.252736,1748.9,0.038574,170.264,1,0.08613,0.155738,0.8762
47.6706,0.221997,1787.42,0.05957,176.037,1,0.033344,0.129501,-1.2927
47.6938,0.238753,1982.59,0.051758,176.418,1,0.002162,0.072735,-1.1977
47.717,0.270504,2250.69,0.069824,176.129,1,0.001642,0.124695,-2.2966
47.7402,0.313169,2573.94,0.075195,176.036,1,0.000524,0.146198,-2.1324
47.7634,0.339162,2474.1,0.062988,89.533,1,0.651454,0.079691,-0.2182
47.7867,0.348911,2197.66,0.067383,89.499,1,0.000383,0.028337,-1.4745
47.8099,0.314592,2136.26,0.060547,87.853,1,0.018559,0.103448,-2.1291
47.8331,0.280329,2268.56,0.052246,87.897,1,0.0005,0.115183,0.6846
47.8563,0.245022,2121.92,0.0625,90.784,1,0.032309,0.134416,1.8598
47.8795,0.203401,2082.28,0.07959,87.603,1,0.035659,0.185632,-0.786
47.9028,0.184901,3024.56,0.062012,408.333,0,,,
47.926,0.139535,2823.2,0.05957,106.207,1,,,5.3537
47.9492,0.129427,2042.99,0.049316,92.734,1,,,0.1762
47.9724,0.173652,2722.7,0.053223,64.853,0,,,
47.9956,0.188219,2845.18,0.084961,364.686,1,,,-3.8212
48.0189,0.21571,2690.36,0.097168,317.049,1,,,-1.1161
48.0421,0.228205,2557.53,0.114258,408.333,0,,,
48.0653,0.201441,2609.12,0.106934,116.809,1,,,2.4663
48.0885,0.18431,2596.66,0.104004,118.051,1,0.01058,0.08882,1.882
48.1117,0.15752,2754.69,0.127441,174.585,1,0.386375,0.156743,0.9121
48.135,0.132949,3037.24,0.175781,174.72,1,0.000771,0.16918,-1.995
48.1582,0.107392,3793.55,0.246094,175.384,1,0.003795,0.212671,-5.8646
48.1814,0.083721,4745.77,0.297363,173.571,1,0.010394,0.247716,-1.4289
48.2046,0.078528,5018.02,0.311035,171.611,1,0.011355,0.064013,-2.7534
48.2278,0.123648,4103.28,0.259277,175.097,1,0.020111,0.446344,-0.2858
48.2511,0.141435,2989.17,0.199707,174.041,1,0.006047,0.134196,-0.4353
48.2743,0.150593,2637.71,0.155762,172.753,1,0.007432,0.062718,-0.0583
48.2975,0.182407,3001.92,0.129395,173.06,1,0.001777,0.19108,-3.6436
48.3207,0.180259,2970.21,0.132324,86.806,1,0.663835,0.011847,-2.6772
48.3439,0.179096,2835.78,0.144531,173.172,1,0.66441,0.006472,-3.8387
48.3672,0.182332,2829.48,0.146973,282.553,1,0.480031,0.017904,0.5571
48.3904,0.154139,3206.22,0.152344,173.022,1,0.480849,0.167579,-1.9064
48.4136,0.128043,2972.71,0.164551,87.537,1,0.656164,0.184956,-3.912
48.4368,0.120285,2606.05,0.160156,174.914,1,0.665855,0.062481,-3.528
48.46,0.178154,2838.32,0.161621,161.476,1,0.079898,0.387807,-4.9249
48.4833,0.227852,2764.12,0.150879,232.495,1,0.360529,0.244813,-3.9782
48.5065,0.252654,2437.89,0.13916,159.379,1,0.373163,0.103235,-2.478
48.5297,0.306981,2410.15,0.112793,334.782,1,0.709905,0.194151,-1.1217
48.5529,0.303352,2354.22,0.095215,183.429,1,0.584137,0.011891,1.186
48.5761,0.287274,2295.66,0.094238,184.368,1,0.005107,0.054447,-1.595
48.5994,0.297939,2500.31,0.078613,185.679,1,0.007085,0.036449,-0.1287
48.6226,0.257089,2353.74,0.084473,185.729,1,0.000269,0.147199,0.7682
48.6458,0.237064,2203.04,0.086914,184.785,1,0.005091,0.081048,-1.6229
48.669,0.237659,2366.41,0.071777,184.107,1,0.003677,0.002507,2.2877
48.6922,0.206786,2323.69,0.07959,261.878,1,0.34876,0.138929,4.2282
48.7155,0.196254,2450.78,0.080078,261.927,1,0.000186,0.052261,0.9951
48.7387,0.204425,2485.53,0.062988,262.15,1,0.000851,0.040784,3.6448
48.7619,0.178856,2062.9,0.066895,260.931,1,0.004659,0.133419,3.7206
48.7851,0.176231,1798.86,0.054199,257.513,1,0.013187,0.01479,0.3477
48.8083,0.222829,2391.62,0.060059,330.189,1,0.247324,0.23354,0.6743
48.8316,0.200694,2796.73,0.09082,314.487,1,0.048712,0.104528,-0.0967
48.8548,0.199914,2677.21,0.097656,320.379,1,0.018559,0.003894,-0.0165
48.878,0.201737,3109.52,0.100098,320.524,1,0.000454,0.009078,6.383
48.9012,0.131742,2956.94,0.105469,309.883,1,0.03376,0.419783,4.804
48.9244,0.128688,3175.5,0.089844,408.333,0,,,
48.9477,0.127014,3516.04,0.086426,408.333,0,,,
48.9709,0.104304,3405.35,0.124023,408.333,0,,,
48.9941,0.106012,3379.12,0.132324,408.333,0,,,
49.0173,0.101311,3555.46,0.12793,408.333,0,,,
49.0405,0.081731,3120.99,0.137207,408.333,0,,,
49.0638,0.077804,2509.72,0.10498,408.333,0,,,
49.087,0.068886,2393.64,0.077637,408.333,0,,,
49.1102,0.054053,2176.4,0.086914,173.49,1,,,0.2098
49.1334,0.053168,2041.74,0.091309,173.602,1,0.000645,0.016512,-2.1088
49.1566,0.07548,2169.03,0.104004,173.482,1,0.000692,0.346862,-4.3499
49.1799,0.220038,2387.94,0.114258,173.228,1,0.001465,0.978341,-3.2059
49.2031,0.26337,2470.22,0.104004,291.249,1,0.508189,0.179278,-0.9671
49.2263,0.284904,2322.52,0.101562,197.94,1,0.381486,0.07855,-2.6013
49.2495,0.294829,2195.77,0.09668,94.726,1,0.705331,0.034241,-3.89
49.2727,0.219776,2312.45,0.10791,195.863,1,0.696079,0.29169,-0.1733
49.296,0.174063,2602.46,0.128418,86.978,1,0.769939,0.232143,-1.6238
49.3192,0.135613,2930.59,0.178711,177.351,1,0.683794,0.248324,-1.2872
49.3424,0.094581,3356.07,0.197266,88.108,1,0.672367,0.356496,-3.7607
49.3656,0.063618,4166.4,0.195312,318.899,1,1.134088,0.391448,-2.7409
49.3888,0.038696,3647.21,0.25293,87.475,0,,,
49.4121,0.149848,4352.52,0.222168,175.261,1,,,-0.7823
49.4353,0.245986,3088.84,0.193359,382.981,0,,,
49.4585,0.300093,2304.3,0.183105,362.29,1,,,-3.1279
49.4817,0.343645,2174.0,0.106934,74.999,1,1.313966,0.135309,-1.6091
49.5049,0.345649,2373.68,0.07959,70.95,1,0.055489,0.005813,-4.797
49.5282,0.326005,2241.57,0.083984,70.017,1,0.013225,0.058495,-5.6976
49.5514,0.307856,2117.27,0.080566,69.998,0,,,
49.5746,0.287668,2038.23,0.072754,67.468,0,,,
49.5978,0.26013,1968.59,0.06543,67.25,0,,,
49.621,0.238091,2030.89,0.063965,65.195,0,,,
49.6443,0.239333,2411.2,0.063477,64.853,0,,,
49.6675,0.265148,2916.78,0.060547,66.095,0,,,
49.6907,0.340058,2488.03,0.0625,66.511,0,,,
49.7139,0.374435,1975.74,0.062012,91.89,1,,,-4.7555
49.7371,0.389578,1963.45,0.066895,98.859,1,0.073072,0.039641,-2.5401
49.7604,0.372907,2093.12,0.089355,92.699,1,0.064317,0.04373,-1.7017
49.7836,0.330843,2279.02,0.10498,77.654,1,0.176638,0.11954,-1.0438
49.8068,0.304122,2576.22,0.111816,77.529,1,0.001607,0.084166,0.3473
49.83,0.26942,3342.91,0.120117,77.555,1,0.000336,0.12101,0.82
49.8532,0.261356,3670.41,0.123047,67.198,0,,,
49.8765,0.24991,3388.09,0.121094,64.853,0,,,
49.8997,0.237428,3407.52,0.126953,64.853,0,,,
49.9229,0.261942,3282.37,0.117188,64.853,0,,,
49.9461,0.29388,2438.43,0.106445,64.853,0,,,
49.9693,0.306788,2199.68,0.099609,69.225,0,,,
49.9926,0.307448,2294.1,0.089355,69.369,0,,,
50.0158,0.293016,2188.63,0.07959,69.367,0,,,
50.039,0.264503,2077.92,0.06543,408.333,0,,,
50.0622,0.23792,1967.85,0.05957,408.333,0,,,
50.0854,0.215998,1831.09,0.054688,69.344,0,,,
50.1087,0.215545,1875.21,0.055176,69.19,0,,,
50.1319,0.198204,1856.81,0.062988,209.612,1,,,-0.6255
50.1551,0.200891,2229.56,0.081055,250.504,1,0.177748,0.013469,-2.0371
50.1783,0.210463,2636.52,0.092773,305.334,1,0.197288,0.046536,-0.5726
50.2015,0.206872,2607.53,0.100098,218.357,1,0.332169,0.017207,0.0404
50.2248,0.213415,2503.69,0.112793,216.834,1,0.006998,0.031136,1.8401
50.248,0.20192,2464.98,0.102539,211.731,1,0.023815,0.055356,2.8648
50.2712,0.200757,2493.6,0.108887,208.876,1,0.013578,0.005772,-0.1922
50.2944,0.202479,2532.03,0.123535,208.125,1,0.003598,0.008539,-2.356
50.3176,0.189482,2729.48,0.111328,69.266,0,,,
50.3409,0.169541,2765.45,0.11084,69.174,0,,,
50.3641,0.145577,2367.02,0.099609,233.509,1,,,-4.8328
50.3873,0.286811,2429.24,0.087891,206.31,1,0.123683,0.653275,-3.6743
50.4105,0.436282,2118.47,0.077148,231.635,1,0.115655,0.413421,-10.5745
50.4337,0.466991,1752.74,0.069824,128.311,1,0.574107,0.067995,-1.5879
50.457,0.477217,1921.98,0.080078,66.733,0,,,
50.4802,0.420768,2456.53,0.075684,69.358,0,,,
50.5034,0.35352,2469.25,0.075684,69.988,0,,,
50.5266,0.386427,2229.98,0.069824,139.376,1,,,4.0571
50.5498,0.444456,2131.99,0.041992,408.333,0,,,
50.5731,0.511904,2136.84,0.025879,408.333,0,,,
50.5963,0.503895,2013.57,0.023438,354.991,1,,,5.0326
50.6195,0.514708,2055.01,0.016113,408.333,0,,,
50.6427,0.55018,2138.1,0.01416,408.333,0,,,
50.6659,0.520233,1998.11,0.020508,408.333,0,,,
50.6892,0.536871,1885.7,0.016113,397.025,0,,,
50.7124,0.567223,1937.88,0.01416,396.945,0,,,
50.7356,0.527043,1970.75,0.025391,408.333,0,,,
50.7588,0.542907,2314.87,0.020996,408.333,0,,,
50.782,0.562827,2428.23,0.022461,408.333,0,,,
50.8053,0.517189,2240.84,0.024414,408.333,0,,,
50.8285,0.529176,2118.47,0.016113,408.333,0,,,
50.8517,0.527321,2157.98,0.011719,408.333,0,,,
50.8749,0.482453,1968.05,0.016113,408.333,0,,,
50.8981,0.494536,1870.91,0.015137,408.333,0,,,
50.9214,0.488801,2127.74,0.016602,408.333,0,,,
50.9446,0.463744,2207.31,0.016113,408.333,0,,,
50.9678,0.464594,2127.52,0.01123,408.333,0,,,
50.991,0.433293,2023.04,0.013672,408.333,0,,,
51.0142,0.383467,1825.12,0.008301,408.333,0,,,
51.0375,0.340688,1596.98,0.008301,64.853,0,,,
51.0607,0.27519,1644.39,0.008789,64.853,0,,,
51.0839,0.218905,1817.26,0.009277,64.853,0,,,
51.1071,0.197999,2608.1,0.049805,64.853,0,,,
51.1303,0.18357,3097.53,0.069824,408.333,0,,,
51.1536,0.176339,2811.17,0.098145,408.333,0,,,
51.1768,0.172599,2612.98,0.123535,88.863,1,,,-1.374
51.2,0.146319,2882.59,0.10791,87.548,1,0.014908,0.164804,0.3002
51.2232,0.111849,2869.07,0.106934,87.577,1,0.000332,0.267033,0.4527
51.2464,0.091891,2921.44,0.104004,87.881,1,0.003469,0.195921,1.3824
51.2697,0.08195,3268.98,0.097656,88.281,1,0.004543,0.114371,1.8728
51.2929,0.069296,3882.56,0.088867,87.532,1,0.008524,0.167333,1.964
51.3161,0.062183,3431.55,0.079102,87.597,1,0.000738,0.108194,2.6301
51.3393,0.061286,2574.81,0.089844,87.827,1,0.002629,0.014533,-0.6926
51.3625,0.18287,3065.84,0.096191,89.273,1,0.016328,0.995956,-2.5753
51.3858,0.232864,2659.9,0.107422,112.503,1,0.23025,0.240512,-1.5691
51.409,0.266437,2391.06,0.124023,141.246,1,0.226549,0.13448,-3.9747
51.4322,0.319903,2277.43,0.096191,283.495,1,0.669816,0.182371,-0.0169
51.4554,0.288899,2410.16,0.098633,157.558,1,0.571074,0.101852,-0.0302
51.4786,0.268252,2468.53,0.077148,165.263,1,0.047735,0.074115,-1.5678
51.5019,0.268687,2437.93,0.050293,177.991,1,0.07416,0.001619,3.6138
51.5251,0.210794,1657.7,0.043945,178.516,1,0.002946,0.241482,4.4408
51.5483,0.199471,958.86,0.013184,235.227,1,0.274135,0.055197,3.005
51.5715,0.213793,1142.61,0.008301,64.853,0,,,
51.5947,0.21223,2835.01,0.063477,350.153,1,,,-0.1921
51.618,0.236978,2996.64,0.07666,363.127,1,0.03638,0.110182,-3.5148
51.6412,0.26046,2666.03,0.089355,323.374,1,0.115813,0.094412,0.7564
51.6644,0.24448,2379.06,0.108398,324.983,1,0.004961,0.063293,0.9901
51.6876,0.231707,2572.73,0.069824,174.513,1,0.602488,0.053646,1.5751
51.7108,0.229493,2823.68,0.073242,174.002,1,0.002929,0.009602,2.5337
51.7341,0.189973,2950.22,0.09082,173.582,1,0.002418,0.188431,2.6796
51.7573,0.18111,3010.21,0.086426,174.056,1,0.002725,0.047764,4.578
51.7805,0.167592,3463.44,0.072266,408.333,0,,,
51.8037,0.122155,2578.1,0.057129,393.795,0,,,
51.8269,0.126882,2121.33,0.053711,397.799,0,,,
51.8502,0.181877,3474.57,0.07959,349.457,1,,,-3.0687
51.8734,0.188546,3003.69,0.109863,344.195,1,0.015173,0.036009,-3.1422
51.8966,0.20941,2864.92,0.143555,322.579,1,0.064838,0.104857,2.6515
51.9198,0.217295,3045.54,0.144531,176.786,1,0.583914,0.036954,3.0536
51.943,0.173323,3023.13,0.149414,173.589,1,0.018249,0.225138,3.2719
51.9663,0.154661,3072.42,0.14502,173.658,1,0.000398,0.113797,2.5131
51.9895,0.123815,3096.6,0.122559,174.061,1,0.002318,0.221537,1.5061
52.0127,0.093847,2702.27,0.116211,174.036,1,0.000142,0.275365,3.757
52.0359,0.071577,1839.93,0.088379,173.241,1,0.004581,0.269239,3.5069
52.0591,0.073136,2657.28,0.113281,173.184,1,0.000327,0.021541,-1.7573
52.0824,0.118802,3718.39,0.130859,261.167,1,0.405123,0.475842,-3.6687
52.1056,0.14594,3160.63,0.145996,263.033,1,0.007119,0.205013,-2.0955
52.1288,0.16703,2832.15,0.166016,199.923,1,0.272638,0.134772,2.7431
52.152,0.169305,3051.66,0.157715,178.549,1,0.112952,0.013528,4.1105
52.1752,0.188791,3087.57,0.165039,176.204,1,0.013222,0.10883,-2.1592
52.1985,0.179904,2950.14,0.157715,173.552,1,0.015161,0.048206,-0.6322
52.2217,0.16417,2769.0,0.161621,308.174,1,0.558914,0.091457,-0.9919
52.2449,0.159849,2817.6,0.154785,307.744,1,0.001397,0.026672,0.0897
52.2681,0.102286,3224.2,0.148926,266.082,1,0.145207,0.439183,3.8319
52.2913,0.087837,2682.33,0.166992,132.439,1,0.670697,0.152002,4.5401
52.3146,0.097524,3368.4,0.208008,66.379,0,,,
52.3378,0.208279,3445.7,0.204102,264.677,1,,,-3.1632
52.361,0.243916,2714.42,0.1875,259.795,1,0.018618,0.157617,-1.3379
52.3842,0.28356,2477.22,0.161133,327.515,1,0.23061,0.150316,0.0588
52.4074,0.318444,2395.12,0.09082,333.375,1,0.017733,0.115896,1.0849
52.4307,0.271216,2337.57,0.082031,183.475,1,0.580051,0.160187,-0.7476
52.4539,0.256575,2397.08,0.07959,181.928,1,0.008466,0.055482,-1.1604
52.4771,0.238292,2591.91,0.073242,176.777,1,0.028724,0.073892,2.9421
52.5003,0.190496,2423.88,0.069336,172.288,1,0.02572,0.222935,0.9639
52.5235,0.189042,2275.32,0.053223,306.133,1,0.55953,0.007663,1.3806
52.5468,0.188801,1903.26,0.041016,208.241,1,0.380623,0.001274,6.2593
52.57,0.157065,1684.26,0.028809,209.008,1,0.003673,0.183517,4.759
52.5932,0.163764,2188.04,0.027832,365.893,1,0.545782,0.041762,3.4444
52.6164,0.170081,2011.3,0.034668,64.853,0,,,
52.6396,0.145671,2018.04,0.046387,408.333,0,,,
52.6629,0.177376,2352.03,0.070801,408.333,0,,,
52.6861,0.199109,2911.16,0.086914,408.333,0,,,
52.7093,0.180786,2919.77,0.116211,408.333,0,,,
52.7325,0.187042,2831.14,0.109375,316.49,1,,,2.4601
52.7557,0.164843,3132.68,0.081543,308.666,1,,,7.9432
52.779,0.116575,2284.02,0.064941,408.333,0,,,
52.8022,0.115997,1521.97,0.026855,359.31,1,,,6.3831
52.8254,0.116832,2017.89,0.053223,408.333,0,,,
52.8486,0.135876,3362.92,0.091309,408.333,0,,,
52.8718,0.16797,3068.58,0.118652,408.333,0,,,
52.8951,0.184135,2728.59,0.149902,189.305,1,,,5.7068
52.9183,0.18716,2919.41,0.155762,185.846,1,0.01844,0.016293,4.9673
52.9415,0.174955,2937.6,0.151367,184.792,1,0.005688,0.06741,-0.6808
52.9647,0.152597,2886.62,0.152344,183.449,1,0.007292,0.136511,4.115
52.9879,0.127328,3032.57,0.175781,176.522,1,0.038487,0.18054,-0.6191
53.0112,0.10395,3196.0,0.179688,169.778,1,0.038952,0.202172,-1.7251
53.0344,0.107937,3449.46,0.210449,166.677,1,0.018434,0.03764,-5.8107
53.0576,0.145443,3356.92,0.208984,144.726,1,0.140976,0.296046,-4.3372
53.0808,0.148723,3050.86,0.17041,314.547,1,0.739519,0.0223,-2.9995
53.104,0.150394,2618.19,0.159668,224.422,1,0.334435,0.011169,-2.4102
53.1273,0.132418,2323.05,0.136719,225.51,1,0.004836,0.127125,0.9479
53.1505,0.073414,2683.99,0.155273,87.442,1,0.882356,0.573317,-0.3109
53.1737,0.059371,3021.99,0.189941,65.3,0,,,
53.1969,0.052975,3359.43,0.259766,130.449,1,,,-8.4782
53.2201,0.040801,4306.25,0.273926,262.675,0,,,
53.2434,0.030865,4527.35,0.251953,127.989,0,,,
53.2666,0.026051,3490.8,0.229492,128.218,0,,,
53.2898,0.290289,2903.23,0.150391,118.544,1,,,-3.9505
53.313,0.432315,1960.12,0.09668,408.333,0,,,
53.3362,0.470142,1482.48,0.081055,125.18,1,,,-2.0935
53.3595,0.481275,1783.33,0.065918,64.853,0,,,
53.3827,0.405868,2230.47,0.060547,64.853,0,,,
53.4059,0.270556,2391.12,0.069336,65.919,0,,,
53.4291,0.230191,2351.37,0.070801,66.416,0,,,
53.4523,0.242465,2250.58,0.055176,64.853,0,,,
53.4756,0.220686,2107.78,0.037598,64.853,0,,,
53.4988,0.22358,1550.04,0.026855,64.853,0,,,
53.522,0.243135,1343.73,0.030762,64.853,0,,,
53.5452,0.24098,2767.45,0.053711,64.853,0,,,
53.5684,0.263034,2769.7,0.067871,68.01,0,,,
53.5917,0.273185,2559.67,0.072754,68.028,0,,,
53.6149,0.24479,2356.76,0.056641,66.281,0,,,
53.6381,0.246122,1758.94,0.046387,64.853,0,,,
53.6613,0.258434,2837.39,0.057129,64.853,0,,,
53.6845,0.250345,2742.14,0.062988,64.853,0,,,
53.7078,0.265449,2625.19,0.071289,64.853,0,,,
53.731,0.266487,2633.5,0.054199,64.853,0,,,
53.7542,0.232659,2018.71,0.031738,64.853,0,,,
53.7774,0.379307,1134.8,0.024902,64.853,0,,,
53.8006,0.450664,1558.39,0.021484,75.927,1,,,-8.1406
53.8239,0.473039,1621.96,0.027832,114.053,1,,,-1.1736
53.8471,0.479806,1898.0,0.041504,64.853,0,,,
53.8703,0.381333,2225.9,0.050781,64.853,0,,,
53.8935,0.282489,2375.01,0.0625,65.105,0,,,
53.9167,0.231514,2603.28,0.07666,65.584,0,,,
53.94,0.223239,2701.36,0.073242,64.853,0,,,
53.9632,0.18934,2781.76,0.063965,86.83,1,,,1.2394
53.9864,0.174371,2384.34,0.061035,64.853,0,,,
54.0096,0.158464,2143.26,0.071777,64.853,0,,,
54.0328,0.147655,3351.13,0.095215,65.691,0,,,
54.0561,0.151483,3099.69,0.124512,397.458,0,,,
54.0793,0.144889,2679.39,0.121094,395.872,0,,,
54.1025,0.154425,2768.44,0.111328,175.586,1,,,-4.9319
54.1257,0.179183,2622.97,0.099121,173.11,1,0.014203,0.148426,-1.5945
54.1489,0.192437,2640.11,0.091797,337.492,1,0.643873,0.071328,-3.6936
54.1722,0.209119,2637.87,0.111328,153.392,1,0.750073,0.083088,1.9216
54.1954,0.199027,2812.34,0.115723,172.062,1,0.114732,0.049454,5.1212
54.2186,0.163639,3009.14,0.123047,175.649,1,0.020634,0.195154,4.4033
54.2418,0.129726,2439.91,0.115723,176.341,1,0.003929,0.231199,4.3354
54.265,0.348863,1347.52,0.087402,176.645,1,0.001724,0.915761,-4.5783
54.2883,0.438379,1371.14,0.067383,263.194,1,0.39355,0.227417,-6.4195
54.3115,0.456042,1548.41,0.055664,111.63,1,0.808723,0.039497,0.5229
54.3347,0.466742,1883.79,0.056152,64.853,0,,,
54.3579,0.336991,2230.49,0.075684,64.853,0,,,
54.3811,0.209628,2423.29,0.098633,174.459,1,,,-2.2112
54.4044,0.186367,2543.39,0.095215,172.482,1,0.011398,0.117484,-0.6756
54.4276,0.179917,2634.42,0.076172,173.095,1,0.003545,0.035217,3.7247
54.4508,0.159154,2278.51,0.056152,175.684,1,0.014851,0.122472,3.4195
54.474,0.171392,1317.89,0.029785,380.839,0,,,
54.4972,0.176833,2419.73,0.031738,408.333,0,,,
54.5205,0.177287,3151.17,0.063965,395.253,0,,,
54.5437,0.206091,2939.2,0.069824,408.333,0,,,
54.5669,0.211388,2640.39,0.065918,324.77,1,,,5.3966
54.5901,0.194613,2099.66,0.05127,328.418,1,,,7.4607
54.6133,0.236506,2410.57,0.054199,408.333,0,,,
54.6366,0.248581,2834.59,0.06543,375.935,1,,,0.3937
54.6598,0.240231,2613.64,0.086914,408.333,0,,,
54.683,0.249202,2813.69,0.089844,408.333,0,,,
54.7062,0.207371,2780.43,0.053711,175.281,1,,,8.8999
54.7294,0.159316,1910.28,0.034668,380.654,0,,,
54.7527,0.156345,2206.61,0.035645,408.333,0,,,
54.7759,0.168931,3217.26,0.058105,408.333,0,,,
54.7991,0.168105,2931.64,0.101562,408.333,0,,,
54.8223,0.180766,2885.84,0.12793,180.933,1,,,2.4202
54.8455,0.181146,3118.25,0.133301,174.422,1,0.036643,0.002105,2.7527
54.8688,0.159582,3167.22,0.150879,173.02,1,0.008073,0.126581,3.4424
54.892,0.152305,3107.54,0.141602,173.526,1,0.002921,0.04666,4.2745
54.9152,0.136311,3204.28,0.144531,174.956,1,0.008207,0.110831,2.592
54.9384,0.109725,3191.45,0.144531,176.021,1,0.006065,0.216118,-1.7465
54.9616,0.089703,3215.21,0.145996,175.557,1,0.002636,0.200795,-4.9796
54.9849,0.139464,3760.6,0.157715,174.491,1,0.006093,0.434275,-6.7397
55.0081,0.173726,3260.74,0.158203,324.766,1,0.601995,0.218799,-4.3628
55.0313,0.186288,2789.6,0.154785,88.913,1,1.140269,0.069783,-1.1615
55.0545,0.191434,2724.27,0.115234,88.756,1,0.001775,0.027247,1.122
55.0777,0.15049,2558.71,0.078613,87.026,1,0.019683,0.239489,3.434
55.101,0.119978,2789.65,0.091309,87.252,1,0.002598,0.225629,-1.3745
55.1242,0.135223,3372.79,0.098145,91.838,1,0.051217,0.119478,-2.7065
55.1474,0.146469,2882.71,0.115234,97.688,1,0.061728,0.079847,2.0578
55.1706,0.14654,2975.66,0.12793,87.05,1,0.115165,0.000484,2.5443
55.1938,0.133529,3145.99,0.090332,87.336,1,0.003279,0.092912,-1.4373
55.2171,0.105599,2922.94,0.068848,87.413,1,0.000885,0.233601,-4.2005
55.2403,0.174639,2925.89,0.076172,87.279,1,0.001535,0.492727,-0.3905
55.2635,0.210208,2822.21,0.075684,347.039,1,1.196173,0.184845,-1.0606
55.2867,0.269001,2655.58,0.083984,299.233,1,0.147944,0.245375,-0.2481
55.3099,0.307942,2387.28,0.085449,297.243,1,0.006676,0.13499,1.1914
55.3332,0.286269,2354.94,0.078125,174.855,1,0.518483,0.072948,-1.1702
55.3564,0.281115,2514.59,0.075195,174.398,1,0.002617,0.018166,-2.8634
55.3796,0.25745,2431.74,0.072266,171.654,1,0.015859,0.087881,1.7009
55.4028,0.217876,2455.81,0.066895,223.427,1,0.262089,0.166516,2.1824
55.426,0.20593,2440.3,0.041504,186.92,1,0.177932,0.056372,2.7407
55.4493,0.218417,1948.17,0.041992,207.003,1,0.10196,0.058851,3.6176
55.4725,0.218676,2828.3,0.065918,309.987,1,0.398401,0.001185,-1.2518
55.4957,0.235718,2925.43,0.087402,314.051,1,0.013026,0.075011,-0.5419
55.5189,0.250931,2737.33,0.112305,313.527,1,0.001672,0.062522,2.4966
55.5421,0.220375,2713.01,0.095215,174.766,1,0.568351,0.129666,4.0592
55.5654,0.199747,2866.15,0.077637,174.636,1,0.000742,0.098199,4.4354
55.5886,0.210149,3024.64,0.075195,397.479,0,,,
55.6118,0.19452,2928.51,0.086426,380.346,0,,,
55.635,0.198981,2996.91,0.09668,408.333,0,,,
55.6582,0.197884,3135.27,0.07959,173.768,1,,,5.9336
55.6815,0.152446,2444.72,0.063477,174.258,1,0.002813,0.2594,6.3516
55.7047,0.1507,1978.29,0.053711,276.748,1,0.454497,0.011524,-2.6914
55.7279,0.194003,3211.99,0.081055,303.701,1,0.092869,0.251248,-2.7593
55.7511,0.198825,2952.03,0.116699,408.333,0,,,
55.7743,0.211566,2720.16,0.14209,313.701,1,,,1.4294
55.7976,0.204956,2915.55,0.146973,181.102,1,0.535965,0.031739,3.3445
55.8208,0.155834,3080.91,0.154297,175.032,1,0.03409,0.272301,2.4177
55.844,0.132027,3143.36,0.154785,174.006,1,0.005876,0.165407,0.2077
55.8672,0.10905,3117.67,0.134277,173.668,1,0.001947,0.190624,2.4494
55.8904,0.084441,2854.66,0.125,173.138,1,0.003055,0.254369,3.5537
55.9137,0.071956,2243.33,0.103027,173.254,1,0.000665,0.159661,4.0439
55.9369,0.07534,3418.06,0.129883,173.344,1,0.000524,0.045955,1.5115
55.9601,0.097236,4010.33,0.161133,262.089,1,0.407615,0.253755,-0.5899
55.9833,0.108511,3541.23,0.17627,262.408,1,0.001217,0.109594,0.2388
56.0065,0.107135,3240.07,0.185547,88.033,1,0.995177,0.012753,1.5011
56.0298,0.109782,3003.04,0.15332,87.818,1,0.002439,0.024401,-5.0279
56.053,0.148555,3047.57,0.135742,262.158,1,0.996297,0.300172,-2.3446
56.0762,0.161602,2925.91,0.135254,175.034,1,0.398565,0.084132,-2.7994
56.0994,0.172841,2614.68,0.143555,284.885,1,0.477701,0.067211,0.5923
56.1226,0.171238,2993.5,0.145508,277.183,1,0.027407,0.009318,0.548
56.1459,0.125954,3252.79,0.15332,175.21,1,0.450819,0.304746,2.9895
56.1691,0.10018,2579.78,0.148926,175.989,1,0.004438,0.227951,6.2729
56.1923,0.122071,2642.48,0.158691,176.981,1,0.00562,0.196996,-6.3917
56.2155,0.199153,3026.25,0.152832,264.419,1,0.396187,0.479922,-3.1849
56.2387,0.238257,2692.97,0.133301,408.333,0,,,
56.262,0.278022,2389.28,0.118164,311.243,1,,,-0.0642
56.2852,0.301602,2422.39,0.076172,319.83,1,0.027215,0.081364,2.79
56.3084,0.272307,2518.32,0.058594,175.236,1,0.584139,0.102091,0.7022
56.3316,0.255213,2559.07,0.055176,236.636,1,0.298149,0.064807,-0.7162
56.3548,0.240257,2407.83,0.042969,175.682,1,0.295666,0.06037,3.2718
56.378,0.198061,1729.63,0.033691,183.085,1,0.041274,0.192537,2.6888
56.4013,0.191306,1076.59,0.030762,200.913,1,0.09285,0.034696,1.9133
56.4245,0.203637,2687.56,0.034668,208.899,1,0.038977,0.062441,4.6177
56.4477,0.17998,2981.83,0.055176,331.495,1,0.453727,0.123337,1.5411
56.4709,0.186714,2794.29,0.060547,408.333,0,,,
56.4941,0.192229,2537.14,0.051758,408.333,0,,,
56.5174,0.156103,1827.07,0.04541,276.776,1,,,5.1258
56.5406,0.204979,2392.48,0.053711,408.333,0,,,
56.5638,0.241222,2985.15,0.070801,398.835,0,,,
56.587,0.234193,2672.68,0.099609,234.349,1,,,0.7061
56.6102,0.242411,2594.2,0.090332,174.386,1,0.29341,0.034487,1.1495
56.6335,0.200365,2765.87,0.062012,175.211,1,0.00472,0.189919,7.6969
56.6567,0.133587,1990.07,0.043945,172.709,1,0.014378,0.399928,3.8625
56.6799,0.127806,2073.42,0.040527,408.333,0,,,
56.7031,0.146302,3135.71,0.078613,408.333,0,,,
56.7263,0.158954,2925.04,0.116211,258.201,1,,,-0.462
56.7496,0.179775,2942.53,0.144043,181.652,1,0.348065,0.122932,3.649
56.7728,0.180151,3089.4,0.158203,176.864,1,0.026711,0.002091,3.6454
56.796,0.156902,3117.32,0.160156,173.144,1,0.021254,0.137952,3.415
56.8192,0.135166,3370.06,0.148926,173.576,1,0.002491,0.148847,2.4669
56.8424,0.103857,3337.52,0.126953,174.15,1,0.003302,0.261976,0.1252
56.8657,0.075078,3223.5,0.109863,174.226,1,0.000438,0.321665,0.2788
56.8889,0.062211,2481.22,0.11377,173.086,1,0.006566,0.187451,-1.0304
56.9121,0.137626,3763.91,0.13623,175.045,1,0.011256,0.754766,-7.2027
56.9353,0.177328,3280.25,0.153809,262.037,1,0.398057,0.252119,-5.1577
56.9585,0.181968,2893.83,0.16748,164.514,1,0.457263,0.025828,-3.137
56.9818,0.180416,2773.26,0.147461,87.239,1,0.6139,0.008566,-2.5308
57.005,0.128835,2673.95,0.137207,87.725,1,0.005557,0.333592,0.6752
57.0282,0.093267,2896.42,0.151855,174.5,1,0.661838,0.320282,-7.0743
57.0514,0.108415,3053.14,0.150391,260.373,1,0.394932,0.150218,-2.1051
57.0746,0.109092,2962.8,0.188965,172.351,1,0.406825,0.006229,0.5901
57.0979,0.105271,3492.69,0.1875,173.311,1,0.005552,0.035653,-1.583
57.1211,0.077781,3898.75,0.173828,178.759,1,0.030947,0.300351,-5.517
57.1443,0.062717,2966.23,0.185059,178.311,1,0.002507,0.214435,-9.1618
57.1675,0.156515,3276.19,0.149902,173.967,1,0.024664,0.85569,-2.9912
57.1907,0.219719,2782.98,0.130371,356.293,1,0.687687,0.335986,-2.5831
57.214,0.250569,2400.14,0.12793,310.944,1,0.13593,0.131196,-2.1325
57.2372,0.268407,2426.24,0.100586,311.184,1,0.000772,0.06874,-3.1706
57.2604,0.253552,2485.86,0.099121,183.692,1,0.51525,0.056921,-1.4098
57.2836,0.236901,2417.2,0.086914,367.758,1,0.667572,0.067898,-0.09
57.3068,0.220469,2257.25,0.08252,66.544,0,,,
57.3301,0.220001,2336.65,0.075195,64.853,0,,,
57.3533,0.221027,2328.34,0.055176,64.853,0,,,
57.3765,0.208165,2104.41,0.05127,64.853,0,,,
57.3997,0.224673,2033.21,0.048828,64.853,0,,,
57.4229,0.235831,2382.79,0.046387,64.853,0,,,
57.4462,0.245833,2482.3,0.055176,64.853,0,,,
57.4694,0.24144,2337.59,0.064453,64.853,0,,,
57.4926,0.243148,2466.82,0.052734,64.853,0,,,
57.5158,0.248359,2685.37,0.05127,64.853,0,,,
57.539,0.236129,2938.57,0.043945,65.195,0,,,
57.5623,0.242116,2889.25,0.04541,64.853,0,,,
57.5855,0.242503,2950.81,0.037598,64.853,0,,,
57.6087,0.235332,2195.73,0.029785,64.853,0,,,
57.6319,0.223401,841.03,0.02832,67.244,0,,,
57.6551,0.25079,2299.28,0.042969,64.853,0,,,
57.6784,0.25693,2730.06,0.052246,64.853,0,,,
57.7016,0.252926,2582.68,0.061523,320.848,1,,,1.5177
57.7248,0.256931,2467.76,0.062012,68.03,0,,,
57.748,0.238462,2217.91,0.03418,65.176,0,,,
57.7712,0.229584,1370.53,0.02832,65.33,0,,,
57.7945,0.209803,1153.27,0.023438,65.342,0,,,
57.8177,0.208578,1081.68,0.021484,64.853,0,,,
57.8409,0.193888,1042.33,0.022461,64.853,0,,,
57.8641,0.171241,1087.33,0.034668,64.853,0,,,
57.8873,0.189946,2492.02,0.053223,65.47,0,,,
57.9106,0.193275,2747.36,0.074219,65.755,0,,,
57.9338,0.194018,2570.92,0.094727,390.711,0,,,
57.957,0.19413,2645.58,0.104492,388.889,0,,,
57.9802,0.182363,2750.32,0.098145,175.08,1,,,3.4249
58.0034,0.173741,2637.39,0.094238,174.898,1,0.001044,0.048424,2.7847
58.0267,0.165101,2608.72,0.099121,174.501,1,0.002272,0.050997,2.8825
58.0499,0.163161,3015.58,0.11377,174.248,1,0.001452,0.011819,2.9985
58.0731,0.150492,3307.85,0.128906,173.994,1,0.001456,0.08078,1.0587
58.0963,0.13177,2866.88,0.136719,174.717,1,0.004147,0.13266,0.8726
58.1195,0.123119,2648.73,0.138672,318.273,1,0.58239,0.06788,-4.6942
58.1428,0.392658,2052.36,0.103027,265.018,1,0.182602,1.045177,-9.0539
58.166,0.44875,1645.3,0.078125,197.13,1,0.293795,0.133329,-7.0524
58.1892,0.474022,1443.58,0.065918,64.853,0,,,
58.2124,0.488871,1709.1,0.059082,64.853,0,,,
58.2356,0.340377,1957.9,0.074219,66.462,0,,,
58.2589,0.280841,1832.57,0.080078,346.067,1,,,3.5741
58.2821,0.24572,1629.42,0.072754,331.697,1,0.042405,0.1334,3.2434
58.3053,0.23292,1459.4,0.056152,319.474,1,0.037541,0.053483,2.6653
58.3285,0.211217,1137.25,0.037109,408.333,0,,,
58.3517,0.189472,916.97,0.033203,408.333,0,,,
58.375,0.207399,1633.07,0.033203,334.567,1,,,2.805
58.3982,0.219103,2232.94,0.031738,408.333,0,,,
58.4214,0.206655,2138.81,0.04541,408.333,0,,,
58.4446,0.226673,2341.53,0.038574,328.685,1,,,1.3965
58.4678,0.227756,1949.14,0.046387,325.431,1,0.009951,0.004767,4.4434
58.4911,0.226163,2327.81,0.075195,350.828,1,0.075111,0.007022,-1.3754
58.5143,0.252315,2772.14,0.080078,342.804,1,0.023135,0.109315,-1.8168
58.5375,0.251168,2660.51,0.090332,177.845,1,0.633669,0.004555,2.3814
58.5607,0.225697,2650.72,0.08252,176.71,1,0.006402,0.10683,1.8722
58.5839,0.204511,2446.18,0.046387,175.133,1,0.008962,0.098488,4.0877
58.6072,0.167468,1677.25,0.027832,359.881,1,0.690627,0.199167,8.139
58.6304,0.138514,1732.73,0.056641,408.333,0,,,
58.6536,0.189314,2953.62,0.074707,408.333,0,,,
58.6768,0.210379,2742.42,0.105957,375.47,1,,,0.577
58.7,0.231894,2495.87,0.134766,172.095,1,0.742834,0.097291,0.5365
58.7233,0.250673,2310.74,0.121582,173.404,1,0.007579,0.077829,-1.3813
58.7465,0.220419,2006.7,0.117188,344.657,1,0.66113,0.128441,0.924
58.7697,0.189973,1779.04,0.111328,329.411,1,0.045234,0.148379,-1.4402
58.7929,0.156296,1775.99,0.10791,317.326,1,0.037373,0.194513,-0.542
58.8161,0.113129,1838.08,0.095703,175.182,1,0.577228,0.320436,1.1416
58.8394,0.135826,2071.38,0.119141,173.948,1,0.007067,0.182336,-5.256
58.8626,0.228895,2795.39,0.119629,184.71,1,0.060011,0.510358,-0.2995
58.8858,0.256392,2457.31,0.108398,193.609,1,0.047049,0.113324,0.3138
58.909,0.265217,2166.37,0.102051,86.991,1,0.759927,0.033839,2.057
58.9322,0.252052,2186.45,0.060547,87.086,1,0.00109,0.050904,2.296
58.9555,0.168264,1914.99,0.036621,87.311,1,0.002579,0.39869,3.3178
58.9787,0.117504,1395.96,0.050781,87.518,1,0.002371,0.355252,1.7623
59.0019,0.118825,2983.37,0.07666,87.22,1,0.003417,0.01118,-2.8168
59.0251,0.12777,3114.5,0.097656,87.5,1,0.003212,0.072548,0.9619
59.0483,0.132461,2957.29,0.145996,87.785,1,0.003249,0.036051,1.4507
59.0716,0.129904,3001.7,0.166504,87.369,1,0.004754,0.01949,-0.8802
59.0948,0.139251,3670.7,0.179688,86.37,1,0.011494,0.069449,-4.0924
59.118,0.219873,3296.34,0.167969,84.366,1,0.023482,0.448996,-3.3195
59.1412,0.283759,2667.82,0.133301,302.073,1,1.126737,0.253701,-0.9653
59.1644,0.335764,2182.89,0.097168,145.739,1,0.69821,0.167885,-1.4993
59.1877,0.365447,1978.86,0.061035,143.492,1,0.015542,0.084662,-1.4195
59.2109,0.335279,1875.46,0.063477,141.32,1,0.015253,0.086105,-2.8963
59.2341,0.30233,1919.94,0.061035,139.615,1,0.012138,0.103352,-2.9225
59.2573,0.272092,1995.74,0.058105,172.989,1,0.213527,0.105279,1.7693
59.2805,0.223893,1967.2,0.055664,173.21,1,0.001275,0.194356,0.0383
59.3038,0.21785,2048.46,0.039551,172.051,1,0.006716,0.027364,0.7646
59.327,0.242103,1864.15,0.04248,315.765,1,0.589214,0.105462,-1.3334
59.3502,0.278874,2304.01,0.038086,326.994,1,0.034941,0.141159,-2.604
59.3734,0.304909,2459.65,0.035645,95.819,1,1.093508,0.089196,-0.5396
59.3966,0.324503,2018.7,0.033691,89.611,1,0.066958,0.062259,-1.2976
59.4199,0.297649,1290.03,0.024414,93.603,1,0.043574,0.086325,-0.6894
59.4431,0.253519,1523.36,0.020996,89.944,1,0.039866,0.160135,0.1828
59.4663,0.234209,2333.88,0.024902,89.72,1,0.002498,0.079184,3.5321
59.4895,0.187554,2638.35,0.064453,97.169,1,0.079713,0.221235,1.1996
59.5127,0.181934,3077.91,0.058105,94.279,1,0.030188,0.030419,3.5475
59.536,0.164398,2820.44,0.054199,93.261,1,0.010859,0.101268,6.1842
59.5592,0.12888,1620.48,0.044922,408.333,0,,,
59.5824,0.160202,2038.09,0.030762,64.853,0,,,
59.6056,0.168743,3041.34,0.0625,90.582,1,,,-2.5444
59.6288,0.174948,2943.81,0.087891,317.662,1,1.112472,0.036104,-6.4375
59.6521,0.19375,2704.94,0.10791,317.556,1,0.000336,0.101996,-1.8382
59.6753,0.173758,2441.24,0.10498,104.662,1,1.008458,0.108801,-1.287
59.6985,0.158187,2022.81,0.090332,104.763,1,0.000968,0.093814,0.1413
59.7217,0.152424,1922.46,0.081543,105.081,1,0.003032,0.037109,0.2912
59.7449,0.136333,1918.94,0.072754,104.751,1,0.003146,0.111451,1.1439
59.7682,0.125187,1939.51,0.061523,104.053,1,0.006685,0.085239,1.9365
59.7914,0.116194,1749.94,0.072266,103.849,1,0.001959,0.074513,-0.4843
59.8146,0.122913,2475.47,0.095215,103.768,1,0.000781,0.056204,-1.7374
59.8378,0.140779,3076.01,0.10791,104.624,1,0.008208,0.135504,-1.5638
59.861,0.158232,2708.25,0.123535,175.2,1,0.504434,0.116735,-3.3535
59.8843,0.168612,2179.63,0.117676,175.595,1,0.002253,0.06352,-1.4552
59.9075,0.178996,2040.72,0.10498,131.648,1,0.286076,0.059742,-5.115
59.9307,0.192424,2483.11,0.099121,141.386,1,0.071334,0.072309,-2.1027
59.9539,0.180973,2535.27,0.099121,143.623,1,0.015699,0.061335,-1.2792
59.9771,0.177216,2302.83,0.109863,154.056,1,0.070095,0.020975,1.6425
60.0004,0.161792,2864.05,0.10791,156.609,1,0.016439,0.090998,3.6021
60.0236,0.131826,2711.69,0.111816,175.716,1,0.114984,0.204117,5.2591
60.0468,0.12648,2209.92,0.105957,176.349,1,0.003601,0.041391,6.2951
60.07,0.177618,2433.05,0.120605,176.3,1,0.000282,0.336324,-5.2387
60.0932,0.221081,2991.88,0.120117,175.532,1,0.004363,0.218027,-1.9683
60.1165,0.245541,2667.26,0.112305,173.651,1,0.010775,0.104836,-1.1541
60.1397,0.287953,2262.9,0.098633,171.795,1,0.010746,0.158998,0.458
60.1629,0.28796,2108.89,0.058594,171.899,1,0.000605,2.5e-05,3.9549
60.1861,0.262778,1865.72,0.045898,339.323,1,0.654998,0.09145,0.5091
60.2093,0.262794,1661.15,0.035645,321.233,1,0.054775,6.3e-05,0.0344
60.2326,0.235722,1576.15,0.030762,324.785,1,0.010998,0.108613,4.0604
60.2558,0.202682,1401.83,0.030273,320.92,1,0.011971,0.150725,1.3429
60.279,0.217236,1713.2,0.024902,217.904,1,0.382376,0.069316,2.7097
60.3022,0.197341,2077.96,0.026855,220.793,1,0.013174,0.095978,6.5725
60.3254,0.178276,2129.76,0.030273,301.465,1,0.308933,0.10151,2.8259
60.3487,0.198322,2061.34,0.029785,408.333,0,,,
60.3719,0.176303,1676.0,0.033691,408.333,0,,,
60.3951,0.165854,1997.11,0.039062,408.333,0,,,
60.4183,0.21645,2701.78,0.062012,408.333,0,,,
60.4415,0.19828,2944.87,0.077637,408.333,0,,,
60.4648,0.19239,2747.26,0.09375,317.217,1,,,0.0395
60.488,0.198949,2938.65,0.082031,317.702,1,,,5.4103
60.5112,0.134136,2663.31,0.05957,408.333,0,,,
60.5344,0.123047,1577.81,0.052246,408.333,0,,,
60.5576,0.14221,2205.4,0.04248,64.853,0,,,
60.5809,0.158459,2348.28,0.07666,176.707,1,,,-2.4293
60.6041,0.176211,2555.4,0.098633,234.378,1,0.280579,0.106085,-3.6606
60.6273,0.188085,2611.73,0.098145,116.379,1,0.672826,0.06519,-4.2665
60.6505,0.170235,2395.04,0.120117,116.231,1,0.001272,0.099634,-1.731
60.6737,0.134228,2398.62,0.100586,143.674,1,0.211176,0.236524,-0.6935
60.697,0.106117,2644.21,0.077148,153.165,1,0.063948,0.233929,0.6459
60.7202,0.069967,2103.62,0.07666,162.339,1,0.058158,0.410592,-1.3773
60.7434,0.056102,1786.3,0.057129,180.52,1,0.106054,0.21997,-1.7181
60.7666,0.075148,2167.43,0.066406,176.021,1,0.025237,0.290228,3.5897
60.7898,0.236233,2839.43,0.080566,172.045,1,0.022849,1.034651,1.1018
60.8131,0.294921,2638.66,0.081543,178.229,1,0.035313,0.220983,3.0637
60.8363,0.300171,2465.93,0.104004,176.653,1,0.00888,0.017643,3.0828
60.8595,0.297873,2933.7,0.125,175.642,1,0.005741,0.007685,1.2566
60.8827,0.196405,3885.86,0.166992,175.677,1,0.0002,0.410571,1.342
60.9059,0.089044,4122.68,0.239746,65.175,0,,,
60.9292,0.113817,4189.07,0.21875,174.524,1,,,1.9931
60.9524,0.141231,3261.65,0.201172,266.396,1,0.416731,0.214972,6.1489
60.9756,0.152774,3130.32,0.21875,174.51,1,0.416806,0.078517,3.5827
60.9988,0.152227,3803.84,0.254395,174.251,1,0.001484,0.003583,-1.5661
61.022,0.163507,4535.38,0.3125,174.284,1,0.000189,0.071453,-4.6425
61.0453,0.421872,2899.38,0.286133,169.539,1,0.027602,0.882726,-3.4498
61.0685,0.473281,1769.0,0.214355,260.434,1,0.422795,0.114861,-6.7949
61.0917,0.494195,1503.61,0.10498,64.853,0,,,
61.1149,0.497274,1892.05,0.046387,64.853,0,,,
61.1381,0.323286,2061.38,0.056641,66.493,0,,,
61.1614,0.270114,2031.58,0.064453,174.516,1,,,-3.776
61.1846,0.249669,2243.41,0.069824,65.925,0,,,
61.2078,0.248238,2351.37,0.066406,65.934,0,,,
61.231,0.241703,2467.29,0.062988,64.853,0,,,
61.2542,0.217685,2561.23,0.055664,64.853,0,,,
61.2775,0.286808,2436.53,0.051758,64.853,0,,,
61.3007,0.328535,2553.6,0.046387,64.853,0,,,
61.3239,0.329593,2383.91,0.04248,85.984,1,,,-3.0906
61.3471,0.351645,1730.17,0.043457,96.312,1,0.113312,0.06474,-1.9283
61.3703,0.312594,1462.98,0.033203,89.757,1,0.070459,0.11758,0.8262
61.3936,0.265473,2094.14,0.033691,89.694,1,0.000699,0.163029,0.368
61.4168,0.26633,2610.55,0.040527,64.853,0,,,
61.44,0.252227,2668.24,0.034668,64.853,0,,,
61.4632,0.222973,2783.66,0.031738,65.123,0,,,
61.4864,0.223692,1916.7,0.031738,64.853,0,,,
61.5097,0.253752,1696.25,0.022461,64.853,0,,,
61.5329,0.428178,1703.5,0.030762,64.853,0,,,
61.5561,0.473393,1616.95,0.043457,169.573,1,,,-6.3741
61.5793,0.47448,1687.81,0.050293,64.853,0,,,
61.6025,0.457503,2044.07,0.057129,64.853,0,,,
61.6258,0.297411,2110.31,0.061523,65.109,0,,,
61.649,0.234311,2002.95,0.051758,64.853,0,,,
61.6722,0.21617,2116.83,0.049805,64.853,0,,,
61.6954,0.192576,2622.21,0.061035,64.853,0,,,
61.7186,0.180091,3053.54,0.066406,64.853,0,,,
61.7419,0.162748,2773.81,0.09082,64.853,0,,,
61.7651,0.153693,3133.96,0.11377,265.482,1,,,1.809
61.7883,0.176214,3249.82,0.115234,264.944,1,0.002027,0.136527,-3.8314
61.8115,0.182201,2247.11,0.105957,264.253,1,0.002611,0.033408,-6.2807
61.8347,0.187111,1775.79,0.099121,113.805,1,0.795903,0.026593,-6.191
61.858,0.242825,2012.12,0.083496,129.817,1,0.131449,0.259171,0.3652
61.8812,0.245892,2316.53,0.07959,153.756,1,0.16884,0.012553,-1.9719
61.9044,0.247141,2065.0,0.092773,157.822,1,0.026103,0.005066,1.6799
61.9276,0.240727,2251.57,0.098633,159.115,1,0.008157,0.026295,1.5868
61.9508,0.185294,2627.65,0.104004,88.079,1,0.574738,0.260233,0.2419
61.9741,0.15825,2380.97,0.108887,88.204,1,0.001412,0.157443,4.3549
61.9973,0.24492,2272.07,0.099121,88.333,1,0.00147,0.429942,-4.8999
62.0205,0.407684,1502.83,0.075684,175.873,1,0.662663,0.498815,-9.9735
62.0437,0.457603,1436.05,0.060059,142.232,1,0.211513,0.11538,-3.277
62.0669,0.467424,1608.11,0.056641,64.853,0,,,
62.0902,0.428,1978.38,0.060547,64.853,0,,,
62.1134,0.280966,2134.89,0.069336,64.853,0,,,
62.1366,0.200583,2140.68,0.075684,152.879,1,,,-4.4843
62.1598,0.195458,2286.56,0.070801,134.008,1,0.131559,0.025878,2.3113
62.183,0.173085,2772.56,0.087891,118.417,1,0.123528,0.121413,3.508
62.2063,0.173017,3429.21,0.091797,139.28,1,0.161921,0.000397,2.0187
62.2295,0.18221,3731.71,0.083008,126.276,1,0.097937,0.051762,6.8479
62.2527,0.17036,3315.47,0.088379,120.772,1,0.04456,0.067219,2.4312
62.2759,0.198873,2483.62,0.067383,408.333,0,,,
62.2991,0.222987,2162.34,0.050293,408.333,0,,,
62.3224,0.200103,1866.75,0.047852,104.251,1,,,3.0215
62.3456,0.229581,1490.64,0.050781,408.333,0,,,
62.3688,0.250884,2840.91,0.049316,102.924,1,,,0.9832
62.392,0.234859,2752.41,0.069336,316.0,1,1.017251,0.06598,0.5314
62.4152,0.251715,2632.92,0.071777,318.551,1,0.008042,0.069284,-0.2894
62.4385,0.229683,2671.43,0.04834,355.292,1,0.109049,0.091534,5.034
62.4617,0.174371,1753.78,0.035156,116.158,1,1.014461,0.273782,5.9446
62.4849,0.159623,1199.47,0.020996,408.333,0,,,
62.5081,0.14616,2868.49,0.039062,64.853,0,,,
62.5313,0.13061,3383.65,0.085938,408.333,0,,,
62.5546,0.152849,3202.2,0.110352,386.88,0,,,
62.5778,0.161168,2804.64,0.120605,333.866,1,,,0.2485
62.601,0.157934,2403.47,0.11084,116.231,1,0.967058,0.020273,1.9715
62.6242,0.151211,2411.89,0.091309,116.146,1,0.000733,0.04349,1.9256
62.6474,0.127565,2881.73,0.107422,115.761,1,0.003321,0.169646,-1.5998
62.6707,0.096155,3962.82,0.185059,115.965,1,0.001764,0.280798,-0.9368
62.6939,0.067515,4694.98,0.227539,117.177,1,0.010398,0.349964,-1.7012
62.7171,0.145603,4689.92,0.263184,117.352,1,0.001487,0.732807,-2.5011
62.7403,0.2281,3039.17,0.237793,392.629,0,,,
62.7635,0.263047,2600.65,0.162109,165.062,1,,,-1.4455
62.7868,0.289122,2082.33,0.118652,89.314,1,0.59556,0.094446,-5.0279
62.81,0.274053,1737.71,0.074219,89.954,1,0.007144,0.053516,-5.6319
62.8332,0.223259,1772.52,0.084961,91.455,1,0.016542,0.204274,-1.7521
62.8564,0.198133,2180.44,0.09375,88.934,1,0.027954,0.119252,2.5648
62.8796,0.176527,2637.38,0.108887,88.617,1,0.003569,0.115335,3.2793
62.9029,0.16579,3008.61,0.118164,87.886,1,0.008279,0.062733,3.8458
62.9261,0.156655,2957.46,0.121094,87.044,1,0.009634,0.056661,2.9844
62.9493,0.137736,2828.44,0.112305,86.582,1,0.005314,0.128531,-1.3083
62.9725,0.17882,2758.93,0.116699,86.177,1,0.004691,0.259568,-2.9381
62.9957,0.240135,2790.18,0.105469,169.922,1,0.654003,0.292708,-1.7372
63.019,0.279506,2365.8,0.096191,298.562,1,0.549179,0.151529,-0.3119
63.0422,0.332724,2014.46,0.087402,144.689,1,0.694292,0.17385,-2.5691
63.0654,0.322188,2434.25,0.065918,144.602,1,0.000604,0.032173,-0.5659
63.0886,0.2845,2686.71,0.063477,147.509,1,0.019906,0.124242,-3.4911
63.1118,0.268179,2919.17,0.049316,153.623,1,0.040603,0.059063,1.2819
63.1351,0.208344,2761.0,0.040527,133.213,1,0.14231,0.251134,3.6083
63.1583,0.191915,2268.25,0.030273,151.543,1,0.128743,0.08209,0.9156
63.1815,0.198382,1913.47,0.016113,332.378,1,0.747373,0.03314,6.0048
63.2047,0.236707,2049.41,0.032227,101.196,1,1.066402,0.176168,-2.7065
63.2279,0.282515,2510.77,0.046387,368.54,1,1.138272,0.176448,-1.7121
63.2512,0.324167,2481.51,0.050293,95.929,1,1.173858,0.137314,-1.0357
63.2744,0.31629,2288.29,0.056641,95.592,1,0.003526,0.024598,-2.0915
63.2976,0.279782,2012.04,0.040527,94.068,1,0.016064,0.122497,-5.3725
63.3208,0.257376,1697.09,0.030273,92.058,1,0.021604,0.083425,1.3548
63.344,0.20686,2493.6,0.05127,91.14,1,0.010017,0.217629,0.4565
63.3673,0.2177,2891.57,0.071777,94.831,1,0.039691,0.051065,-3.3581
63.3905,0.217741,2680.75,0.072754,96.903,1,0.021616,0.000189,0.1101
63.4137,0.179601,2194.11,0.077148,116.732,1,0.185631,0.191975,-0.3302
63.4369,0.164208,1754.81,0.051758,113.365,1,0.029268,0.089549,0.2728
63.4601,0.175891,2577.97,0.065918,123.683,1,0.087058,0.068704,-1.3081
63.4834,0.161585,3030.74,0.10498,391.636,0,,,
63.5066,0.184088,2985.95,0.124512,314.601,1,,,-1.3007
63.5298,0.20173,2988.99,0.150879,314.354,1,0.000785,0.091448,1.344
63.553,0.178309,2880.88,0.129395,119.528,1,0.898056,0.123253,-1.136
63.5762,0.183359,2498.81,0.112305,114.514,1,0.042853,0.027926,1.6582
63.5995,0.177489,2384.36,0.100586,113.029,1,0.013047,0.032533,-1.4153
63.6227,0.169169,2316.61,0.088379,104.548,1,0.077959,0.048001,1.1622
63.6459,0.157959,2214.26,0.085449,104.835,1,0.002744,0.068535,1.8978
63.6691,0.14253,2180.02,0.101562,115.992,1,0.101041,0.102696,-1.7361
63.6923,0.126512,2678.39,0.126465,116.692,1,0.006023,0.119072,-0.3488
63.7156,0.137974,3203.37,0.134277,105.19,1,0.103684,0.086668,-3.0382
63.7388,0.167805,2541.78,0.138184,105.142,1,0.000454,0.195118,-2.8847
63.762,0.184152,2121.19,0.12207,121.383,1,0.143394,0.092892,-4.0116
63.7852,0.217032,2269.21,0.115234,121.634,1,0.002064,0.163916,-5.1165
63.8084,0.218531,2706.68,0.11084,143.154,1,0.162549,0.006882,-2.977
63.8317,0.204078,2697.6,0.120117,160.276,1,0.112853,0.0684,-0.8722
63.8549,0.197901,2963.93,0.125977,335.409,1,0.706632,0.030732,2.4365
63.8781,0.16761,3221.87,0.123535,174.019,1,0.633611,0.165744,3.3538
63.9013,0.151262,3018.76,0.14209,175.421,1,0.008021,0.102542,4.9242
63.9245,0.147399,3165.71,0.148926,176.42,1,0.005677,0.025869,6.3974
63.9478,0.194903,3161.94,0.146973,176.283,1,0.000772,0.277559,-2.0844
63.971,0.247236,2918.66,0.152344,175.245,1,0.005908,0.236727,-2.4232
63.9942,0.286214,2989.02,0.144043,174.967,1,0.001589,0.146136,-3.8805
64.0174,0.328459,3049.05,0.125977,171.912,1,0.017614,0.137453,-0.2204
64.0406,0.31559,2770.46,0.108887,171.427,1,0.002824,0.039963,-1.0099
64.0639,0.294664,2349.71,0.091309,301.111,1,0.548883,0.068581,-4.9543
64.0871,0.281653,2272.42,0.064941,283.106,1,0.061638,0.045152,-0.0179
64.1103,0.233288,2182.53,0.075684,173.075,1,0.482403,0.187847,0.2806
64.1335,0.226512,2655.86,0.104492,116.407,1,0.391515,0.029474,-1.9513
64.1567,0.229502,3739.27,0.111816,65.18,0,,,
64.18,0.201218,3852.25,0.155762,204.717,1,,,2.2453
64.2032,0.207702,3702.37,0.144043,408.333,0,,,
64.2264,0.216875,3280.21,0.104492,395.126,0,,,
64.2496,0.183084,2170.72,0.082031,393.177,0,,,
64.2728,0.186346,1356.2,0.034668,384.619,0,,,
64.2961,0.211864,1633.6,0.027832,64.853,0,,,
64.3193,0.202472,1836.61,0.029785,408.333,0,,,
64.3425,0.218066,1625.89,0.027832,386.871,0,,,
64.3657,0.220611,1639.7,0.024902,376.966,1,,,1.866
64.3889,0.178494,1356.6,0.020508,115.926,1,1.059216,0.211059,1.8202
64.4122,0.155967,1220.19,0.02002,114.944,1,0.008508,0.134704,5.7208
64.4354,0.136644,1518.68,0.020996,149.402,1,0.260704,0.132075,3.9321
64.4586,0.117233,2401.15,0.063477,397.574,0,,,
64.4818,0.13418,3050.51,0.088379,326.694,1,,,-4.6364
64.505,0.152704,2866.41,0.102051,348.507,1,0.064611,0.129139,-0.015
64.5283,0.154165,2252.59,0.112793,118.968,1,0.982037,0.009522,1.4085
64.5515,0.157624,2039.84,0.085449,116.696,1,0.019283,0.022193,2.9236
64.5747,0.14618,2145.35,0.074219,116.333,1,0.003113,0.07534,3.0261
64.5979,0.118927,2422.46,0.104492,117.139,1,0.006902,0.205598,3.0477
64.6211,0.098386,3461.81,0.154297,116.471,1,0.005721,0.189048,-0.6749
64.6444,0.102367,4436.04,0.186523,113.999,1,0.021445,0.039656,-4.4898
64.6676,0.173574,3319.04,0.172363,119.999,1,0.051277,0.516105,4.8783
64.6908,0.197072,2520.58,0.13916,195.311,1,0.477702,0.1268,5.5328
64.714,0.232822,2709.84,0.091797,193.21,1,0.010813,0.166319,-1.5103
64.7372,0.24848,2151.16,0.062012,193.164,1,0.00024,0.065062,-6.3331
64.7605,0.217999,1741.99,0.07666,195.689,1,0.012988,0.130683,-3.8906
64.7837,0.206352,1887.98,0.089844,198.81,1,0.015822,0.054893,-1.2803
64.8069,0.179988,2275.69,0.102051,168.168,1,0.166997,0.136481,5.1777
64.8301,0.161383,2801.26,0.111328,174.592,1,0.037483,0.109004,6.5917
64.8533,0.155821,2908.95,0.118164,177.16,1,0.014606,0.035067,7.2501
64.8766,0.15562,3045.75,0.112305,174.432,1,0.015518,0.001292,8.1641
64.8998,0.140224,3086.67,0.115723,173.172,1,0.00725,0.104077,3.9956
64.923,0.181926,2604.95,0.093262,172.557,1,0.003556,0.258893,2.3925
64.9462,0.20483,1806.2,0.070801,171.439,1,0.006502,0.118443,6.4117
64.9694,0.21755,1655.35,0.052246,142.845,1,0.181964,0.060232,4.357
64.9927,0.221663,1906.6,0.036133,69.399,0,,,
65.0159,0.179421,1892.62,0.036133,69.181,0,,,
65.0391,0.132631,1978.42,0.04541,69.21,0,,,
65.0623,0.090759,2009.49,0.050781,133.127,1,,,0.931
65.0855,0.073871,2228.37,0.089844,120.414,1,,,2.6082
65.1088,0.047991,3498.04,0.197266,116.823,0,,,
65.132,0.053608,4971.34,0.268066,117.308,1,,,-11.7789
65.1552,0.184247,3577.36,0.260742,115.726,1,0.013577,1.098477,1.9629
65.1784,0.233474,2234.42,0.206543,105.044,1,0.096778,0.235692,5.0691
65.2016,0.272162,2198.81,0.098633,95.44,1,0.095804,0.153026,3.1746
65.2249,0.289516,1725.42,0.019531,93.43,1,0.02128,0.061793,1.1432
65.2481,0.243463,1459.46,0.021973,93.9,1,0.005009,0.172814,-0.2394
65.2713,0.207852,1563.72,0.02832,96.814,1,0.030567,0.157807,0.6446
65.2945,0.164776,1747.48,0.044922,89.778,1,0.075424,0.2312,3.039
65.3177,0.136978,2101.1,0.058105,89.137,1,0.007165,0.184246,3.3698
65.341,0.114831,2245.25,0.074707,88.169,1,0.010919,0.175901,3.6368
65.3642,0.097216,2444.23,0.087402,87.067,1,0.01257,0.166144,3.1307
65.3874,0.082412,2564.53,0.084473,86.604,1,0.005334,0.164832,-4.1859
65.4106,0.113495,2042.11,0.071777,86.11,1,0.005717,0.317327,6.2253
65.4338,0.11858,1198.8,0.063965,262.172,1,1.011028,0.043821,8.346
65.4571,0.11952,1318.51,0.069336,265.174,1,0.011386,0.007897,6.4445
65.4803,0.120449,1769.52,0.079102,263.038,1,0.008087,0.007743,3.0924
65.5035,0.082133,1899.47,0.094238,262.306,1,0.002786,0.37828,1.4131
65.5267,0.067931,1936.18,0.098633,261.992,1,0.0012,0.189278,1.4008
65.5499,0.063843,1852.13,0.094727,261.245,1,0.002854,0.062037,3.1916
65.5732,0.05852,1970.09,0.096191,74.275,1,1.114506,0.087001,4.1498
65.5964,0.085992,2222.05,0.091309,259.875,1,1.110875,0.380192,7.1465
65.6196,0.092399,2072.43,0.102051,261.004,1,0.004335,0.071838,8.5469
65.6428,0.097516,2505.91,0.114746,263.176,1,0.008287,0.053879,6.6371
65.666,0.10078,3215.15,0.122559,263.486,1,0.001178,0.032921,4.2737
65.6893,0.083764,3207.8,0.134277,263.584,1,0.000371,0.184412,-0.6985
65.7125,0.085497,2555.24,0.124512,131.328,1,0.669802,0.020487,-6.1372
65.7357,0.099426,2046.77,0.111328,130.678,1,0.004962,0.150643,-5.645
65.7589,0.129766,1792.14,0.090332,142.422,1,0.08601,0.264755,-0.6461
65.7821,0.147959,1655.78,0.084473,144.435,1,0.014035,0.131016,3.8546
65.8054,0.157229,1689.73,0.087402,258.429,1,0.565918,0.060746,3.0099
65.8286,0.158602,2043.19,0.090332,88.333,1,0.98105,0.008699,2.9757
65.8518,0.142658,2206.17,0.103516,88.318,1,0.000174,0.105853,5.8084
65.875,0.121196,2300.38,0.102539,175.791,1,0.662399,0.16268,5.9395
65.8982,0.099642,2288.62,0.09668,174.291,1,0.008568,0.195197,6.0138
65.9215,0.085211,2227.97,0.10791,172.956,1,0.007691,0.156138,-4.9069
65.9447,0.12316,2124.42,0.114746,171.576,1,0.008005,0.36424,-4.3724
65.9679,0.16069,2119.96,0.11084,228.833,1,0.285988,0.264439,-2.0135
65.9911,0.19364,1990.03,0.102051,150.736,1,0.411503,0.185983,3.3436
66.0143,0.223293,1810.81,0.07666,87.096,1,0.535165,0.142246,3.7047
66.0376,0.250406,1590.21,0.04541,179.243,1,0.691949,0.114473,7.3114
66.0608,0.265542,1347.77,0.033691,187.697,1,0.046081,0.058673,8.4377
66.084,0.258283,1135.81,0.037598,205.844,1,0.092226,0.027716,6.2889
66.1072,0.245653,1326.52,0.036621,210.248,1,0.021166,0.050128,4.608
66.1304,0.207453,1576.56,0.04541,218.108,1,0.036697,0.168611,5.8757
66.1537,0.165262,1613.46,0.056641,221.595,1,0.015863,0.226403,4.1001
66.1769,0.152039,1778.9,0.048828,220.475,1,0.005067,0.083346,3.3604
66.2001,0.135234,1873.25,0.053223,218.52,1,0.008907,0.116993,2.1385
66.2233,0.124431,1801.95,0.064941,216.577,1,0.008931,0.083209,-1.0561
66.2465,0.132248,1805.84,0.075195,217.169,1,0.002731,0.060913,-3.7657
66.2698,0.157101,1777.77,0.094238,110.742,1,0.649122,0.171783,-3.1054
66.293,0.197641,1707.3,0.103027,110.43,1,0.002825,0.22856,3.9495
66.3162,0.224591,1548.52,0.098633,220.363,1,0.664664,0.127656,6.3086
66.3394,0.247406,1581.71,0.093262,221.098,1,0.003331,0.096672,5.782
66.3626,0.255942,1602.85,0.087402,221.572,1,0.002141,0.033918,6.2769
66.3859,0.255292,1637.28,0.083496,73.939,1,0.999171,0.002546,6.495
66.4091,0.254382,1651.43,0.085449,73.99,1,0.000695,0.003568,7.4125
66.4323,0.241065,1633.05,0.089844,222.662,1,1.00233,0.053759,7.1172
66.4555,0.221666,1667.58,0.092285,223.988,1,0.005934,0.083847,4.7933
66.4787,0.205144,1727.62,0.098145,224.428,1,0.001964,0.077419,2.1898
66.502,0.185462,1659.54,0.103516,223.256,1,0.005234,0.100776,1.5622
66.5252,0.165004,1543.76,0.101562,220.287,1,0.013391,0.116751,-0.5577
66.5484,0.153511,1649.62,0.109863,219.784,1,0.002283,0.072166,-2.6427
66.5716,0.12867,1859.21,0.113281,219.638,1,0.000667,0.17606,-4.2346
66.5948,0.143277,1911.96,0.103027,222.236,1,0.011759,0.107421,-1.9703
66.618,0.156037,1659.81,0.099609,224.709,1,0.011067,0.085263,1.5954
66.6413,0.175454,1634.52,0.100098,228.75,1,0.017822,0.11715,6.1451
66.6645,0.194076,1974.53,0.093262,226.015,1,0.012026,0.100788,7.0118
66.6877,0.192162,1939.37,0.097656,224.447,1,0.006963,0.00991,5.0906
66.7109,0.195896,1702.18,0.103516,224.718,1,0.001206,0.019245,3.0578
66.7341,0.191159,1601.17,0.100098,112.478,1,0.665729,0.024478,-0.37
66.7574,0.187354,1610.77,0.095703,225.014,1,0.666902,0.020107,0.1185
66.7806,0.203963,1593.18,0.096191,222.232,1,0.012442,0.08489,2.0844
66.8038,0.223907,1555.38,0.088867,218.057,1,0.018965,0.093223,2.9132
66.827,0.237919,1527.33,0.081543,213.684,1,0.020257,0.06068,5.5317
66.8502,0.24477,1514.81,0.081543,210.51,1,0.014968,0.028388,5.7131
66.8735,0.217055,1408.66,0.074219,103.913,1,0.678049,0.120025,4.7942
66.8967,0.182138,1362.32,0.07666,207.298,1,0.664405,0.174935,4.2505
66.9199,0.143544,1465.61,0.081055,207.103,1,0.000941,0.237003,1.4916
66.9431,0.15633,1604.16,0.083984,208.164,1,0.005112,0.08527,0.9226
66.9663,0.211495,1289.98,0.086914,208.989,1,0.003954,0.299958,4.3418
66.9896,0.248898,1097.38,0.083984,219.465,1,0.048902,0.162479,5.85
67.0128,0.27379,1099.06,0.077637,226.129,1,0.029911,0.095246,6.5326
67.036,0.269518,1157.81,0.076172,232.36,1,0.027182,0.015724,6.0083
67.0592,0.234772,1231.25,0.072754,238.459,1,0.025906,0.137803,5.8074
67.0824,0.194217,1309.13,0.074707,240.556,1,0.008757,0.18907,3.0494
67.1057,0.161282,1426.04,0.078125,239.411,1,0.004772,0.185288,1.7983
67.1289,0.130363,1644.11,0.079102,241.877,1,0.010248,0.212036,-0.6527
67.1521,0.152493,1815.33,0.088867,239.615,1,0.009395,0.156479,-0.8063
67.1753,0.200764,1657.26,0.085449,235.881,1,0.015707,0.273288,5.2686
67.1985,0.24289,1454.72,0.085938,247.462,1,0.047922,0.189906,7.3315
67.2218,0.262462,1483.86,0.089844,250.242,1,0.01117,0.077458,6.5858
67.245,0.265011,1565.92,0.090332,249.386,1,0.003424,0.009665,5.2004
67.2682,0.251741,1639.04,0.097656,245.206,1,0.016904,0.051361,5.1128
67.2914,0.247249,1690.58,0.098145,242.053,1,0.012943,0.018004,0.4913
67.3146,0.231613,1625.24,0.095703,238.643,1,0.014185,0.065305,0.9947
67.3379,0.211441,1542.56,0.092773,229.623,1,0.038526,0.09106,-1.8468
67.3611,0.192329,1596.35,0.084961,222.342,1,0.032219,0.094668,0.352
67.3843,0.149663,1667.51,0.077637,219.661,1,0.012131,0.249514,1.2343
67.4075,0.13394,1698.88,0.080566,228.544,1,0.039639,0.110882,-0.1809
67.4307,0.122267,1743.19,0.08252,215.716,1,0.057753,0.091119,-2.9289
67.454,0.111004,1839.33,0.092773,211.658,1,0.018988,0.096563,-3.1869
67.4772,0.100255,1813.44,0.106445,106.48,1,0.661207,0.101765,-4.5454
67.5004,0.100977,1943.55,0.117188,84.498,1,0.230203,0.007179,-4.3179
67.5236,0.104608,2095.14,0.131348,151.02,1,0.564898,0.035321,-1.7451
67.5468,0.102726,2187.71,0.138184,82.744,1,0.584146,0.01815,-0.8406
67.5701,0.10252,2173.77,0.14502,209.202,1,0.866309,0.002014,-5.0861
67.5933,0.096961,2214.07,0.152344,208.724,1,0.002284,0.055732,-5.5659
67.6165,0.091331,2367.86,0.146973,208.725,1,4e-06,0.0598,-7.1125
67.6397,0.103314,2477.17,0.140137,396.125,0,,,
67.6629,0.119472,2157.02,0.128418,316.438,1,,,-0.6131
67.6862,0.132994,1896.02,0.11084,320.713,1,0.013418,0.107126,-1.4399
67.7094,0.137934,1838.11,0.106445,324.699,1,0.012351,0.036467,-3.1599
67.7326,0.136819,1841.51,0.10498,327.065,1,0.007262,0.008119,-4.0396
67.7558,0.132423,1828.11,0.11084,91.088,1,1.128662,0.032652,-4.6313
67.779,0.140956,1807.83,0.114746,300.524,1,1.069607,0.062421,-7.5788
67.8023,0.157087,1762.86,0.103027,146.986,1,0.686187,0.10825,-0.8662
67.8255,0.172119,1715.8,0.089844,177.639,1,0.18885,0.091322,3.1159
67.8487,0.180303,1626.03,0.07959,174.413,1,0.018327,0.046445,3.342
67.8719,0.178959,1713.83,0.088379,173.932,1,0.002762,0.007481,1.7465
67.8951,0.172682,2281.22,0.130859,170.57,1,0.019516,0.035703,-2.8818
67.9184,0.167545,2912.4,0.188965,168.653,1,0.011303,0.030198,-4.95
67.9416,0.168835,3304.16,0.23291,165.741,1,0.017418,0.007671,-3.5565
67.9648,0.16781,3365.73,0.270996,148.831,1,0.10751,0.006091,-5.9934
67.988,0.171137,3474.31,0.285645,134.661,1,0.099968,0.019631,-3.116
68.0112,0.165225,3513.43,0.293945,153.33,1,0.129649,0.035154,-4.8526
68.0345,0.158097,3601.69,0.303223,393.782,0,,,
68.0577,0.168826,3610.72,0.270996,394.147,0,,,
68.0809,0.184957,2911.95,0.22168,107.017,1,,,2.9895
68.1041,0.197277,2168.49,0.173828,262.752,1,0.842339,0.064462,3.1546
68.1273,0.208592,1887.37,0.125,258.307,1,0.017065,0.055759,2.1456
68.1506,0.199641,1820.77,0.105469,259.826,1,0.005866,0.043852,3.29
68.1738,0.171852,1771.23,0.113281,259.35,1,0.001835,0.149608,1.2903
68.197,0.154922,1745.93,0.108887,256.699,1,0.010275,0.103623,-0.5966
68.2202,0.125138,1736.97,0.114746,257.15,1,0.001758,0.212695,0.0039
68.2434,0.109676,1753.38,0.113281,257.392,1,0.000938,0.131695,-1.7941
68.2667,0.106885,1847.19,0.113281,257.453,1,0.000239,0.025778,-2.8963
68.2899,0.111454,1958.42,0.118652,258.449,1,0.00386,0.041854,-5.3098
68.3131,0.167448,1839.45,0.112793,86.134,1,1.000133,0.401531,0.861
68.3363,0.199029,1562.5,0.112305,304.661,1,1.118367,0.172349,2.4679
68.3595,0.225837,1612.33,0.105469,257.837,1,0.166485,0.126196,5.4442
68.3828,0.232705,1694.67,0.104004,253.442,1,0.017192,0.029955,3.7721
68.406,0.209065,1797.51,0.112793,249.497,1,0.015685,0.107021,3.1992
68.4292,0.182417,1827.48,0.125488,247.408,1,0.008409,0.136141,-0.3123
68.4524,0.151074,1800.88,0.135742,244.435,1,0.012088,0.187971,-4.7836
68.4756,0.129337,1905.77,0.140137,242.689,1,0.007169,0.155038,-5.5076
68.4989,0.125071,1948.19,0.139648,243.152,1,0.001903,0.03353,-3.669
68.5221,0.143982,2028.75,0.132812,242.035,1,0.004602,0.140571,-1.3077
68.5453,0.179498,1963.34,0.114258,118.497,1,0.685311,0.21959,-2.9436
68.5685,0.206216,1657.16,0.087402,117.39,1,0.009382,0.138536,0.8455
68.5917,0.208577,1290.61,0.066406,233.261,1,0.660887,0.011382,3.4525
68.615,0.205265,1311.9,0.046875,245.289,1,0.050271,0.016006,5.72
68.6382,0.183594,1401.05,0.041992,270.933,1,0.09935,0.111457,5.1354
68.6614,0.164516,1461.06,0.050781,284.302,1,0.048157,0.109608,1.157
68.6846,0.165029,1582.18,0.060059,284.294,1,2.6e-05,0.003113,2.4935
68.7078,0.167251,1642.07,0.070801,260.318,1,0.088049,0.013373,2.5628
68.7311,0.187545,1675.77,0.077637,254.552,1,0.022399,0.1144,3.8956
68.7543,0.198901,1613.18,0.081543,242.913,1,0.046795,0.058769,3.1731
68.7775,0.204341,1580.22,0.080078,231.822,1,0.046726,0.026983,3.2338
68.8007,0.209011,1574.16,0.07666,227.434,1,0.019107,0.022594,2.4295
68.8239,0.199976,1513.58,0.072754,222.924,1,0.020029,0.044179,3.6767
68.8472,0.194607,1369.81,0.066406,216.077,1,0.031193,0.027215,2.9014
68.8704,0.184262,1255.73,0.061523,207.476,1,0.040616,0.054613,-1.1951
68.8936,0.167651,1252.1,0.060547,198.664,1,0.043391,0.094405,-3.1229
68.9168,0.149167,1333.13,0.0625,183.908,1,0.077145,0.11668,-2.4598
68.94,0.132214,1451.96,0.066406,160.349,1,0.136865,0.120498,-1.5899
68.9633,0.125516,1588.12,0.077637,70.224,1,0.781749,0.051981,-0.9392
68.9865,0.119132,1684.53,0.089355,127.646,1,0.580401,0.052187,-3.5826
69.0097,0.113877,1915.29,0.105957,127.561,1,0.000668,0.045104,-4.8689
69.0329,0.108479,2082.82,0.116211,102.886,1,0.214146,0.048554,-5.3363
69.0561,0.103756,2071.14,0.123047,102.496,1,0.003795,0.044509,-4.4796
69.0794,0.115701,2006.59,0.118164,78.68,1,0.262903,0.108857,-1.4569
69.1026,0.126616,1908.55,0.111816,312.977,1,1.196437,0.090093,0.1571
69.1258,0.128019,1919.79,0.115723,315.927,1,0.009379,0.01102,-1.7259
69.149,0.129691,1985.05,0.121582,320.547,1,0.014517,0.012975,-5.8949
69.1722,0.121191,2068.02,0.135742,320.838,1,0.000908,0.067761,-5.3716
69.1955,0.114932,2094.58,0.143066,78.509,1,1.213624,0.053016,-4.4681
69.2187,0.122733,2023.45,0.14502,276.333,1,1.114997,0.065648,-4.7052
69.2419,0.125262,1976.99,0.135742,278.547,1,0.007979,0.020397,-5.0084
69.2651,0.135329,1959.09,0.123535,271.029,1,0.027362,0.077258,-3.6517
69.2883,0.146884,1845.47,0.114258,263.879,1,0.026731,0.081888,-0.5158
69.3116,0.16476,1768.37,0.098633,183.652,1,0.358534,0.114724,0.1714
69.3348,0.210861,1662.42,0.084961,185.284,1,0.008851,0.245465,-0.4045
69.358,0.233927,1526.76,0.081543,215.793,1,0.152134,0.103715,-0.9455
69.3812,0.249567,1452.73,0.090332,257.732,1,0.177134,0.064698,2.5008
69.4044,0.254613,1572.79,0.105957,279.501,1,0.081042,0.020017,2.4808
69.4277,0.241249,1688.45,0.122559,296.587,1,0.059316,0.053904,0.6678
69.4509,0.238901,1739.96,0.13623,301.853,1,0.0176,0.009778,0.3883
69.4741,0.237635,1721.69,0.138184,303.385,1,0.00506,0.005314,-3.7358
69.4973,0.245723,1733.08,0.135742,300.444,1,0.00974,0.033468,-5.7089
69.5205,0.242403,1730.03,0.132812,361.189,1,0.183623,0.013604,-5.0242
69.5438,0.238199,1676.6,0.128906,89.136,1,1.208254,0.017497,-5.29
69.567,0.231854,1651.65,0.124023,119.196,1,0.288584,0.026997,-1.9456
69.5902,0.212912,1680.21,0.115234,120.736,1,0.012834,0.085174,-2.5759
69.6134,0.196306,1617.14,0.114258,102.748,1,0.160976,0.081161,-1.6079
69.6366,0.176408,1662.48,0.111328,102.357,1,0.003813,0.106773,-2.1737
69.6599,0.156539,1751.45,0.10498,181.464,1,0.557442,0.119351,-5.0765
69.6831,0.157102,1769.01,0.109863,177.753,1,0.020663,0.003585,-5.4939
69.7063,0.155226,1709.51,0.10791,83.783,1,0.7186,0.012013,0.3891
69.7295,0.136434,1502.95,0.128906,206.224,1,0.844398,0.128859,-1.2643
69.7527,0.389164,1657.53,0.108398,205.941,1,0.001371,0.961686,-2.6239
69.776,0.450201,1636.01,0.086914,314.41,1,0.416905,0.145435,-8.139
69.7992,0.462777,1396.72,0.066895,110.689,1,0.958463,0.027549,-0.7921
69.8224,0.466376,1653.54,0.030762,64.853,0,,,
69.8456,0.312362,1841.67,0.028809,64.853,0,,,
69.8688,0.230946,1563.42,0.022461,64.853,0,,,
69.8921,0.287053,1368.19,0.015137,64.853,0,,,
69.9153,0.335207,1186.37,0.003906,151.564,1,,,6.2819
69.9385,0.359958,999.88,0.003906,64.853,0,,,
69.9617,0.411752,1039.04,0.003418,64.853,0,,,
69.9849,0.401926,1159.02,0.003906,106.819,1,,,5.9253
70.0082,0.407365,1460.78,0.004395,64.853,0,,,
70.0314,0.433514,1307.27,0.003418,64.853,0,,,
70.0546,0.414317,902.99,0.004883,64.853,0,,,
70.0778,0.416069,930.29,0.007324,64.853,0,,,
70.101,0.446893,2311.71,0.012207,64.853,0,,,
70.1243,0.431545,2941.25,0.019531,170.001,1,,,4.1284
70.1475,0.432412,3276.07,0.027832,408.333,0,,,
70.1707,0.45029,3947.21,0.030273,408.333,0,,,
70.1939,0.423898,3903.97,0.029297,408.333,0,,,
70.2171,0.420382,3820.36,0.028809,64.853,0,,,
70.2404,0.431958,3969.73,0.023438,64.853,0,,,
70.2636,0.423605,3131.67,0.018555,64.853,0,,,
70.2868,0.428266,2301.43,0.019043,64.853,0,,,
70.31,0.446064,2078.57,0.019531,391.492,0,,,
70.3332,0.440611,1813.18,0.02002,371.124,1,,,2.5969
70.3565,0.431086,1632.09,0.029785,377.039,1,,,3.5142
70.3797,0.414483,1758.85,0.036133,397.928,0,,,
70.4029,0.373063,1895.5,0.044434,408.333,0,,,
70.4261,0.336562,1903.67,0.056152,207.78,1,,,5.6778
70.4493,0.302413,1851.42,0.067383,207.487,1,0.001411,0.106889,5.2011
70.4726,0.287942,2292.7,0.090332,207.745,1,0.001243,0.049024,0.403
70.4958,0.280628,2659.94,0.09375,208.422,1,0.003253,0.025725,-0.8498
70.519,0.277299,2365.41,0.097656,208.539,1,0.000561,0.011934,3.4392
70.5422,0.272663,1901.31,0.092285,103.892,1,0.669893,0.016862,-0.8304
70.5654,0.257364,1678.3,0.074219,103.984,1,0.000887,0.057729,3.0546
70.5887,0.245062,1759.95,0.072754,92.508,1,0.116809,0.04897,4.65
70.6119,0.233741,2039.59,0.075195,92.672,1,0.001774,0.047287,4.6053
70.6351,0.226654,2628.43,0.080078,92.606,1,0.000715,0.03079,-0.5837
70.6583,0.220278,2456.14,0.081543,92.584,1,0.000237,0.028532,3.0352
70.6815,0.213379,2204.26,0.082031,181.788,1,0.650243,0.031816,5.1159
70.7048,0.211355,2371.33,0.087402,87.485,1,0.700434,0.00953,2.5503
70.728,0.249403,2628.99,0.082031,87.368,1,0.001333,0.165153,-3.8495
70.7512,0.250864,2516.79,0.076172,174.896,1,0.667481,0.005842,-1.1462
70.7744,0.278046,2219.43,0.071289,173.791,1,0.006342,0.102783,-0.8452
70.7976,0.305123,2034.64,0.052246,280.909,1,0.471161,0.092863,1.7191
70.8209,0.279489,1881.57,0.051758,258.999,1,0.08116,0.087696,2.0216
70.8441,0.281222,1930.41,0.052734,174.477,1,0.389972,0.006182,1.2326
70.8673,0.270745,1848.07,0.047852,174.618,1,0.000805,0.037961,2.2194
70.8905,0.236815,1567.33,0.048828,174.737,1,0.00068,0.133701,2.1676
70.9137,0.224108,1634.97,0.038086,175.155,1,0.002392,0.055134,-0.4218
70.937,0.234664,1747.54,0.040527,175.191,1,0.000207,0.046017,2.0756
70.9602,0.227274,2438.39,0.061523,175.34,1,0.000845,0.031996,-2.0263
70.9834,0.229006,2769.45,0.058105,164.309,1,0.064954,0.00759,-3.2934
71.0066,0.238731,2491.28,0.072754,164.081,1,0.001387,0.041586,1.8413
71.0298,0.211843,2489.9,0.077148,158.996,1,0.03148,0.119352,0.3594
71.0531,0.204348,3030.53,0.060059,164.747,1,0.035532,0.036018,-0.3818
71.0763,0.208663,3230.49,0.077637,174.435,1,0.057121,0.020895,2.5734
71.0995,0.190146,3021.95,0.099609,174.866,1,0.002473,0.092859,0.7397
71.1227,0.201871,3718.18,0.098145,174.94,1,0.00042,0.059815,0.2096
71.1459,0.194906,3777.59,0.115723,174.797,1,0.000815,0.035106,2.7481
71.1692,0.17747,3434.33,0.112305,174.814,1,9.8e-05,0.093644,2.1748
71.1924,0.20271,3386.8,0.094727,175.241,1,0.00244,0.132775,-1.0729
71.2156,0.208223,2955.82,0.104004,175.258,1,9.2e-05,0.026833,-1.3013
71.2388,0.20024,2881.29,0.104492,165.681,1,0.056178,0.039087,0.6931
71.262,0.198785,2762.08,0.101562,171.498,1,0.034502,0.007292,3.2261
71.2853,0.164859,2880.47,0.105957,174.562,1,0.017708,0.186592,0.9586
71.3085,0.127908,2423.92,0.100098,174.643,1,0.000463,0.252425,0.574
71.3317,0.112153,2525.39,0.090332,161.081,1,0.08079,0.131255,-0.4543
71.3549,0.095141,2467.16,0.091797,155.792,1,0.033384,0.164134,-2.1762
71.3781,0.087518,2401.4,0.088379,174.317,1,0.112238,0.083464,-1.6638
71.4014,0.085291,2406.16,0.091309,174.536,1,0.001256,0.02578,0.6484
71.4246,0.087011,2401.73,0.097168,173.87,1,0.003826,0.019967,1.7257
71.4478,0.087894,2682.29,0.103516,173.651,1,0.001258,0.010092,3.2448
71.471,0.087775,3014.0,0.099609,173.986,1,0.001924,0.001355,5.6407
71.4942,0.089817,2880.29,0.092285,174.525,1,0.003095,0.023,6.5074
71.5175,0.107171,2851.46,0.09375,174.799,1,0.001571,0.176197,-2.3022
71.5407,0.153289,2790.26,0.088379,174.641,1,0.000906,0.354126,-1.295
71.5639,0.152804,2643.02,0.097656,352.131,1,0.673877,0.003168,1.4598
71.5871,0.149111,2468.56,0.143066,331.322,1,0.060893,0.024464,-3.1448
71.6103,0.132282,3465.12,0.147949,287.173,1,0.142762,0.119617,-0.7814
71.6336,0.064318,3510.03,0.161133,77.288,1,1.151754,0.691398,-0.7937
71.6568,0.054612,2659.01,0.167969,175.675,1,0.777871,0.163215,0.0836
71.68,0.117405,2648.59,0.13916,176.325,1,0.003698,0.730077,-5.338
71.7032,0.169344,2847.76,0.124023,176.17,1,0.000883,0.362266,-1.4168
71.7264,0.207062,2619.85,0.120117,290.985,1,0.49155,0.200408,-0.914
71.7497,0.260028,2689.4,0.092773,335.218,1,0.141275,0.226792,-3.3829
71.7729,0.282323,2373.67,0.066895,334.994,1,0.00067,0.082216,0.9278
71.7961,0.273125,1783.06,0.060547,158.292,1,0.716427,0.03312,1.1506
71.8193,0.269793,2037.8,0.037598,157.782,1,0.003231,0.012274,-1.3424
71.8425,0.246698,2110.9,0.030762,175.779,1,0.10791,0.089428,2.8134
71.8658,0.205593,1393.1,0.027344,175.884,1,0.000596,0.181763,1.163
71.889,0.205003,970.06,0.02002,175.734,1,0.000849,0.002874,0.2266
71.9122,0.197718,1025.38,0.021973,176.489,1,0.004285,0.03618,6.2613
71.9354,0.174947,1780.15,0.038086,357.812,1,0.678729,0.122207,1.1213
71.9586,0.204766,2421.36,0.05127,355.556,1,0.006323,0.157061,-0.286
71.9819,0.210075,2145.12,0.063965,344.116,1,0.032703,0.025595,1.1015
72.0051,0.204761,1834.73,0.079102,408.333,0,,,
72.0283,0.252361,2188.89,0.087402,174.622,1,,,-2.9724
72.0515,0.239509,2667.71,0.09375,174.538,1,0.000477,0.052258,-1.5102
72.0747,0.221254,2523.0,0.108887,174.747,1,0.001191,0.079239,-2.2393
72.098,0.219214,2719.59,0.106934,174.986,1,0.001369,0.009263,2.3519
72.1212,0.157029,3816.98,0.144043,175.645,1,0.003762,0.330559,5.7382
72.1444,0.13062,4953.11,0.205566,395.394,0,,,
72.1676,0.132036,5627.43,0.212402,400.585,0,,,
72.1908,0.113155,5717.65,0.281738,408.333,0,,,
72.2141,0.104161,5835.74,0.30957,408.333,0,,,
72.2373,0.116014,5628.69,0.26123,390.708,0,,,
72.2605,0.113354,4432.23,0.252441,347.283,1,,,3.3914
72.2837,0.124012,3553.38,0.186035,182.415,1,0.622499,0.089806,6.2928
72.3069,0.137197,3106.2,0.123047,177.269,1,0.028616,0.100952,6.6556
72.3302,0.125272,3271.03,0.143066,175.075,1,0.012454,0.090866,5.4268
72.3534,0.116024,3993.13,0.231445,174.897,1,0.001018,0.076656,-0.6886
72.3766,0.101042,5064.42,0.337402,174.288,1,0.003488,0.138043,-3.3895
72.3998,0.137267,5453.9,0.370117,174.928,1,0.003668,0.30402,-5.0481
72.423,0.141781,3791.65,0.343262,180.71,1,0.032516,0.032352,-4.3087
72.4463,0.137392,3063.48,0.259766,164.701,1,0.092695,0.031445,-2.0017
72.4695,0.16103,2665.51,0.150391,76.852,1,0.727373,0.158423,-2.0933
72.4927,0.13538,2006.93,0.111328,221.424,1,0.969386,0.173071,-4.3104
72.5159,0.14084,1794.09,0.104492,210.598,1,0.050118,0.039535,-0.2285
72.5391,0.163368,2080.13,0.096191,172.734,1,0.197552,0.148107,2.2347
72.5624,0.161069,2494.77,0.103027,87.467,1,0.655387,0.014169,4.1435
72.5856,0.166096,2870.7,0.107422,87.484,1,0.000187,0.03073,4.0421
72.6088,0.17352,2444.18,0.10791,87.34,1,0.001639,0.043719,3.3471
72.632,0.186833,2096.97,0.10791,87.511,1,0.001945,0.073885,0.3911
72.6552,0.409515,2122.52,0.08252,88.042,1,0.006059,0.746821,-3.2416
72.6785,0.466785,1579.88,0.0625,303.965,1,1.101625,0.130707,-10.0535
72.7017,0.476984,1204.98,0.049805,105.411,1,0.970034,0.021614,-0.6678
72.7249,0.475793,1710.13,0.038574,64.853,0,,,
72.7481,0.313284,1930.04,0.044434,64.853,0,,,
72.7713,0.235283,1511.44,0.047363,157.899,1,,,-0.1979
72.7946,0.221179,1334.41,0.043457,64.853,0,,,
72.8178,0.227251,1285.25,0.034668,64.853,0,,,
72.841,0.236573,1276.76,0.027832,64.853,0,,,
72.8642,0.224284,1355.73,0.019043,67.209,0,,,
72.8874,0.251189,1986.35,0.038574,64.853,0,,,
72.9107,0.264214,2645.5,0.042969,64.853,0,,,
72.9339,0.254306,2416.73,0.050293,68.082,0,,,
72.9571,0.269533,1631.33,0.059082,68.027,0,,,
72.9803,0.263547,1810.04,0.040039,64.853,0,,,
73.0035,0.246106,1953.28,0.038086,68.286,0,,,
73.0268,0.25875,1839.21,0.043945,67.918,0,,,
73.05,0.263743,2258.72,0.041504,64.853,0,,,
73.0732,0.246566,2655.23,0.038086,68.273,0,,,
73.0964,0.257806,1956.56,0.034668,64.853,0,,,
73.1196,0.262638,1427.63,0.023438,64.853,0,,,
73.1429,0.443734,1538.08,0.019043,69.024,0,,,
73.1661,0.473306,1562.07,0.020996,68.653,0,,,
73.1893,0.478957,1454.41,0.017578,64.853,0,,,
73.2125,0.465778,1779.57,0.020508,64.853,0,,,
73.2357,0.284153,1881.09,0.019043,64.853,0,,,
73.259,0.234265,1347.36,0.017578,64.853,0,,,
73.2822,0.192752,1299.37,0.01709,64.853,0,,,
73.3054,0.191812,1202.11,0.012207,64.853,0,,,
73.3286,0.179046,1074.34,0.010742,64.853,0,,,
73.3518,0.149667,1032.2,0.010254,64.853,0,,,
73.3751,0.144758,1734.98,0.020996,64.853,0,,,
73.3983,0.12993,2533.21,0.021973,64.853,0,,,
73.4215,0.112736,2161.9,0.026855,64.853,0,,,
73.4447,0.107591,1363.56,0.029785,64.853,0,,,
73.4679,0.157302,2375.7,0.04248,337.691,1,,,-1.142
73.4912,0.162943,2621.86,0.050781,329.028,1,0.025985,0.035232,-0.6306
73.5144,0.162426,2269.23,0.086426,153.83,1,0.725673,0.00318,-1.8875
73.5376,0.161437,2629.24,0.095215,153.265,1,0.003678,0.006109,-1.3346
73.5608,0.104125,3369.69,0.109863,156.367,1,0.020037,0.431624,-0.9855
73.584,0.086155,3385.59,0.18457,164.517,1,0.050794,0.188883,-2.7381
73.6073,0.190871,4423.02,0.219727,164.163,1,0.002153,0.756003,-7.6908
73.6305,0.40467,3262.46,0.206543,160.033,1,0.025478,0.717999,-5.6699
73.6537,0.447394,2132.7,0.18457,136.166,1,0.161156,0.100283,-5.589
73.6769,0.450112,2235.17,0.151855,82.936,1,0.485895,0.006057,-0.5487
73.7001,0.459131,3097.04,0.081543,64.853,0,,,
73.7234,0.322205,2517.35,0.095215,64.853,0,,,
73.7466,0.329141,1877.56,0.079102,348.105,1,,,2.8926
73.7698,0.384952,1822.08,0.035645,384.803,0,,,
73.793,0.365065,2346.95,0.046875,385.013,0,,,
73.8162,0.405122,3478.73,0.032715,408.333,0,,,
73.8395,0.410576,3863.56,0.046875,64.853,0,,,
73.8627,0.39681,3881.71,0.050781,64.853,0,,,
73.8859,0.443029,3960.53,0.035645,64.853,0,,,
73.9091,0.4376,3529.62,0.04248,64.853,0,,,
73.9323,0.433331,2321.65,0.031738,64.853,0,,,
73.9556,0.471452,1692.28,0.022949,408.333,0,,,
73.9788,0.450404,2171.47,0.038086,377.732,1,,,4.9489
74.002,0.442026,2250.22,0.030273,408.333,0,,,
74.0252,0.458468,1994.85,0.024902,408.333,0,,,
74.0484,0.415094,1847.81,0.021484,408.333,0,,,
74.0717,0.41103,870.27,0.004395,64.853,0,,,
74.0949,0.419908,603.23,0.003906,64.853,0,,,
74.1181,0.387113,692.98,0.003906,64.853,0,,,
74.1413,0.405319,1046.79,0.002441,64.853,0,,,
74.1645,0.408233,1706.28,0.003906,64.853,0,,,
74.1878,0.387903,1958.49,0.007324,339.678,1,,,4.5179
74.211,0.39074,1689.5,0.007324,64.853,0,,,
74.2342,0.359529,1703.37,0.012695,383.689,0,,,
74.2574,0.31581,1821.44,0.02002,375.273,1,,,3.737
74.2806,0.279259,1913.59,0.018066,377.106,1,0.004873,0.122845,2.7828
74.3039,0.225668,1866.64,0.026367,374.289,1,0.007498,0.212273,0.8679
74.3271,0.202615,1814.14,0.047363,175.837,1,0.72148,0.107651,-1.5399
74.3503,0.208764,2592.02,0.065918,174.676,1,0.006625,0.029894,-5.1662
74.3735,0.208869,2666.03,0.080078,408.333,0,,,
74.3967,0.220115,2199.87,0.09375,87.053,1,,,1.8459
74.42,0.216606,1744.8,0.085938,87.219,1,0.001906,0.016069,3.4123
74.4432,0.194491,1816.88,0.080078,87.276,1,0.000653,0.107589,3.7302
74.4664,0.181924,1882.27,0.085938,87.485,1,0.002395,0.066773,2.1548
74.4896,0.160152,2059.85,0.097656,87.565,1,0.000908,0.127292,0.4388
74.5128,0.132427,2873.44,0.090332,87.521,1,0.000495,0.189522,-0.2032
74.5361,0.105891,3065.12,0.072266,87.698,1,0.002021,0.22269,3.1315
74.5593,0.079727,2111.79,0.056641,86.847,1,0.009757,0.28192,3.3788
74.5825,0.13691,2259.49,0.052734,87.565,1,0.008232,0.527917,-3.155
74.6057,0.184551,3083.17,0.07373,89.557,1,0.022501,0.296402,-0.6388
74.6289,0.211804,2984.36,0.088379,297.319,1,1.074047,0.137521,-1.3363
74.6522,0.273554,2776.78,0.086914,304.792,1,0.024821,0.254452,-0.0127
74.6754,0.274503,2041.98,0.064941,314.322,1,0.030786,0.003461,2.4406
74.6986,0.261914,1432.66,0.041992,157.204,1,0.66642,0.046938,-1.0737
74.7218,0.279081,1206.93,0.031738,156.279,1,0.005907,0.063464,-0.6229
74.745,0.240627,1147.29,0.033691,160.609,1,0.027334,0.147981,2.0328
74.7683,0.225773,1066.86,0.03125,174.944,1,0.085438,0.063696,-0.3693
74.7915,0.242935,1311.24,0.031738,174.993,1,0.000282,0.073229,1.1415
74.8147,0.235473,1748.28,0.059082,175.5,1,0.002891,0.031196,-0.8331
74.8379,0.228671,2513.42,0.075195,176.476,1,0.005544,0.029306,-4.3606
74.8611,0.238896,2659.14,0.072754,169.587,1,0.039811,0.043735,1.3041
74.8844,0.210836,1995.31,0.071777,311.479,1,0.589905,0.124783,1.4102
74.9076,0.187095,1842.08,0.044922,166.65,1,0.605815,0.119321,-0.8416
74.9308,0.199078,2350.6,0.029785,173.85,1,0.042293,0.062056,2.2735
74.954,0.176743,2183.5,0.046875,175.507,1,0.009482,0.118856,1.6466
74.9772,0.186766,2368.86,0.058594,176.113,1,0.003448,0.055142,1.8111
75.0005,0.190296,3355.39,0.060059,175.486,1,0.003565,0.018725,3.7236
75.0237,0.172413,2927.69,0.064453,174.95,1,0.003059,0.098608,3.0468
75.0469,0.172584,2019.61,0.048828,175.196,1,0.001403,0.000992,3.624
75.0701,0.196885,2339.3,0.058105,175.54,1,0.001961,0.131546,-0.556
75.0933,0.190365,2860.11,0.087402,175.543,1,2e-05,0.033676,-2.1382
75.1166,0.186591,2890.3,0.096191,165.983,1,0.055982,0.02002,-1.4303
75.1398,0.181198,2851.73,0.099121,165.643,1,0.002056,0.029329,2.5518
75.163,0.133753,2685.2,0.085938,166.961,1,0.007929,0.301285,3.6901
75.1862,0.11382,2078.02,0.069336,155.968,1,0.068086,0.16103,1.9539
75.2094,0.105445,2030.18,0.075195,156.852,1,0.005653,0.076389,1.1416
75.2327,0.087836,2089.34,0.092773,158.179,1,0.008422,0.182212,0.711
75.2559,0.083272,2097.98,0.089355,173.433,1,0.091999,0.05334,-3.1846
75.2791,0.078897,1907.06,0.085449,175.333,1,0.010899,0.053963,-2.4392
75.3023,0.070946,2008.95,0.09668,225.04,1,0.248303,0.106127,-0.9288
75.3255,0.070476,2775.17,0.098633,154.028,1,0.374667,0.006649,2.3527
75.3488,0.060724,2911.28,0.109375,87.701,1,0.548767,0.148651,3.0595
75.372,0.057021,2424.2,0.120605,175.099,1,0.665128,0.062894,0.954
75.3952,0.110294,2520.98,0.119141,175.076,1,0.000135,0.636797,-3.7617
75.4184,0.140744,2953.39,0.108887,174.597,1,0.002736,0.242592,1.1449
75.4416,0.145016,2699.54,0.110352,283.538,1,0.475582,0.029898,-0.2878
75.4649,0.146971,2410.22,0.113281,285.344,1,0.006349,0.013392,2.2892
75.4881,0.11264,3425.55,0.096191,153.202,1,0.602638,0.264485,2.4242
75.5113,0.072304,3057.42,0.095703,155.308,1,0.013653,0.436189,-1.2264
75.5345,0.066748,1774.38,0.088867,155.89,1,0.003744,0.079914,-2.1127
75.5577,0.154805,2498.84,0.087891,154.887,1,0.006456,0.794901,-0.9152
75.581,0.186256,2803.47,0.08252,154.091,1,0.005152,0.184431,-0.0798
75.6042,0.213681,2483.54,0.079102,313.696,1,0.682384,0.137147,-2.686
75.6274,0.274153,2148.56,0.063965,311.024,1,0.008557,0.247922,0.3453
75.6506,0.258871,2017.49,0.043945,326.676,1,0.04909,0.05734,2.5077
75.6738,0.254082,2203.87,0.044922,319.766,1,0.021379,0.018676,-2.0213
75.6971,0.276151,2353.23,0.035645,315.193,1,0.014401,0.083243,1.2494
75.7203,0.240386,2081.95,0.039551,175.075,1,0.571599,0.138477,2.5626
75.7435,0.232716,1763.84,0.03125,181.683,1,0.037046,0.032426,-0.5626
75.7667,0.250161,1452.95,0.018066,179.359,1,0.012876,0.072254,0.5859
75.7899,0.21823,1257.23,0.023926,176.251,1,0.017476,0.136342,1.8086
75.8132,0.216008,1689.78,0.020508,178.186,1,0.010917,0.010235,1.1668
75.8364,0.240677,1619.26,0.028809,176.229,1,0.011046,0.108036,1.0245
75.8596,0.226036,1524.59,0.046387,175.475,1,0.004287,0.062744,1.0314
75.8828,0.234292,1745.02,0.054688,169.09,1,0.037059,0.035873,1.6437
75.906,0.275775,2268.39,0.077148,172.93,1,0.022453,0.162654,0.3368
75.9293,0.258642,2630.15,0.098145,175.162,1,0.012825,0.064117,0.5402
75.9525,0.248612,2459.32,0.09082,174.738,1,0.002421,0.039546,0.6511
75.9757,0.235659,2445.72,0.07666,174.317,1,0.002412,0.053496,3.5278
75.9989,0.155969,2404.91,0.084473,174.736,1,0.002399,0.406968,3.179
76.0221,0.125736,3079.35,0.067383,386.627,0,,,
76.0454,0.219029,3402.22,0.06543,175.059,1,,,-2.9452
76.0686,0.288305,2002.0,0.072266,360.761,1,0.693151,0.273098,-3.3178
76.0918,0.372569,1888.75,0.046875,111.333,1,1.056685,0.255007,-0.1457
76.115,0.417637,1853.34,0.036621,72.495,1,0.422556,0.114067,0.3207
76.1382,0.430384,1752.77,0.033691,64.853,0,,,
76.1615,0.424864,1759.45,0.027832,64.853,0,,,
76.1847,0.42164,1718.23,0.024414,64.853,0,,,
76.2079,0.427704,1489.57,0.020508,174.913,1,,,3.3725
76.2311,0.429226,1452.91,0.015137,408.333,0,,,
76.2543,0.45168,1386.46,0.01123,175.038,1,,,4.668
76.2776,0.452059,1735.63,0.021484,175.2,1,0.000925,0.000839,2.4848
76.3008,0.462519,2345.18,0.021973,175.271,1,0.000403,0.022874,2.3728
76.324,0.476655,2085.02,0.025879,408.333,0,,,
76.3472,0.462935,1314.25,0.02832,408.333,0,,,
76.3704,0.462471,1200.93,0.01709,385.357,0,,,
76.3937,0.46301,1140.75,0.018555,381.785,0,,,
76.4169,0.443816,1164.11,0.016602,354.093,1,,,3.0089
76.4401,0.450693,1676.15,0.013184,356.677,1,,,5.3142
76.4633,0.44037,1942.51,0.009766,408.333,0,,,
76.4865,0.428797,1307.11,0.006348,398.067,0,,,
76.5098,0.448366,1148.48,0.012207,64.853,0,,,
76.533,0.450501,1937.24,0.02002,68.119,0,,,
76.5562,0.457639,1939.11,0.023926,366.178,1,,,2.053
76.5794,0.457302,1770.11,0.031738,333.062,1,0.094722,0.000737,3.2092
76.6026,0.414084,1762.14,0.036621,327.258,1,0.017578,0.099193,0.6872
76.6259,0.404997,1394.04,0.03418,64.853,0,,,
76.6491,0.37522,1124.3,0.03418,87.128,1,,,1.4972
76.6723,0.357879,1048.97,0.030273,175.552,1,,,0.929
76.6955,0.360254,1017.65,0.020508,64.853,0,,,
76.7187,0.3272,981.31,0.021484,64.853,0,,,
76.742,0.301464,1413.99,0.022949,87.111,1,,,-1.3232
76.7652,0.272948,1736.13,0.033691,67.873,0,,,
76.7884,0.242581,2180.02,0.035645,64.853,0,,,
76.8116,0.233999,2025.59,0.032227,64.853,0,,,
76.8348,0.241552,1708.65,0.038086,64.853,0,,,
76.858,0.237648,1724.61,0.030273,64.853,0,,,
76.8813,0.243443,1785.57,0.03418,64.853,0,,,
76.9045,0.248089,1854.63,0.04541,64.853,0,,,
76.9277,0.254886,2519.9,0.04541,64.853,0,,,
76.9509,0.253559,2559.93,0.044434,64.853,0,,,
76.9741,0.260687,1872.2,0.038086,64.853,0,,,
76.9974,0.274661,1686.2,0.040039,64.853,0,,,
77.0206,0.263692,2509.75,0.050781,86.9,1,,,-3.9118
77.0438,0.267752,2544.53,0.061523,85.699,1,,,-0.5714
77.067,0.267654,2243.76,0.060547,64.853,0,,,
77.0902,0.245236,2543.87,0.04834,64.853,0,,,
77.1135,0.235365,1960.24,0.029785,64.853,0,,,
77.1367,0.233393,1395.07,0.023438,64.853,0,,,
77.1599,0.21754,1238.96,0.021484,64.853,0,,,
77.1831,0.189776,1045.68,0.018555,76.547,1,,,3.3045
77.2063,0.183012,967.45,0.014648,64.853,0,,,
77.2296,0.163502,988.64,0.010742,64.853,0,,,
77.2528,0.141199,2391.29,0.01709,64.853,0,,,
77.276,0.132,2972.95,0.029785,66.087,0,,,
77.2992,0.123672,2527.84,0.035156,64.853,0,,,
77.3224,0.108774,2118.73,0.03418,64.853,0,,,
77.3457,0.095653,1596.37,0.033203,72.508,1,,,-0.0824
77.3689,0.093011,1528.45,0.024414,73.352,1,,,-0.1957
77.3921,0.082008,2353.58,0.055176,64.853,0,,,
77.4153,0.075326,3543.8,0.058105,157.623,1,,,-0.8402
77.4385,0.069325,3202.0,0.065918,153.918,1,0.023782,0.082971,-0.0674
77.4618,0.062333,1991.25,0.072266,151.464,1,0.016072,0.106217,-1.3288
77.485,0.267626,1800.65,0.04248,330.696,1,0.743454,1.244359,-4.8084
77.5082,0.42328,1810.19,0.038574,156.206,1,0.716737,0.450578,-10.4524
77.5314,0.44181,1533.46,0.03125,117.914,1,0.279383,0.04284,-0.5671
77.5546,0.4476,1467.91,0.041992,64.853,0,,,
77.5779,0.385556,1941.7,0.037109,64.853,0,,,
77.6011,0.32598,1282.85,0.033691,66.84,0,,,
77.6243,0.370141,678.22,0.026367,383.869,0,,,
77.6475,0.435027,540.44,0.004883,64.853,0,,,
77.6707,0.514453,552.65,0.003418,64.853,0,,,
77.694,0.498265,521.67,0.00293,64.853,0,,,
77.7172,0.522557,559.53,0.003418,64.853,0,,,
77.7404,0.567522,1064.2,0.003418,64.853,0,,,
77.7636,0.53087,1078.43,0.003906,64.853,0,,,
77.7868,0.557317,722.69,0.003418,64.853,0,,,
77.8101,0.587407,608.72,0.002441,64.853,0,,,
77.8333,0.544903,724.18,0.004883,64.853,0,,,
77.8565,0.575871,1947.02,0.006348,64.853,0,,,
77.8797,0.590918,2153.48,0.007812,64.853,0,,,
77.9029,0.546447,1805.68,0.007812,408.333,0,,,
77.9262,0.562,1392.51,0.005371,64.853,0,,,
77.9494,0.546412,572.24,0.003906,64.853,0,,,
77.9726,0.506582,423.68,0.005371,64.853,0,,,
77.9958,0.519066,1665.52,0.006348,64.853,0,,,
78.019,0.501951,2362.47,0.010742,64.853,0,,,
78.0423,0.488959,2108.88,0.01123,408.333,0,,,
78.0655,0.491013,1708.92,0.010254,408.333,0,,,
78.0887,0.462629,1246.15,0.014648,408.333,0,,,
78.1119,0.43288,1155.72,0.019043,408.333,0,,,
78.1351,0.398265,1367.43,0.033203,185.556,1,,,2.0603
78.1584,0.353922,1399.43,0.050781,185.494,1,,,0.5387
78.1816,0.326138,1535.15,0.062988,391.139,0,,,
78.2048,0.312417,2002.5,0.084473,206.793,1,,,2.6986
78.228,0.303635,2631.52,0.089844,207.632,1,0.004049,0.028511,0.0926
78.2512,0.296112,2528.74,0.091797,208.096,1,0.002233,0.025089,0.2545
78.2745,0.28004,2204.23,0.095703,103.8,1,0.668788,0.055789,2.2048
78.2977,0.268108,2032.51,0.081055,103.711,1,0.000861,0.043536,-1.2392
78.3209,0.248212,1671.69,0.080078,103.587,1,0.001197,0.077068,4.2807
78.3441,0.233351,1596.07,0.078613,92.588,1,0.11213,0.061722,4.0114
78.3673,0.233373,1980.74,0.075195,92.811,1,0.002407,9.6e-05,0.8689
78.3906,0.22284,2263.45,0.076172,185.495,1,0.666057,0.046174,4.4078
78.4138,0.213819,2069.4,0.074219,178.613,1,0.037802,0.041318,4.9072
78.437,0.201028,1706.09,0.071777,87.451,1,0.685262,0.061669,3.1051
78.4602,0.227076,1985.13,0.074707,87.391,1,0.000692,0.12169,-3.9419
78.4834,0.230994,2460.12,0.072754,175.051,1,0.668033,0.017106,0.1138
78.5067,0.254768,2319.96,0.066895,308.529,1,0.552044,0.097884,-1.2863
78.5299,0.294251,2038.52,0.058594,306.668,1,0.006053,0.14383,1.2949
78.5531,0.269765,1806.42,0.058105,314.883,1,0.026435,0.086825,-0.6788
78.5763,0.273053,1868.13,0.056152,174.396,1,0.57426,0.012114,-2.8697
78.5995,0.268833,2163.92,0.055664,174.565,1,0.000967,0.015578,0.8482
78.6228,0.231738,2159.9,0.065918,170.556,1,0.023232,0.148209,1.0059
78.646,0.239494,2082.26,0.057617,174.167,1,0.020952,0.032916,2.6199
78.6692,0.238108,2188.27,0.054688,174.92,1,0.00431,0.005801,2.7575
78.6924,0.229057,2150.13,0.083496,174.974,1,0.000313,0.038752,-2.361
78.7156,0.226552,2676.01,0.078125,175.286,1,0.001777,0.010995,-4.1933
78.7389,0.2211,2674.74,0.071777,165.383,1,0.058136,0.024359,2.998
78.7621,0.199737,1778.39,0.07373,164.354,1,0.006244,0.101527,-0.2423
78.7853,0.190847,1469.84,0.042969,346.396,1,0.712844,0.045522,1.9641
78.8085,0.200801,2140.8,0.043945,157.803,1,0.748091,0.050832,2.9364
78.8317,0.183246,2371.72,0.066406,173.693,1,0.09587,0.091422,2.139
78.855,0.192184,2838.31,0.074219,175.424,1,0.009913,0.047617,3.6225
78.8782,0.190707,3346.22,0.083496,175.101,1,0.00184,0.007716,4.473
78.9014,0.174,2725.97,0.084961,175.047,1,0.000312,0.091618,4.6938
78.9246,0.179515,2472.58,0.074707,175.083,1,0.000206,0.0312,4.6492
78.9478,0.204209,2727.17,0.100098,174.965,1,0.00067,0.128707,-0.473
78.9711,0.196181,2936.59,0.118164,174.888,1,0.00044,0.0401,-1.5501
78.9943,0.194579,2936.68,0.119629,165.979,1,0.052274,0.008199,2.8008
79.0175,0.187033,3071.39,0.114746,165.903,1,0.000459,0.03955,2.1496
79.0407,0.138612,2624.73,0.088379,175.329,1,0.055247,0.297385,2.4045
79.0639,0.121229,2072.27,0.069336,160.902,1,0.085815,0.133797,0.055
79.0872,0.113609,2103.19,0.068359,157.04,1,0.024296,0.064895,0.1085
79.1104,0.107867,2161.96,0.078613,153.405,1,0.023419,0.051849,-0.1108
79.1336,0.117617,2119.13,0.080078,140.146,1,0.09033,0.086479,-1.8803
79.1568,0.137324,2145.84,0.075684,70.018,1,0.667373,0.154596,0.9461
79.18,0.142138,2329.59,0.08252,141.708,1,0.677205,0.034453,0.5231
79.2033,0.154308,2624.7,0.079102,153.599,1,0.08053,0.082108,1.3379
79.2265,0.156776,2591.94,0.083008,160.463,1,0.043709,0.015868,6.3364
79.2497,0.149086,2391.08,0.087891,173.115,1,0.075861,0.050289,6.1734
79.2729,0.193493,2446.68,0.090332,174.418,1,0.007493,0.259256,-3.1475
79.2961,0.194777,2572.21,0.089844,174.524,1,0.000613,0.006614,-3.244
79.3194,0.190713,2334.28,0.087891,173.823,1,0.004024,0.021088,-0.6785
79.3426,0.188458,2470.8,0.07959,156.899,1,0.102351,0.011892,5.3097
79.3658,0.14087,2969.79,0.067383,87.779,1,0.564987,0.289004,3.1356
79.389,0.117816,1883.31,0.068848,174.311,1,0.660325,0.178239,-1.6987
79.4122,0.110775,1649.99,0.098145,173.776,1,0.003077,0.061599,-6.7712
79.4355,0.167683,3029.42,0.111816,173.966,1,0.001096,0.408733,0.64
79.4587,0.180993,2898.25,0.125488,297.823,1,0.525052,0.076345,1.4975
79.4819,0.222166,2821.42,0.126465,292.681,1,0.017415,0.204256,-0.2796
79.5051,0.274128,3014.53,0.084473,308.907,1,0.053943,0.209399,3.175
79.5283,0.262792,2032.36,0.074707,308.778,1,0.000419,0.042226,-0.6488
79.5516,0.271428,1348.75,0.054199,408.333,0,,,
79.5748,0.270641,1597.02,0.046875,172.828,1,,,2.2227
79.598,0.228395,1857.53,0.047852,174.743,1,0.011019,0.169312,1.4382
79.6212,0.225691,1983.7,0.036621,175.824,1,0.00617,0.01191,1.0521
79.6444,0.231786,2119.38,0.039551,175.967,1,0.000809,0.026648,2.3481
79.6677,0.208126,2075.57,0.041504,175.608,1,0.00204,0.107565,0.2541
79.6909,0.21321,2231.3,0.037598,175.578,1,0.00017,0.024132,1.152
79.7141,0.216388,2111.33,0.04541,175.331,1,0.001409,0.014794,3.247
79.7373,0.192596,1799.46,0.041504,175.307,1,0.000134,0.116348,1.2441
79.7605,0.215388,1681.69,0.046387,175.446,1,0.000791,0.111732,-2.9358
79.7838,0.233909,2523.37,0.057617,174.514,1,0.005328,0.082442,-0.9473
79.807,0.214838,2617.0,0.071289,165.669,1,0.051999,0.084993,-1.9795
79.8302,0.21883,2410.42,0.073242,315.059,1,0.621514,0.018407,0.3868
79.8534,0.202291,2290.93,0.060059,173.557,1,0.579194,0.078547,1.568
79.8766,0.16578,1475.69,0.058105,155.282,1,0.11115,0.198392,1.4262
79.8999,0.166292,1197.18,0.045898,155.512,1,0.001483,0.003083,-3.2576
79.9231,0.162391,1231.63,0.049316,156.152,1,0.004106,0.023738,-1.2755
79.9463,0.149528,1366.38,0.069336,141.09,1,0.101341,0.082475,1.6025
79.9695,0.152282,2094.35,0.075195,154.97,1,0.093758,0.018249,-0.4168
79.9927,0.148829,2287.9,0.068848,155.722,1,0.004844,0.022935,4.9471
80.016,0.125918,1870.02,0.062988,174.616,1,0.114391,0.16678,3.2502
80.0392,0.112486,1195.06,0.051758,175.258,1,0.003671,0.112684,0.1264
80.0624,0.093473,2253.05,0.098145,175.77,1,0.002914,0.184622,1.8129
80.0856,0.078107,3716.42,0.193848,157.38,1,0.110397,0.179112,-3.8573
80.1088,0.086972,4963.02,0.288086,159.335,1,0.012346,0.107399,-5.6035
80.1321,0.121503,5247.67,0.34375,172.536,1,0.079555,0.331272,-6.7415
80.1553,0.165821,3974.31,0.307617,164.476,1,0.047836,0.30849,-2.3109
80.1785,0.171484,3109.49,0.220703,164.753,1,0.001687,0.033575,-2.5381
80.2017,0.168248,2607.85,0.146484,164.905,1,0.000918,0.019046,2.5562
80.2249,0.140996,2392.58,0.094238,88.169,1,0.60643,0.176248,0.0852
80.2482,0.081175,2533.41,0.121582,174.465,1,0.65716,0.538521,-1.3082
80.2714,0.079036,3046.25,0.138672,174.165,1,0.00172,0.026696,0.8308
80.2946,0.095247,3463.63,0.144531,174.774,1,0.003485,0.186025,4.356
80.3178,0.104762,3299.01,0.151855,162.602,1,0.072155,0.095146,2.9596
80.341,0.111051,3221.11,0.111328,160.736,1,0.01154,0.058289,7.052
80.3643,0.100307,2665.21,0.085449,157.259,1,0.021869,0.101673,2.4772
80.3875,0.315601,2445.58,0.065918,155.467,1,0.011462,1.0353,-5.6168
80.4107,0.438987,1897.89,0.046387,151.689,1,0.024603,0.327027,-15.986
80.4339,0.469909,1619.71,0.041992,125.832,1,0.186337,0.068044,-0.4378
80.4571,0.477693,2123.19,0.054688,64.853,0,,,
80.4804,0.386657,2252.78,0.052734,64.853,0,,,
80.5036,0.254082,1824.07,0.052246,408.333,0,,,
80.5268,0.22751,1542.74,0.053223,66.146,0,,,
80.55,0.249006,1472.92,0.038574,68.485,0,,,
80.5732,0.235676,1480.24,0.027832,69.014,0,,,
80.5965,0.242422,1361.14,0.024902,68.856,0,,,
80.6197,0.252779,1407.14,0.02832,67.917,0,,,
80.6429,0.235655,2665.94,0.043457,64.853,0,,,
80.6661,0.250839,2763.25,0.050293,64.853,0,,,
80.6893,0.260277,2649.83,0.077637,64.853,0,,,
80.7126,0.239826,2831.45,0.065918,64.853,0,,,
80.7358,0.256377,2255.27,0.052734,64.853,0,,,
80.759,0.261203,2000.06,0.057129,64.853,0,,,
80.7822,0.245366,2340.98,0.037598,64.853,0,,,
80.8054,0.25714,2792.27,0.035645,64.853,0,,,
80.8287,0.254372,2498.11,0.035645,64.853,0,,,
80.8519,0.237711,1960.9,0.027832,68.321,0,,,
80.8751,0.390325,1672.53,0.023926,68.074,0,,,
80.8983,0.449373,1607.77,0.023926,85.393,1,,,-8.9773
80.9215,0.454748,1528.94,0.022949,115.705,1,,,-1.5407
80.9448,0.456281,1653.76,0.030762,64.853,0,,,
80.968,0.343384,1977.58,0.029297,64.853,0,,,
80.9912,0.247589,1713.09,0.036133,64.853,0,,,
81.0144,0.228846,1696.79,0.042969,71.051,1,,,-0.3587
81.0376,0.239087,1712.79,0.044434,65.715,0,,,
81.0609,0.421848,1423.44,0.041992,155.433,1,,,-8.8822
81.0841,0.470712,920.34,0.037598,155.706,1,,,-7.3942
81.1073,0.479849,873.86,0.039551,64.853,0,,,
81.1305,0.474408,1390.42,0.042969,64.853,0,,,
81.1537,0.308957,1752.34,0.055664,64.853,0,,,
81.177,0.207691,1624.13,0.060547,87.365,1,,,-0.9665
81.2002,0.174947,1521.71,0.075684,174.531,1,0.665655,0.171149,-3.7766
81.2234,0.408657,2161.68,0.0625,174.381,1,0.000857,0.800921,-3.5262
81.2466,0.486894,1480.97,0.050293,275.995,1,0.451237,0.174724,-5.9199
81.2698,0.497338,934.53,0.044922,64.853,0,,,
81.2931,0.491047,1594.96,0.026855,64.853,0,,,
81.3163,0.308147,2068.83,0.04248,64.853,0,,,
81.3395,0.134816,1989.53,0.072754,64.853,0,,,
81.3627,0.350657,1986.7,0.081543,161.754,1,,,-4.7697
81.3859,0.437274,1448.11,0.07959,264.983,1,0.483806,0.219861,-7.0246
81.4092,0.444018,1623.17,0.089844,108.776,1,0.835873,0.015304,-0.7237
81.4324,0.462183,2303.4,0.064453,64.853,0,,,
81.4556,0.356662,2411.42,0.054199,64.853,0,,,
81.4788,0.287108,1493.84,0.049316,175.548,1,,,3.0414
81.502,0.330421,982.1,0.021973,337.394,1,,,3.4313
81.5253,0.358896,850.93,0.01416,408.333,0,,,
81.5485,0.352629,797.22,0.014648,408.333,0,,,
81.5717,0.380476,815.42,0.012207,397.125,0,,,
81.5949,0.393707,908.69,0.010254,378.752,1,,,5.6177
81.6181,0.387445,1287.09,0.013672,377.481,1,,,3.766
81.6414,0.4271,1266.28,0.015137,399.379,0,,,
81.6646,0.428182,1105.94,0.021484,408.333,0,,,
81.6878,0.422808,1199.92,0.029297,408.333,0,,,
81.711,0.459151,1646.3,0.035645,175.318,1,,,2.5032
81.7342,0.44483,2165.96,0.040039,242.842,1,0.322959,0.031684,1.9419
81.7575,0.429744,2028.92,0.038574,240.456,1,0.009874,0.034499,0.7128
81.7807,0.442815,1741.61,0.030762,176.031,1,0.309372,0.02996,5.1316
81.8039,0.398345,1302.57,0.025391,247.896,1,0.33904,0.105735,5.4013
81.8271,0.378865,1400.87,0.018066,358.729,1,0.365411,0.050128,3.8568
81.8503,0.393074,2092.11,0.013184,64.853,0,,,
81.8736,0.359969,2959.48,0.016602,64.853,0,,,
81.8968,0.379744,3014.07,0.015137,64.853,0,,,
81.92,0.400214,2026.73,0.015137,64.853,0,,,
81.9432,0.372311,1483.21,0.018555,408.333,0,,,
81.9664,0.377379,1368.3,0.021973,257.186,1,,,1.5101
81.9897,0.353758,1456.53,0.027832,253.405,1,0.014808,0.064613,2.7863
82.0129,0.299639,1512.43,0.037109,175.437,1,0.36362,0.165656,0.5192
82.0361,0.274369,1559.46,0.041504,175.333,1,0.000597,0.088046,2.7093
82.0593,0.22842,1476.37,0.041992,175.253,1,0.000453,0.182777,3.0938
82.0825,0.211533,2155.63,0.065918,175.152,1,0.000577,0.076767,-3.2144
82.1058,0.211995,2691.81,0.065918,175.1,1,0.000299,0.002181,-3.0965
82.129,0.219058,2434.8,0.071777,87.059,1,0.671661,0.03277,-3.0258
82.1522,0.235692,1732.91,0.078613,87.074,1,0.000168,0.07316,-0.2787
82.1754,0.215485,1657.88,0.060547,84.25,1,0.032958,0.089573,2.7485
82.1986,0.202899,1843.76,0.061523,85.239,1,0.011667,0.060169,2.3766
82.2219,0.18117,2112.76,0.063965,86.915,1,0.019476,0.113149,1.9837
82.2451,0.151531,2603.39,0.068359,87.408,1,0.005655,0.178169,2.9791
82.2683,0.138367,2987.03,0.069824,87.408,1,3e-06,0.090822,4.1112
82.2915,0.123558,2515.79,0.079102,87.357,1,0.00058,0.113078,-3.1061
82.3147,0.13914,2271.88,0.081055,87.176,1,0.002075,0.118633,-1.7461
82.338,0.1983,2590.06,0.086426,117.185,1,0.293687,0.350636,-3.8517
82.3612,0.224121,2542.5,0.083984,237.823,1,0.679631,0.122256,-1.2148
82.3844,0.262937,2282.6,0.072266,152.149,1,0.439383,0.15939,1.8156
82.4076,0.291325,2175.93,0.065918,151.367,1,0.005155,0.102433,4.943
82.4308,0.26962,1993.25,0.055176,408.333,0,,,
82.4541,0.261775,1944.15,0.049316,362.555,1,,,4.3863
82.4773,0.251516,2096.42,0.045898,358.408,1,0.011505,0.039977,5.0411
82.5005,0.211765,2038.97,0.038574,364.606,1,0.017145,0.171607,4.029
82.5237,0.203306,2655.69,0.040527,388.398,0,,,
82.5469,0.224227,3942.49,0.054688,186.517,1,,,3.0031
82.5702,0.213669,3945.65,0.106445,408.333,0,,,
82.5934,0.216292,3743.72,0.144531,316.042,1,,,-1.841
82.6166,0.225222,4082.94,0.157715,314.282,1,0.005585,0.040451,5.5425
82.6398,0.194242,4348.48,0.157715,377.452,1,0.182643,0.147711,1.2989
82.663,0.188097,3752.2,0.112305,334.569,1,0.120456,0.032143,-0.5655
82.6863,0.204251,2902.46,0.089355,166.573,1,0.670452,0.082345,3.5216
82.7095,0.183986,2990.61,0.094727,174.268,1,0.045151,0.104395,1.8098
82.7327,0.190039,3369.86,0.086914,175.033,1,0.004384,0.032366,1.1227
82.7559,0.189934,3379.04,0.086426,174.882,1,0.000867,0.000553,3.8015
82.7791,0.166011,2811.31,0.082031,174.925,1,0.000246,0.134422,3.0787
82.8024,0.185171,2811.81,0.063965,174.936,1,6.8e-05,0.109117,-0.8046
82.8256,0.197892,2679.56,0.089355,174.977,1,0.00023,0.066416,-1.83
82.8488,0.188084,2737.63,0.107422,165.24,1,0.057238,0.05082,-3.0471
82.872,0.188644,2693.89,0.099121,164.491,1,0.004543,0.002975,2.3148
82.8952,0.168459,2794.18,0.091309,77.631,1,0.717489,0.113052,0.6136
82.9185,0.136424,2321.13,0.061523,153.749,1,0.657947,0.210143,3.0608
82.9417,0.129634,1795.77,0.042969,143.739,1,0.067295,0.05104,1.7262
82.9649,0.133275,1512.46,0.04541,140.91,1,0.019881,0.027692,3.9034
82.9881,0.134216,1836.54,0.059082,152.702,1,0.080326,0.007036,4.1031
83.0113,0.135425,2189.24,0.07373,155.726,1,0.01961,0.00897,-1.1479
83.0346,0.1365,2265.98,0.087891,156.526,1,0.005122,0.007907,5.8538
83.0578,0.119767,2823.41,0.092773,173.548,1,0.103145,0.130592,5.454
83.081,0.099589,3130.2,0.096191,174.956,1,0.00808,0.183978,0.8409
83.1042,0.077355,2900.48,0.085938,175.068,1,0.000641,0.251304,-0.5481
83.1274,0.086369,2710.92,0.113281,165.229,1,0.057827,0.110111,-4.8542
83.1507,0.15465,3547.38,0.121094,173.897,1,0.05112,0.566603,-2.6235
83.1739,0.171357,3112.69,0.118164,178.08,1,0.023769,0.102491,-0.3319
83.1971,0.184526,2557.89,0.137207,293.993,1,0.491078,0.074008,-1.1976
83.2203,0.179208,2858.17,0.099121,321.808,1,0.090339,0.02924,6.807
83.2435,0.122937,3177.15,0.095215,156.286,1,0.692424,0.372475,3.6549
83.2668,0.10267,2428.78,0.085449,155.808,1,0.003062,0.17967,0.8272
83.29,0.118278,2216.52,0.089355,155.834,1,0.000163,0.141284,-6.2682
83.3132,0.17465,3056.47,0.112305,148.639,1,0.047262,0.384888,-1.6525
83.3364,0.215275,3118.67,0.126953,143.567,1,0.034709,0.208369,-1.1853
83.3596,0.263731,3121.85,0.123047,307.601,1,0.727149,0.202321,-0.4887
83.3829,0.294929,2440.98,0.093262,153.845,1,0.666409,0.111687,0.727
83.4061,0.276315,1784.57,0.064453,157.535,1,0.023702,0.065169,2.2674
83.4293,0.261847,1666.27,0.038086,172.334,1,0.089727,0.053768,-0.3875
83.4525,0.244507,1489.67,0.03418,174.96,1,0.015124,0.068492,1.5425
83.4757,0.205488,1271.33,0.032227,176.455,1,0.008506,0.173418,2.0643
83.499,0.213597,1237.45,0.027832,181.348,1,0.027348,0.038699,1.5207
83.5222,0.231298,1336.05,0.033691,175.527,1,0.032619,0.079573,3.1274
83.5454,0.217446,1670.25,0.047363,176.02,1,0.002805,0.061738,2.9432
83.5686,0.229072,1925.87,0.055664,175.577,1,0.002522,0.052074,2.3828
83.5918,0.236707,1842.25,0.055176,174.997,1,0.003309,0.032784,3.8139
83.6151,0.208215,1698.66,0.049805,175.019,1,0.000126,0.128075,1.6805
83.6383,0.250009,1666.83,0.055176,175.006,1,7.3e-05,0.182418,-2.1869
83.6615,0.257744,2502.24,0.064941,174.954,1,0.000297,0.030465,-1.6614
83.6847,0.244431,2457.13,0.087891,164.885,1,0.059258,0.053021,0.6258
83.7079,0.262002,2397.29,0.093262,160.222,1,0.028687,0.069391,2.3996
83.7312,0.224419,2259.12,0.080566,155.342,1,0.030928,0.154526,3.3194
83.7544,0.194756,1632.49,0.071289,155.257,1,0.000549,0.141531,2.4896
83.7776,0.192394,1567.71,0.04834,155.445,1,0.001211,0.012206,0.7699
83.8008,0.218887,1472.45,0.041504,155.918,1,0.003035,0.128834,0.0039
83.824,0.269558,1365.28,0.033691,156.912,1,0.006357,0.20748,0.4364
83.8473,0.319574,1613.39,0.024414,78.291,1,0.668531,0.169793,1.9773
83.8705,0.36536,1613.07,0.023926,77.083,1,0.015558,0.133695,0.9998
83.8937,0.380639,1182.51,0.023438,87.226,1,0.123464,0.040964,0.4951
83.9169,0.372423,1218.61,0.022949,175.199,1,0.670463,0.02182,0.5901
83.9401,0.366578,1370.56,0.019043,175.328,1,0.000735,0.015819,0.7161
83.9634,0.357349,1126.64,0.01709,175.115,1,0.001213,0.025497,-0.5481
83.9866,0.357609,1138.39,0.015625,87.456,1,0.667697,0.000728,0.8934
84.0098,0.373358,1329.2,0.031738,87.24,1,0.002481,0.04309,0.2691
84.033,0.381784,2240.52,0.043945,174.714,1,0.667861,0.022316,-0.5108
84.0562,0.39104,2336.9,0.04248,408.333,0,,,
84.0795,0.383191,1771.4,0.039551,408.333,0,,,
84.1027,0.371105,1330.33,0.019531,175.163,1,,,1.7632
84.1259,0.369179,1351.11,0.009277,408.333,0,,,
84.1491,0.340249,1495.35,0.020996,78.273,1,,,-0.5541
84.1723,0.318309,2133.54,0.037109,172.987,1,0.753906,0.066631,-1.041
84.1956,0.280472,2786.84,0.063965,304.003,1,0.549348,0.126379,1.317
84.2188,0.2186,3023.09,0.098145,155.544,1,0.646109,0.247949,1.1182
84.242,0.179191,3309.37,0.144531,155.884,1,0.002181,0.198141,-3.9005
84.2652,0.214474,3387.03,0.13916,155.967,1,0.000534,0.179254,-1.5756
84.2884,0.298563,2743.43,0.139648,373.812,1,0.822397,0.327809,-6.3881
84.3117,0.329552,2779.99,0.125488,102.84,1,1.136977,0.098674,-2.5012
84.3349,0.377719,3012.32,0.080566,145.846,1,0.345863,0.136205,-2.5186
84.3581,0.396367,2699.13,0.078613,65.205,0,,,
84.3813,0.433278,2274.23,0.052734,64.853,0,,,
84.4045,0.468628,2256.48,0.03125,64.853,0,,,
84.4278,0.502686,2107.93,0.02002,64.853,0,,,
84.451,0.510081,1996.29,0.02002,64.853,0,,,
84.4742,0.449298,1962.59,0.026855,64.853,0,,,
84.4974,0.408297,2106.28,0.040039,64.853,0,,,
84.5206,0.339621,2213.5,0.046875,64.853,0,,,
84.5439,0.3353,2034.43,0.037109,64.853,0,,,
84.5671,0.328869,1423.37,0.039551,73.066,1,,,0.8877
84.5903,0.341649,1666.52,0.043945,64.853,0,,,
84.6135,0.333937,2338.08,0.053223,64.853,0,,,
84.6367,0.296606,2472.15,0.069336,65.061,0,,,
84.66,0.311619,2263.21,0.077148,166.386,1,,,-4.2592
84.6832,0.323611,2424.92,0.063965,175.733,1,,,-7.8904
84.7064,0.364755,1941.24,0.047852,64.853,0,,,
84.7296,0.360876,1827.03,0.046387,64.853,0,,,
84.7528,0.387836,2164.33,0.041016,64.853,0,,,
84.7761,0.391573,2348.29,0.039062,64.853,0,,,
84.7993,0.371389,1961.12,0.050293,81.993,1,,,-3.8762
84.8225,0.369705,1868.82,0.047852,64.853,0,,,
84.8457,0.344122,1799.18,0.044922,64.853,0,,,
84.8689,0.320088,1542.03,0.044922,64.853,0,,,
84.8922,0.309523,1498.97,0.036133,119.914,1,,,-3.8136
84.9154,0.306792,1547.12,0.026855,117.401,1,0.021175,0.008864,-0.9321
84.9386,0.282911,1572.12,0.029785,119.574,1,0.018339,0.080991,-3.3294
84.9618,0.256777,1579.34,0.032715,119.544,1,0.00025,0.09685,-3.9056
84.985,0.22651,1643.08,0.042969,117.308,1,0.018885,0.125256,-4.9907
85.0083,0.201186,2113.08,0.060059,119.979,1,0.022513,0.118421,-5.2704
85.0315,0.194471,2279.14,0.060547,120.088,1,0.000907,0.033944,-2.1976
85.0547,0.189998,2231.77,0.069824,107.446,1,0.11112,0.023268,-0.5279
85.0779,0.205446,2162.25,0.073242,116.003,1,0.076587,0.078131,2.7129
85.1011,0.216003,2220.31,0.069824,116.3,1,0.002563,0.050097,3.1827
85.1244,0.2028,2172.44,0.074219,116.335,1,0.000297,0.06305,1.5652
85.1476,0.202258,2418.11,0.074707,116.428,1,0.0008,0.002676,-0.5202
85.1708,0.18971,2610.5,0.076172,116.803,1,0.003212,0.064026,2.0902
85.194,0.172383,2297.0,0.082031,116.437,1,0.003138,0.095702,2.6862
85.2172,0.15865,2598.07,0.086426,116.15,1,0.002468,0.082973,1.5248
85.2405,0.169701,2466.05,0.094727,116.423,1,0.002347,0.067313,-2.9009
85.2637,0.199477,1947.95,0.087891,116.484,1,0.00053,0.161308,-0.4864
85.2869,0.242142,1772.39,0.071777,350.588,1,1.00243,0.193221,2.9955
85.3101,0.260242,1608.26,0.060059,353.411,1,0.008019,0.072056,2.767
85.3333,0.275672,1777.51,0.042969,360.777,1,0.020629,0.057584,2.04
85.3566,0.279233,1673.99,0.039551,363.129,1,0.006497,0.012833,3.2517
85.3798,0.250851,1303.52,0.041504,359.693,1,0.009505,0.107085,2.0772
85.403,0.259075,1287.65,0.036133,355.979,1,0.010379,0.032255,1.2378
85.4262,0.250327,1279.56,0.032715,352.72,1,0.009199,0.034343,3.9001
85.4494,0.223331,1252.67,0.03418,358.295,1,0.015682,0.113989,2.545
85.4727,0.243086,1363.71,0.03125,362.346,1,0.011245,0.08471,2.9377
85.4959,0.249522,1240.22,0.030762,351.939,1,0.02914,0.02613,5.1746
85.5191,0.23239,1166.42,0.036621,351.38,1,0.001589,0.071104,3.799
85.5423,0.253508,1236.12,0.030762,350.15,1,0.003507,0.086924,2.3495
85.5655,0.250633,1170.69,0.026855,349.304,1,0.002421,0.011405,4.4201
85.5888,0.221041,1116.29,0.044434,350.046,1,0.002124,0.125474,0.7984
85.612,0.248023,1511.82,0.036133,349.699,1,0.000993,0.115043,0.7462
85.6352,0.237136,1603.17,0.040527,174.596,1,0.667954,0.04488,5.4979
85.6584,0.206219,1554.81,0.050781,350.83,1,0.670822,0.139469,1.8638
85.6816,0.216239,1586.19,0.029785,353.242,1,0.00685,0.04744,1.0713
85.7049,0.184384,1272.01,0.037598,348.878,1,0.01243,0.159028,4.2451
85.7281,0.157411,1256.41,0.041992,352.412,1,0.01008,0.157834,0.8747
85.7513,0.163009,1361.77,0.038574,352.448,1,0.0001,0.034941,1.4531
85.7745,0.14393,1327.36,0.044922,174.146,1,0.677191,0.124318,4.768
85.7977,0.132278,1321.01,0.047852,173.619,1,0.003029,0.084368,3.0188
85.821,0.134521,1469.41,0.041504,351.674,1,0.677927,0.016816,2.6694
85.8442,0.121201,1484.57,0.04248,173.911,1,0.676438,0.104176,2.5306
85.8674,0.10868,1473.41,0.049316,174.189,1,0.001597,0.108939,0.8338
85.8906,0.117428,1661.61,0.059082,174.461,1,0.00156,0.077378,-2.5651
85.9138,0.13587,2904.82,0.079102,173.759,1,0.004031,0.145615,1.2413
85.9371,0.154226,3522.6,0.085449,174.645,1,0.005084,0.126555,3.3697
85.9603,0.175182,3715.24,0.092285,171.651,1,0.017292,0.127232,4.5644
85.9835,0.172089,3144.7,0.087402,167.622,1,0.023749,0.01781,5.1355
86.0067,0.15338,2419.06,0.072754,171.367,1,0.022094,0.114965,3.4836
86.0299,0.134359,2192.36,0.075684,172.861,1,0.008683,0.132215,5.3646
86.0532,0.111516,2138.19,0.066406,173.979,1,0.006442,0.185805,5.7573
86.0764,0.134681,2134.59,0.072266,173.379,1,0.003452,0.188178,2.6039
86.0996,0.170791,2002.76,0.086426,173.849,1,0.002709,0.236424,5.3413
86.1228,0.198819,2164.37,0.093262,173.57,1,0.00161,0.151663,6.8841
86.146,0.206616,2468.27,0.105469,174.442,1,0.005015,0.038459,6.829
86.1693,0.187493,2432.07,0.099609,174.311,1,0.000751,0.09704,3.7929
86.1925,0.160975,2117.21,0.098633,173.985,1,0.001871,0.152197,0.4284
86.2157,0.169501,2190.71,0.082031,174.413,1,0.002456,0.051597,0.5375
86.2389,0.198696,2150.91,0.069824,172.831,1,0.009113,0.15858,1.155
86.2621,0.245042,1958.11,0.067871,172.948,1,0.000678,0.20889,-1.3567
86.2854,0.28362,1877.23,0.056152,167.507,1,0.031966,0.145947,1.3825
86.3086,0.275466,2150.81,0.060547,172.836,1,0.031318,0.029169,1.056
86.3318,0.273768,2307.27,0.056152,176.383,1,0.020314,0.006183,-0.1328
86.355,0.272902,1978.31,0.047363,177.185,1,0.004536,0.003169,2.4758
86.3782,0.244392,1664.57,0.044922,176.865,1,0.001806,0.110226,1.847
86.4015,0.256517,1990.83,0.037598,175.543,1,0.007507,0.04841,-0.6696
86.4247,0.25786,2729.21,0.05127,175.312,1,0.001317,0.005222,2.0099
86.4479,0.236755,3037.82,0.063965,176.416,1,0.006281,0.08534,1.0758
86.4711,0.256898,3063.23,0.069824,175.817,1,0.003402,0.081608,0.4118
86.4943,0.249673,2766.44,0.087402,175.226,1,0.003368,0.028526,2.5745
86.5176,0.234146,2781.5,0.084961,174.988,1,0.001361,0.064183,0.2513
86.5408,0.25407,3127.71,0.07666,174.79,1,0.001127,0.08162,0.5551
86.564,0.242728,2776.5,0.074707,173.617,1,0.006737,0.045662,3.4667
86.5872,0.231718,2474.67,0.061523,173.93,1,0.001804,0.046412,1.7598
86.6104,0.234239,2698.44,0.062988,174.547,1,0.003536,0.010823,1.4662
86.6337,0.196492,3385.28,0.098145,174.971,1,0.002429,0.175273,1.2247
86.6569,0.168061,4430.26,0.090332,174.808,1,0.000934,0.155977,-2.7364
86.6801,0.163941,4210.81,0.093262,175.147,1,0.00194,0.024817,-0.8444
86.7033,0.147314,2180.71,0.091797,173.429,1,0.009858,0.106839,-0.7537
86.7265,0.160365,2177.48,0.058594,172.826,1,0.003483,0.084837,-1.649
86.7498,0.179266,2525.53,0.066895,172.147,1,0.003937,0.111302,2.0618
86.773,0.186567,2675.63,0.06543,164.67,1,0.044397,0.039912,5.7269
86.7962,0.190209,3115.49,0.0625,172.43,1,0.046038,0.019335,6.4281
86.8194,0.175034,3320.19,0.074707,174.511,1,0.011997,0.083096,4.8889
86.8426,0.150213,3168.48,0.087402,175.548,1,0.005927,0.152628,3.4537
86.8659,0.130442,2895.46,0.106445,175.566,1,0.000103,0.140896,0.969
86.8891,0.131282,3051.3,0.121582,174.648,1,0.005246,0.006424,2.3349
86.9123,0.142637,3286.13,0.128906,175.216,1,0.003249,0.082906,5.2272
86.9355,0.149766,3226.62,0.124023,173.806,1,0.008077,0.048759,6.6209
86.9587,0.15174,2999.38,0.140625,174.106,1,0.001719,0.013094,3.7695
86.982,0.136629,3263.49,0.174805,174.283,1,0.001017,0.1048,-0.2689
87.0052,0.12192,3791.04,0.20752,172.807,1,0.008506,0.113785,-1.1018
87.0284,0.118536,4290.07,0.252441,165.04,1,0.045975,0.028147,-1.428
87.0516,0.126167,4154.76,0.237793,152.289,1,0.080369,0.06237,-1.5749
87.0748,0.144581,3414.34,0.192871,165.041,1,0.080374,0.136024,2.1375
87.098,0.146797,2713.01,0.147949,172.56,1,0.044545,0.015212,1.7767
87.1213,0.146948,2525.43,0.091797,174.601,1,0.011753,0.001029,2.5563
87.1445,0.13405,2470.66,0.071289,173.658,1,0.005415,0.091802,4.5433
87.1677,0.130739,2229.67,0.072266,171.871,1,0.010342,0.025011,-1.7868
87.1909,0.164781,2106.6,0.062988,171.934,1,0.000365,0.230388,-2.1738
87.2141,0.199683,1998.54,0.069336,167.218,1,0.027807,0.191526,-2.0626
87.2374,0.266163,1967.5,0.066406,169.479,1,0.013429,0.285416,-2.0955
87.2606,0.286257,2034.85,0.062012,173.206,1,0.021753,0.07275,1.9662
87.2838,0.283857,2127.53,0.074219,175.596,1,0.013704,0.008419,0.2052
87.307,0.291335,2114.66,0.076172,175.606,1,5.5e-05,0.026002,0.2225
87.3302,0.254265,2061.61,0.088867,175.078,1,0.003012,0.13589,2.3536
87.3535,0.239659,2092.12,0.100586,174.679,1,0.002283,0.059141,-0.2128
87.3767,0.249874,2248.83,0.090332,174.161,1,0.00297,0.041733,-0.0142
87.3999,0.227109,2246.27,0.09375,173.444,1,0.004122,0.095454,1.2738
87.4231,0.219847,2277.41,0.090332,173.116,1,0.001892,0.032497,-2.416
87.4463,0.237592,2167.42,0.071777,173.619,1,0.002901,0.077584,0.0068
87.4696,0.214214,1930.88,0.071777,171.577,1,0.011831,0.103484,1.3901
87.4928,0.20908,1940.6,0.057129,156.944,1,0.089083,0.024258,-2.7325
87.516,0.216689,1847.67,0.04541,154.923,1,0.012964,0.035743,1.6255
87.5392,0.179687,1780.61,0.08252,152.538,1,0.015514,0.186703,0.7978
87.5624,0.177736,2684.81,0.12207,146.927,1,0.037474,0.010916,-1.455
87.5857,0.17775,3578.28,0.133301,200.027,1,0.306091,7.8e-05,2.3522
87.6089,0.142192,3480.73,0.142578,394.174,0,,,
87.6321,0.142153,2905.33,0.103516,305.989,1,,,-1.8203
87.6553,0.140333,1953.62,0.062988,306.809,1,0.002676,0.012884,0.2234
87.6785,0.125849,2121.67,0.086426,157.458,1,0.643385,0.108828,-2.0831
87.7018,0.137647,2812.5,0.112793,161.498,1,0.025334,0.08955,-2.3926
87.725,0.140521,3049.91,0.140137,160.607,1,0.005534,0.020663,-2.1318
87.7482,0.128855,2940.11,0.155762,161.023,1,0.002589,0.086618,-2.1701
87.7714,0.123559,2633.35,0.12207,161.733,1,0.0044,0.041965,1.4786
87.7946,0.112139,2114.93,0.089355,154.704,1,0.04443,0.096901,2.9665
87.8179,0.096734,1646.17,0.064941,156.256,1,0.009987,0.147511,2.3992
87.8411,0.091783,1655.58,0.044434,156.138,1,0.000757,0.052525,2.6944
87.8643,0.086323,1708.04,0.055664,155.662,1,0.003053,0.061304,2.8142
87.8875,0.123623,1705.68,0.064941,155.055,1,0.003908,0.355324,-3.5843
87.9107,0.139151,1985.03,0.070801,155.486,1,0.002776,0.118184,-3.4404
87.934,0.158191,2229.81,0.087891,78.272,1,0.660628,0.12807,2.2571
87.9572,0.16838,2578.79,0.08252,80.254,1,0.025006,0.0624,4.7738
87.9804,0.149928,3007.0,0.075195,168.488,1,0.70944,0.115938,5.519
88.0036,0.139477,3002.38,0.067383,173.64,1,0.030115,0.07222,4.9051
88.0268,0.129454,2881.36,0.064453,172.193,1,0.008364,0.074542,3.3692
88.0501,0.147513,3243.5,0.061035,167.18,1,0.029545,0.130402,4.5919
88.0733,0.154254,3159.55,0.061523,171.507,1,0.025552,0.044679,5.5559
88.0965,0.150653,2970.31,0.074707,172.828,1,0.007674,0.023622,2.2494
88.1197,0.138036,2482.2,0.090332,171.948,1,0.005105,0.087407,0.6126
88.1429,0.116201,3116.94,0.134277,170.366,1,0.009248,0.171766,-8.6683
88.1662,0.141323,3621.5,0.143555,160.124,1,0.061975,0.195101,0.7322
88.1894,0.176766,3557.12,0.155762,178.156,1,0.106607,0.222851,0.2844
88.2126,0.208428,3472.25,0.137695,66.395,0,,,
88.2358,0.235971,2652.46,0.098633,69.086,0,,,
88.259,0.256083,2148.38,0.097168,68.458,0,,,
88.2823,0.256807,2118.56,0.083008,66.604,0,,,
88.3055,0.271734,2301.84,0.074219,64.853,0,,,
88.3287,0.279259,2037.85,0.072754,64.853,0,,,
88.3519,0.260006,1921.01,0.060059,64.853,0,,,
88.3751,0.274447,2259.91,0.062012,64.853,0,,,
88.3984,0.278819,2626.31,0.062012,64.853,0,,,
88.4216,0.269273,2763.33,0.056152,64.853,0,,,
88.4448,0.28192,2967.87,0.064941,64.853,0,,,
88.468,0.29105,2984.02,0.058594,64.853,0,,,
88.4912,0.277235,3057.81,0.061035,68.651,0,,,
88.5145,0.292008,2662.03,0.071777,69.745,0,,,
88.5377,0.306916,2275.38,0.06543,65.227,0,,,
88.5609,0.295934,1993.9,0.066895,66.901,0,,,
88.5841,0.294571,1752.24,0.055176,66.532,0,,,
88.6073,0.286336,1417.42,0.036133,64.853,0,,,
88.6306,0.260774,1160.44,0.033691,64.853,0,,,
88.6538,0.247345,1533.54,0.027832,64.853,0,,,
88.677,0.273912,1511.15,0.038086,64.853,0,,,
88.7002,0.28104,1588.66,0.050293,64.853,0,,,
88.7234,0.284381,1806.55,0.057129,65.829,0,,,
88.7467,0.29948,1984.33,0.061523,66.272,0,,,
88.7699,0.281785,2176.58,0.062012,174.846,1,,,-2.2155
88.7931,0.251531,2108.02,0.059082,64.853,0,,,
88.8163,0.251174,1835.91,0.060547,64.853,0,,,
88.8395,0.233648,1926.77,0.057617,175.982,1,,,-1.4503
88.8628,0.208547,2125.73,0.064941,174.581,1,0.007993,0.113531,1.7826
88.886,0.210065,2057.11,0.068359,174.36,1,0.001263,0.007254,0.4172
88.9092,0.185293,1905.42,0.061523,174.482,1,0.000696,0.125314,-0.035
88.9324,0.165215,1732.62,0.068359,173.941,1,0.003103,0.114566,0.3179
88.9556,0.187304,1829.33,0.07373,173.254,1,0.003958,0.125323,0.9305
88.9789,0.200583,1920.32,0.085449,170.438,1,0.016385,0.068468,2.4959
89.0021,0.210265,1944.5,0.106934,172.462,1,0.011803,0.047132,3.8857
89.0253,0.211693,1884.31,0.113281,173.666,1,0.006955,0.006767,1.9645
89.0485,0.175666,1926.36,0.103516,174.838,1,0.006728,0.186016,-1.6793
89.0717,0.138372,1910.7,0.089844,175.524,1,0.003913,0.237512,-2.5762
89.095,0.109752,1656.59,0.075195,175.447,1,0.000436,0.230693,-5.705
89.1182,0.191659,1868.97,0.067871,139.785,1,0.226256,0.543496,-1.4447
89.1414,0.21077,2075.73,0.084473,354.939,1,0.869792,0.094977,-0.4071
89.1646,0.245066,2340.74,0.086426,369.516,1,0.040243,0.150474,-2.8292
89.1878,0.271611,2358.09,0.086914,369.848,1,0.000898,0.102754,-0.2711
89.2111,0.232444,1804.19,0.089844,166.273,1,0.759438,0.155409,1.5531
89.2343,0.251455,1837.1,0.077637,172.652,1,0.037642,0.078574,1.2604
89.2575,0.263313,1936.47,0.076172,175.178,1,0.014523,0.046072,2.8276
89.2807,0.260447,1751.39,0.080078,175.337,1,0.000909,0.010945,2.4799
89.3039,0.27757,1606.62,0.072266,175.234,1,0.000585,0.063653,1.9331
89.3272,0.28566,1567.65,0.061035,174.59,1,0.003683,0.028726,2.6446
89.3504,0.263922,1459.35,0.063965,173.757,1,0.004786,0.079107,1.3679
89.3736,0.269544,1446.79,0.050293,173.209,1,0.003159,0.021078,0.562
89.3968,0.265673,1468.62,0.041992,172.435,1,0.004477,0.014464,2.9715
89.42,0.229211,1530.51,0.052246,338.697,1,0.650565,0.147356,1.9899
89.4433,0.238905,1722.21,0.044434,331.805,1,0.020557,0.041417,1.7623
89.4665,0.236895,2230.73,0.053223,408.333,0,,,
89.4897,0.206774,3118.14,0.083008,400.819,0,,,
89.5129,0.223922,3375.85,0.078125,396.373,0,,,
89.5361,0.214603,3151.33,0.071777,394.951,0,,,
89.5594,0.180678,2228.9,0.06543,383.612,0,,,
89.5826,0.188694,1427.31,0.041016,351.324,1,,,3.6117
89.6058,0.180985,1906.97,0.049316,330.327,1,0.061605,0.041707,3.5545
89.629,0.1702,2434.77,0.083008,314.594,1,0.048791,0.061419,0.1397
89.6522,0.180187,2892.32,0.109863,308.904,1,0.018254,0.057003,-0.839
89.6755,0.171069,3008.68,0.128418,309.552,1,0.002098,0.051917,-0.843
89.6987,0.150852,2836.71,0.129395,306.861,1,0.008733,0.125601,-2.7129
89.7219,0.130308,2499.61,0.109375,159.524,1,0.631826,0.146138,-2.2234
89.7451,0.105907,2060.15,0.081055,158.085,1,0.009059,0.206601,1.2028
89.7683,0.0849,1684.48,0.068848,149.054,1,0.058809,0.220192,0.0779
89.7916,0.094695,1711.52,0.056152,156.035,1,0.045765,0.109078,-2.727
89.8148,0.130928,1706.3,0.063965,155.538,1,0.00319,0.321183,-5.9134
89.838,0.167818,1803.75,0.07959,198.675,1,0.243565,0.24697,-5.3383
89.8612,0.213144,1926.67,0.07959,73.792,1,0.916682,0.237956,1.8705
89.8844,0.233648,2009.99,0.084961,167.588,1,0.777161,0.091781,6.2027
89.9077,0.227162,2194.4,0.081543,172.251,1,0.027442,0.028149,5.8204
89.9309,0.217968,2191.29,0.078125,174.315,1,0.011911,0.04131,-1.2442
89.9541,0.192716,1806.4,0.07373,175.204,1,0.005087,0.122974,3.2567
89.9773,0.175525,1818.92,0.078613,171.602,1,0.02077,0.093369,5.1384
90.0005,0.172512,2205.81,0.082031,170.419,1,0.006918,0.017315,4.2105
90.0238,0.15032,2164.68,0.072754,172.103,1,0.009829,0.137482,0.9414
90.047,0.129805,1857.19,0.067871,171.972,1,0.000758,0.14647,3.5403
90.0702,0.141302,1620.01,0.058594,169.914,1,0.012038,0.084813,0.2482
90.0934,0.163783,1849.54,0.048828,163.446,1,0.038806,0.147376,-0.454
90.1166,0.196234,1788.18,0.04834,164.26,1,0.004969,0.180277,-4.1219
90.1399,0.260295,1747.67,0.049316,171.467,1,0.042929,0.280642,2.3593
90.1631,0.267338,2140.47,0.056152,170.833,1,0.003699,0.026699,3.91
90.1863,0.265678,2553.18,0.062988,379.167,1,0.757576,0.006227,1.7453
90.2095,0.275033,2807.62,0.060059,382.922,0,,,
90.2327,0.224844,2517.92,0.062988,379.772,1,,,2.9533
90.256,0.214131,2041.55,0.05957,381.065,0,,,
90.2792,0.231098,2229.37,0.053223,177.097,1,,,1.4778
90.3024,0.2129,2510.45,0.064941,170.577,1,0.037504,0.081973,1.3624
90.3256,0.221288,2432.44,0.058594,173.896,1,0.019266,0.038636,-0.2371
90.3488,0.23416,2508.64,0.060059,174.967,1,0.006143,0.056524,3.393
90.3721,0.202634,3138.91,0.09082,174.912,1,0.000317,0.144351,4.0424
90.3953,0.2076,3863.76,0.105469,356.029,1,0.68225,0.024213,-2.3923
90.4185,0.230711,3932.21,0.11084,398.327,0,,,
90.4417,0.224839,2686.46,0.112305,172.634,1,,,1.5168
90.4649,0.24928,1966.14,0.08252,175.641,1,0.017273,0.103102,4.0459
90.4882,0.242243,1864.67,0.053223,173.804,1,0.010515,0.028634,3.1656
90.5114,0.203123,1553.29,0.060547,173.398,1,0.002342,0.175673,1.985
90.5346,0.180386,1685.37,0.057129,174.191,1,0.004565,0.118575,-0.2354
90.5578,0.142397,2800.41,0.057129,171.112,1,0.017831,0.235384,5.2135
90.581,0.118943,3331.42,0.099121,169.998,1,0.006536,0.17949,1.0139
90.6043,0.166009,3203.81,0.098145,340.765,1,0.668675,0.330346,-2.1769
90.6275,0.190048,2218.08,0.099121,382.997,0,,,
90.6507,0.205696,1741.54,0.108398,184.51,1,,,2.931
90.6739,0.233176,2043.76,0.078125,174.422,1,0.056209,0.125231,4.6176
90.6971,0.232715,2500.54,0.080566,173.679,1,0.004269,0.001981,6.6572
90.7204,0.238748,2545.26,0.081055,173.957,1,0.001596,0.025592,7.406
90.7436,0.248161,2573.66,0.074707,174.108,1,0.000869,0.038668,7.3124
90.7668,0.245994,2576.46,0.07959,174.605,1,0.002849,0.008774,7.9296
90.79,0.222076,2386.35,0.079102,174.564,1,0.000236,0.102196,6.0609
90.8132,0.188301,2011.61,0.078125,174.608,1,0.000252,0.164604,0.1986
90.8365,0.14439,2063.91,0.098145,174.744,1,0.000779,0.263976,1.3329
90.8597,0.097592,3346.14,0.120605,174.48,1,0.001508,0.386787,-2.3841
90.8829,0.124487,3728.65,0.123535,77.61,1,0.768533,0.242209,1.7962
90.9061,0.148279,2826.75,0.136719,169.581,1,0.744126,0.174451,2.8904
90.9293,0.169348,2079.96,0.118652,172.559,1,0.017406,0.132667,4.4326
90.9526,0.175653,1982.45,0.10498,173.661,1,0.00637,0.036549,1.924
90.9758,0.150583,2235.72,0.143066,174.57,1,0.005221,0.153691,-4.1339
90.999,0.130341,3257.04,0.209961,174.338,1,0.001333,0.144114,-6.1347
91.0222,0.112111,4354.64,0.222656,169.477,1,0.028277,0.150376,-7.703
91.0454,0.131283,3588.3,0.216309,157.204,1,0.075134,0.157536,-2.3475
91.0687,0.170617,2517.64,0.193848,167.929,1,0.065973,0.260579,-0.5324
91.0919,0.218406,2810.51,0.117676,195.277,1,0.15059,0.245685,-2.6089
91.1151,0.282242,2779.21,0.092773,172.138,1,0.125954,0.255013,0.781
91.1383,0.290963,2068.35,0.084961,176.028,1,0.022344,0.030431,1.9267
91.1615,0.29563,1626.85,0.0625,178.616,1,0.014595,0.015912,0.2231
91.1848,0.303795,1887.51,0.055176,174.698,1,0.022178,0.027242,2.4958
91.208,0.266796,1832.63,0.060547,173.348,1,0.007757,0.129687,2.3471
91.2312,0.266234,1868.41,0.063965,174.521,1,0.00674,0.002109,1.5358
91.2544,0.270496,2036.31,0.061035,174.809,1,0.00165,0.015881,2.1998
91.2776,0.243069,1996.75,0.067383,173.636,1,0.00673,0.106808,1.3451
91.3009,0.241101,1809.27,0.065918,173.514,1,0.000704,0.008132,-0.2088
91.3241,0.247949,1707.86,0.055176,174.078,1,0.003245,0.028006,1.0771
91.3473,0.216683,1756.83,0.068359,173.164,1,0.005265,0.134586,-0.8453
91.3705,0.20823,1909.15,0.066895,154.145,1,0.116213,0.039783,-0.3871
91.3937,0.201465,2838.74,0.081055,152.79,1,0.008831,0.033024,4.9128
91.417,0.16617,3662.96,0.125,408.333,0,,,
91.4402,0.17188,3736.35,0.120117,364.386,1,,,1.3516
91.4634,0.168343,3515.48,0.105957,394.432,0,,,
91.4866,0.144026,2440.13,0.092285,326.614,1,,,3.62
91.5098,0.147744,1722.01,0.061035,334.652,1,0.02431,0.025487,1.0655
91.5331,0.150456,2343.59,0.07959,324.897,1,0.029581,0.018189,1.6323
91.5563,0.145883,2711.13,0.125,309.217,1,0.049454,0.030865,-0.859
91.5795,0.149895,2962.1,0.149414,310.731,1,0.004884,0.027129,-3.6255
91.6027,0.141763,3027.18,0.155762,310.566,1,0.000531,0.055767,-1.2883
91.6259,0.120188,3001.62,0.142578,153.996,1,0.674056,0.164723,-0.4545
91.6492,0.102013,2688.73,0.109375,166.43,1,0.07761,0.163593,0.5943
91.6724,0.096656,2286.69,0.082031,153.795,1,0.078914,0.053927,2.3262
91.6956,0.092636,1687.29,0.08252,156.436,1,0.017023,0.042477,4.9446
91.7188,0.119821,2943.29,0.126465,156.879,1,0.002833,0.255915,-1.4612
91.742,0.151486,3926.81,0.125,155.717,1,0.007436,0.233426,1.3672
91.7653,0.158108,3297.71,0.143066,174.217,1,0.112146,0.042775,3.835
91.7885,0.15942,2622.21,0.181641,180.19,1,0.033702,0.008266,0.616
91.8117,0.139194,3757.69,0.199707,178.93,1,0.007016,0.13547,-1.1464
91.8349,0.099993,4615.01,0.216309,172.865,1,0.034477,0.327781,0.1366
91.8581,0.08102,4710.88,0.258789,173.618,1,0.004346,0.209639,-0.7899
91.8814,0.1022,5056.45,0.268555,169.739,1,0.022596,0.231202,-4.0363
91.9046,0.122324,4830.66,0.19043,164.949,1,0.028624,0.179258,1.9754
91.9278,0.130292,3458.92,0.187012,183.411,1,0.105994,0.063088,4.7773
91.951,0.135102,2728.71,0.147949,177.75,1,0.031351,0.036251,-0.5753
91.9742,0.121331,3193.55,0.111328,172.663,1,0.029035,0.107409,-2.4325
91.9975,0.099402,3102.34,0.147461,170.184,1,0.014461,0.198691,-4.9899
92.0207,0.160457,2931.06,0.151855,408.333,0,,,
92.0439,0.175235,3212.18,0.138184,86.952,1,,,-1.3502
92.0671,0.190889,3092.28,0.120117,373.284,1,1.244285,0.08551,-1.6736
92.0903,0.22013,2557.59,0.089844,373.273,1,2.9e-05,0.142288,0.696
92.1136,0.191665,2434.68,0.067383,67.409,0,,,
92.1368,0.201109,2074.41,0.053223,66.484,0,,,
92.16,0.219107,1915.45,0.035156,64.853,0,,,
92.1832,0.233699,2064.76,0.041504,64.853,0,,,
92.2064,0.242254,3060.92,0.060059,64.853,0,,,
92.2297,0.248332,3363.71,0.061523,64.853,0,,,
92.2529,0.249195,3197.7,0.07666,65.12,0,,,
92.2761,0.223692,3034.16,0.078125,66.342,0,,,
92.2993,0.232596,2798.73,0.060547,64.853,0,,,
92.3225,0.238141,2666.89,0.056641,64.853,0,,,
92.3458,0.252014,2434.24,0.067383,66.431,0,,,
92.369,0.26404,3112.72,0.071777,64.853,0,,,
92.3922,0.261502,3210.87,0.078125,64.853,0,,,
92.4154,0.257975,3345.82,0.095215,64.853,0,,,
92.4386,0.22377,3293.69,0.085938,68.836,0,,,
92.4619,0.222841,2936.79,0.069336,64.853,0,,,
92.4851,0.228529,2592.16,0.061523,64.853,0,,,
92.5083,0.227532,2851.36,0.068359,64.853,0,,,
92.5315,0.229252,3436.62,0.085449,67.338,0,,,
92.5547,0.229086,3517.18,0.085938,64.853,0,,,
92.578,0.227714,3164.27,0.087402,67.16,0,,,
92.6012,0.209293,2958.26,0.081055,67.07,0,,,
92.6244,0.216919,2825.83,0.051758,65.597,0,,,
92.6476,0.211235,2558.51,0.043945,64.853,0,,,
92.6708,0.210801,2388.26,0.040527,65.296,0,,,
92.6941,0.235667,1996.09,0.043457,65.083,0,,,
92.7173,0.248456,2195.61,0.053711,352.562,1,,,-1.7672
92.7405,0.254339,2106.83,0.066895,351.533,1,0.002922,0.023403,1.7944
92.7637,0.24391,1871.4,0.083496,173.304,1,0.679179,0.041866,2.2696
92.7869,0.220846,1693.63,0.074219,174.468,1,0.006694,0.099249,2.4438
92.8102,0.192148,1603.36,0.065918,176.153,1,0.009611,0.138976,0.6754
92.8334,0.172308,1515.52,0.068848,176.805,1,0.003697,0.108878,0.1754
92.8566,0.170699,1649.77,0.0625,173.202,1,0.020589,0.009382,3.7447
92.8798,0.17592,1877.27,0.068848,170.332,1,0.01671,0.03013,5.71
92.903,0.186381,2128.28,0.081543,171.032,1,0.0041,0.057747,6.0436
92.9263,0.191968,2227.29,0.081055,172.725,1,0.009849,0.029534,6.6043
92.9495,0.193625,2177.67,0.086426,173.773,1,0.006054,0.008595,7.1905
92.9727,0.205312,2317.42,0.088379,174.169,1,0.002275,0.058587,2.4497
92.9959,0.217613,2251.72,0.075195,174.339,1,0.000974,0.058174,-3.654
93.0191,0.269476,2028.38,0.063477,174.058,1,0.001611,0.212949,1.5066
93.0424,0.277824,1778.97,0.060059,239.07,1,0.314728,0.030507,-0.7637
93.0656,0.294407,1914.84,0.050781,253.335,1,0.057942,0.057958,1.6455
93.0888,0.314598,2204.33,0.050293,172.518,1,0.379556,0.066307,3.9724
93.112,0.286586,1952.63,0.059082,174.532,1,0.011606,0.093188,3.3864
93.1352,0.305488,1917.46,0.056152,350.89,1,0.671302,0.063851,3.3759
93.1585,0.308244,1857.82,0.057129,174.44,1,0.67177,0.008979,4.8807
93.1817,0.288405,1622.19,0.062988,350.241,1,0.670127,0.0665,1.6293
93.2049,0.298003,1567.49,0.057129,347.519,1,0.007803,0.032735,2.1883
93.2281,0.293653,1641.12,0.052246,330.993,1,0.04871,0.014704,2.2561
93.2513,0.272217,1582.3,0.054688,315.348,1,0.048412,0.075763,-0.3545
93.2746,0.27785,1743.36,0.048828,155.058,1,0.681498,0.020482,-0.6676
93.2978,0.261367,2015.6,0.050293,153.847,1,0.007841,0.06114,5.1281
93.321,0.226784,2296.89,0.072266,151.394,1,0.016069,0.141689,5.8586
93.3442,0.230595,3434.83,0.086426,408.333,0,,,
93.3674,0.217186,3716.79,0.085449,397.779,0,,,
93.3907,0.19152,3069.97,0.076172,408.333,0,,,
93.4139,0.191164,2321.66,0.046387,408.333,0,,,
93.4371,0.18158,2360.48,0.041504,408.333,0,,,
93.4603,0.179444,3447.06,0.058594,408.333,0,,,
93.4835,0.222971,3330.72,0.074219,271.837,1,,,1.3082
93.5068,0.231773,2646.44,0.095703,293.819,1,0.077723,0.038713,1.4951
93.53,0.226317,2141.1,0.105957,338.888,1,0.142462,0.023822,-3.3889
93.5532,0.222057,2353.47,0.118164,349.537,1,0.030937,0.019,-4.4496
93.5764,0.195484,2529.12,0.14502,408.333,0,,,
93.5996,0.199029,2964.12,0.175781,136.189,1,,,-3.6964
93.6229,0.199272,3507.87,0.209961,136.462,1,0.002001,0.001217,-3.0157
93.6461,0.194909,3887.84,0.235352,329.833,1,0.829393,0.022136,-4.5244
93.6693,0.199826,4053.21,0.223633,334.706,1,0.014666,0.024912,-5.8564
93.6925,0.186365,3385.74,0.196289,100.509,1,1.076233,0.069712,-3.2164
93.7157,0.179791,2683.76,0.163086,170.025,1,0.513911,0.035904,-1.5386
93.739,0.17612,2655.43,0.147461,174.224,1,0.024398,0.02063,-2.5787
93.7622,0.164445,3037.34,0.141113,169.31,1,0.028609,0.068565,-0.3451
93.7854,0.173137,3124.41,0.134766,166.689,1,0.015603,0.0515,0.5645
93.8086,0.177804,2991.03,0.119141,158.479,1,0.050494,0.026593,0.8527
93.8318,0.179219,2994.74,0.091309,163.054,1,0.028457,0.007926,0.6775
93.8551,0.175639,2700.22,0.083496,84.182,1,0.63803,0.020178,1.1157
93.8783,0.15964,2237.35,0.088379,169.831,1,0.674364,0.095433,-2.7368
93.9015,0.144335,1921.18,0.098633,173.208,1,0.01969,0.100703,-3.6484
93.9247,0.127185,2411.73,0.13623,171.264,1,0.011289,0.126326,-4.2596
93.9479,0.165167,3395.64,0.157227,169.19,1,0.012179,0.25984,-4.0441
93.9712,0.195877,3309.8,0.148438,171.62,1,0.014257,0.170115,-1.5729
93.9944,0.247107,2565.6,0.137695,182.339,1,0.060565,0.231295,-1.9008
94.0176,0.292582,1992.8,0.092285,378.13,1,0.69867,0.168526,0.5473
94.0408,0.276691,2025.97,0.064453,336.466,1,0.116608,0.055829,0.5496
94.064,0.268611,2212.52,0.062988,238.929,1,0.339025,0.029637,-0.1316
94.0873,0.24936,2312.29,0.056641,408.333,0,,,
94.1105,0.208018,2603.72,0.089355,278.198,1,,,2.9792
94.1337,0.241955,3438.36,0.103027,357.145,1,0.24852,0.150838,-1.7267
94.1569,0.26765,2799.54,0.110352,360.131,1,0.008326,0.100843,-0.1294
94.1801,0.261207,2068.97,0.120605,408.333,0,,,
94.2034,0.26405,2034.31,0.087891,408.333,0,,,
94.2266,0.242232,1972.64,0.075195,261.85,1,,,3.0698
94.2498,0.198479,1914.83,0.066406,385.631,0,,,
94.273,0.18927,2313.79,0.074707,344.47,1,,,1.0568
94.2962,0.228139,3268.2,0.083496,330.636,1,0.040986,0.18624,-0.3431
94.3195,0.218157,2845.58,0.102051,353.788,1,0.067655,0.044734,-2.6235
94.3427,0.226956,2269.49,0.101562,369.371,1,0.043096,0.039537,-1.8904
94.3659,0.224016,2258.03,0.077148,211.725,1,0.542579,0.013039,2.4985
94.3891,0.166626,2164.58,0.068848,408.333,0,,,
94.4123,0.152836,2023.83,0.047852,382.464,0,,,
94.4356,0.163725,2159.02,0.067871,342.713,1,,,-1.3084
94.4588,0.196645,3148.28,0.100586,338.277,1,0.013026,0.182703,-3.9965
94.482,0.214738,2831.64,0.124023,234.136,1,0.363868,0.087962,-4.9787
94.5052,0.218816,2570.12,0.144043,394.809,0,,,
94.5284,0.19372,2760.45,0.145508,397.043,0,,,
94.5517,0.140711,2979.59,0.125488,179.11,1,,,-4.1569
94.5749,0.10881,2601.91,0.100098,203.29,1,0.126462,0.255692,-0.4255
94.5981,0.107446,1566.24,0.091309,173.532,1,0.157941,0.012615,-0.1611
94.6213,0.139191,2096.66,0.090332,177.295,1,0.021455,0.257421,-5.3795
94.6445,0.158296,2410.38,0.102051,174.831,1,0.013998,0.128439,-2.7983
94.6678,0.159534,2673.32,0.164551,83.495,1,0.707138,0.007794,2.0044
94.691,0.144331,3270.17,0.242676,83.634,1,0.001664,0.100069,-3.0635
94.7142,0.11249,4384.72,0.34082,168.983,1,0.675718,0.247961,-2.8229
94.7374,0.08029,5541.4,0.445312,163.093,1,0.035472,0.334058,-5.5093
94.7606,0.116233,5781.28,0.44043,170.204,1,0.042673,0.365792,-1.453
94.7839,0.140364,4413.51,0.369629,168.685,1,0.008964,0.188084,-3.5945
94.8071,0.162031,2902.08,0.271973,205.887,1,0.198634,0.143299,0.7874
94.8303,0.167863,2546.5,0.173828,193.879,1,0.060075,0.035359,-1.3401
94.8535,0.139249,2629.73,0.127441,173.497,1,0.110962,0.186344,-4.2042
94.8767,0.112981,2356.0,0.126953,172.647,1,0.004908,0.208288,-4.5728
94.9,0.073968,1784.92,0.127441,152.754,1,0.12227,0.417366,-5.1848
94.9232,0.114008,2020.2,0.111328,145.745,1,0.046958,0.426014,-0.1426
94.9464,0.156717,2111.94,0.102539,342.489,1,0.80594,0.315516,-0.0043
94.9696,0.229337,1966.84,0.085449,408.333,0,,,
94.9928,0.289378,1787.07,0.064453,188.475,1,,,1.3027
95.0161,0.296482,1888.1,0.056152,186.267,1,0.011784,0.024251,1.6077
95.0393,0.303868,1891.0,0.064941,176.826,1,0.052005,0.024604,2.4406
95.0625,0.29948,1905.36,0.070312,175.828,1,0.005657,0.014547,2.726
95.0857,0.273749,1889.67,0.078613,174.005,1,0.010424,0.089775,2.507
95.1089,0.279377,1965.53,0.085938,173.616,1,0.002241,0.020351,3.7236
95.1322,0.285,1915.08,0.074707,173.21,1,0.00234,0.019925,3.0893
95.1554,0.259702,1763.41,0.074707,172.998,1,0.001224,0.092886,1.6302
95.1786,0.256958,1648.67,0.066406,173.172,1,0.001006,0.010621,-0.9736
95.2018,0.251681,1698.96,0.053223,341.296,1,0.653585,0.020749,1.0075
95.225,0.219032,1789.91,0.058105,326.664,1,0.043812,0.138722,3.0289
95.2483,0.207148,2191.62,0.072266,153.526,1,0.721124,0.055768,2.5429
95.2715,0.19846,3552.54,0.076172,371.019,1,0.829264,0.04284,6.6557
95.2947,0.166251,3711.87,0.098633,364.996,1,0.016366,0.176631,4.9135
95.3179,0.166946,3263.05,0.089355,408.333,0,,,
95.3411,0.163759,2563.09,0.062012,408.333,0,,,
95.3644,0.129765,2069.21,0.075195,408.333,0,,,
95.3876,0.135838,2837.66,0.07959,408.333,0,,,
95.4108,0.139848,3279.19,0.113281,379.572,1,,,1.1934
95.434,0.130198,3296.39,0.159668,380.999,0,,,
95.4572,0.137814,3307.72,0.166504,389.172,0,,,
95.4805,0.129314,3167.13,0.15625,400.695,0,,,
95.5037,0.105166,2863.22,0.141113,386.919,0,,,
95.5269,0.091044,2493.18,0.101562,378.978,1,,,-0.2409
95.5501,0.069872,2071.16,0.074707,314.374,1,,,3.6432
95.5733,0.048518,1849.68,0.097168,335.177,0,,,
95.5966,0.103155,2702.22,0.117676,379.37,1,,,-7.09
95.6198,0.157522,2755.2,0.132324,346.312,1,0.091108,0.41712,0.0255
95.643,0.184598,2259.03,0.147461,134.417,1,0.881559,0.158284,-0.1525
95.6662,0.196518,2197.22,0.121582,163.24,1,0.193665,0.062553,2.3833
95.6894,0.181395,2065.1,0.098145,164.998,1,0.010714,0.080033,1.7956
95.7127,0.14773,1904.83,0.09375,169.895,1,0.029244,0.204572,5.7757
95.7359,0.142815,1802.18,0.088867,172.087,1,0.01282,0.033832,0.8698
95.7591,0.152837,1757.79,0.102051,174.459,1,0.013694,0.067793,2.7882
95.7823,0.163088,2113.33,0.116211,171.906,1,0.014743,0.064895,5.3448
95.8055,0.167214,2668.64,0.116699,172.368,1,0.002684,0.024988,-0.412
95.8288,0.144825,2773.78,0.179199,174.094,1,0.009964,0.143502,-0.2572
95.852,0.120968,3668.48,0.262207,173.392,1,0.004044,0.179514,-1.6989
95.8752,0.098197,5122.78,0.288086,157.149,1,0.098278,0.207802,-6.0419
95.8984,0.129756,4418.35,0.282715,87.39,1,0.570535,0.276893,-1.2396
95.9216,0.151259,2627.54,0.208008,174.076,1,0.663074,0.153037,1.3585
95.9449,0.198476,2167.08,0.102051,66.248,0,,,
95.9681,0.242091,1992.24,0.048828,66.945,0,,,
95.9913,0.238662,1927.24,0.039551,183.314,1,,,-1.0048
96.0145,0.252945,1696.2,0.029297,64.853,0,,,
96.0377,0.2536,1261.22,0.019531,64.853,0,,,
96.061,0.23049,870.23,0.015137,64.853,0,,,
96.0842,0.249422,1841.77,0.028809,64.853,0,,,
96.1074,0.269094,2675.6,0.034668,64.853,0,,,
96.1306,0.265595,2374.66,0.046387,64.853,0,,,
96.1538,0.279518,2088.77,0.052246,64.853,0,,,
96.1771,0.282896,1980.14,0.032227,64.853,0,,,
96.2003,0.256659,1895.51,0.029785,64.853,0,,,
96.2235,0.256301,2126.68,0.04834,64.853,0,,,
96.2467,0.282674,3457.92,0.045898,64.853,0,,,
96.2699,0.281668,2842.25,0.057129,64.853,0,,,
96.2932,0.300466,1949.12,0.063965,66.715,0,,,
96.3164,0.314567,1621.6,0.040039,65.065,0,,,
96.3396,0.280083,1281.61,0.040527,64.853,0,,,
96.3628,0.259019,1080.77,0.044434,65.127,0,,,
96.386,0.247683,1549.63,0.035156,64.853,0,,,
96.4093,0.217389,2047.51,0.062012,64.853,0,,,
96.4325,0.23838,2629.32,0.067871,64.853,0,,,
96.4557,0.272102,2140.23,0.068359,64.853,0,,,
96.4789,0.284914,1933.57,0.083008,313.36,1,,,-0.0554
96.5021,0.288554,2259.59,0.064941,86.734,1,1.132866,0.012693,1.8736
96.5254,0.267565,2116.96,0.057617,173.974,1,0.66926,0.075481,-0.9212
96.5486,0.228289,1732.9,0.056152,174.228,1,0.001457,0.158419,0.6717
96.5718,0.210082,1785.16,0.061035,174.163,1,0.000373,0.083068,0.2038
96.595,0.2076,1843.08,0.061523,375.373,1,0.732289,0.011885,1.2084
96.6182,0.211455,1812.86,0.072754,168.577,1,0.760351,0.0184,3.9486
96.6415,0.212461,2045.27,0.084473,172.272,1,0.021683,0.004748,5.4734
96.6647,0.191119,2054.72,0.075195,174.294,1,0.011668,0.105767,4.7633
96.6879,0.170089,1887.92,0.077637,174.77,1,0.002728,0.116439,2.0944
96.7111,0.158122,1887.47,0.082031,174.95,1,0.001027,0.072922,-0.1415
96.7343,0.158415,2038.18,0.073242,174.097,1,0.004884,0.001852,3.1091
96.7576,0.16279,2040.85,0.077637,169.35,1,0.027645,0.027238,5.147
96.7808,0.159276,2047.87,0.071289,170.985,1,0.009611,0.021819,5.468
96.804,0.143542,1683.31,0.053711,173.028,1,0.011874,0.103919,-0.9202
96.8272,0.118982,1240.85,0.041016,174.382,1,0.007794,0.18711,2.8288
96.8504,0.140806,1373.21,0.038086,172.329,1,0.011841,0.168018,-2.7637
96.8737,0.179396,1746.01,0.033203,154.252,1,0.110705,0.241035,0.7026
96.8969,0.194156,1669.18,0.044434,67.423,0,,,
96.9201,0.246243,1652.54,0.052734,68.283,0,,,
96.9433,0.248668,1832.68,0.056641,153.766,1,,,2.0717
96.9665,0.238178,1980.88,0.076172,178.362,1,0.148113,0.043096,1.5346
96.9898,0.260566,2157.65,0.07373,176.221,1,0.012078,0.089776,1.8823
97.013,0.251071,2082.23,0.079102,174.763,1,0.008307,0.037114,3.1719
97.0362,0.253764,2030.33,0.082031,174.863,1,0.00057,0.010669,3.2591
97.0594,0.275991,2114.23,0.069336,174.344,1,0.002973,0.083912,2.81
97.0826,0.279748,2028.14,0.067871,173.911,1,0.002484,0.013522,3.4838
97.1059,0.263103,1905.79,0.068359,173.45,1,0.002655,0.061324,0.8301
97.1291,0.269558,1745.64,0.057129,172.688,1,0.004403,0.024237,-0.0777
97.1523,0.261905,1695.71,0.058105,341.243,1,0.655942,0.028799,1.3489
97.1755,0.233637,1741.26,0.057617,215.573,1,0.451387,0.11409,-1.052
97.1987,0.246522,1822.45,0.04541,154.873,1,0.327714,0.053669,2.4603
97.222,0.233775,1812.26,0.037598,154.029,1,0.005467,0.053078,6.0383
97.2452,0.202708,1864.87,0.03125,408.333,0,,,
97.2684,0.213542,1905.99,0.020996,408.333,0,,,
97.2916,0.189339,1801.23,0.02002,408.333,0,,,
97.3148,0.158388,2145.51,0.050781,408.333,0,,,
97.338,0.166678,3006.81,0.068848,369.95,1,,,3.4838
97.3613,0.146482,3359.33,0.10791,379.211,1,,,4.4866
97.3845,0.127758,3582.88,0.152344,399.346,0,,,
97.4077,0.13126,3655.41,0.148926,399.832,0,,,
97.4309,0.107298,3437.2,0.143066,408.333,0,,,
97.4541,0.085842,3283.59,0.123047,408.333,0,,,
97.4774,0.080406,3068.57,0.085449,408.333,0,,,
97.5006,0.067859,3754.96,0.14502,408.333,0,,,
97.5238,0.07677,4980.27,0.229004,408.333,0,,,
97.547,0.094368,5322.57,0.307129,216.081,1,,,-5.84
97.5702,0.120043,5144.51,0.344727,408.333,0,,,
97.5935,0.140435,4110.63,0.271484,132.707,1,,,4.1403
97.6167,0.13898,3117.87,0.197266,181.089,1,0.308364,0.010415,5.4146
97.6399,0.128695,2809.86,0.116211,180.06,1,0.005698,0.076843,0.2989
97.6631,0.10326,2737.24,0.10791,176.191,1,0.021723,0.219315,-1.4385
97.6863,0.073576,3549.66,0.178223,172.691,1,0.020064,0.335723,-4.8796
97.7096,0.110935,4010.23,0.165527,172.984,1,0.001698,0.404954,2.7675
97.7328,0.130314,3599.7,0.179688,189.396,1,0.090574,0.160656,3.2803
97.756,0.150292,3131.53,0.171387,187.919,1,0.007827,0.142392,6.1626
97.7792,0.172799,3241.76,0.114258,185.788,1,0.011405,0.139322,5.3978
97.8024,0.173832,2812.04,0.130859,172.612,1,0.073528,0.005958,-1.702
97.8257,0.216471,2294.33,0.115234,172.012,1,0.003478,0.218494,1.5103
97.8489,0.241511,2113.13,0.095703,169.988,1,0.011839,0.109349,0.7184
97.8721,0.277217,1934.68,0.07959,156.271,1,0.084086,0.137666,-2.6509
97.8953,0.309018,1781.51,0.055176,156.5,1,0.001466,0.108492,2.3606
97.9185,0.290701,1886.7,0.052246,174.06,1,0.106245,0.061084,1.6996
97.9418,0.27602,1796.13,0.040039,174.759,1,0.004005,0.05181,-1.4083
97.965,0.247053,1305.84,0.02832,175.662,1,0.005153,0.110759,4.7203
97.9882,0.194747,741.14,0.024414,233.436,1,0.282448,0.236786,3.3476
98.0114,0.208054,1397.7,0.028809,206.412,1,0.122879,0.066075,-1.9343
98.0346,0.22064,1768.42,0.044434,322.997,1,0.440434,0.058717,2.6064
98.0579,0.213635,2102.5,0.066406,178.438,1,0.576582,0.03226,1.5488
98.0811,0.229786,2683.61,0.068848,176.319,1,0.011944,0.072847,-0.0147
98.1043,0.216399,2313.31,0.057129,174.599,1,0.009801,0.060008,2.5712
98.1275,0.193468,1827.29,0.052734,173.957,1,0.003683,0.111896,0.1688
98.1507,0.207721,1931.65,0.039551,174.832,1,0.005012,0.071056,-0.0016
98.174,0.210872,2143.76,0.054199,174.01,1,0.004709,0.015057,3.5688
98.1972,0.207349,2208.22,0.063477,173.388,1,0.003582,0.01685,2.9266
98.2204,0.218806,2182.34,0.060059,174.06,1,0.00387,0.05377,2.5409
98.2436,0.211918,1814.84,0.05957,174.492,1,0.002479,0.031983,4.3566
98.2668,0.201899,1832.5,0.045898,174.695,1,0.001161,0.04842,4.5582
98.2901,0.207842,2094.18,0.04248,174.413,1,0.001614,0.029006,5.1816
98.3133,0.211224,2184.14,0.049316,174.351,1,0.000354,0.01614,3.4417
98.3365,0.205924,2191.03,0.067383,174.794,1,0.002537,0.025408,3.5408
98.3597,0.202382,2244.43,0.081543,174.928,1,0.000762,0.017353,4.1737
98.3829,0.194252,2669.96,0.09082,173.896,1,0.005915,0.040996,5.5941
98.4062,0.175768,2930.93,0.09082,173.985,1,0.000515,0.099909,5.7148
98.4294,0.157027,2592.89,0.073242,174.619,1,0.003636,0.112628,3.7668
98.4526,0.138857,1960.07,0.056641,174.802,1,0.001045,0.122813,5.6182
98.4758,0.122602,1821.71,0.04834,174.081,1,0.004131,0.124342,3.4808
98.499,0.120596,2048.03,0.058105,172.674,1,0.008116,0.016497,3.3422
98.5223,0.11565,2346.24,0.103027,171.737,1,0.005444,0.041871,1.893
98.5455,0.111849,3134.01,0.191895,172.796,1,0.00615,0.03342,-2.1918
98.5687,0.100345,4523.97,0.296387,173.825,1,0.005939,0.108423,-2.4969
98.5919,0.089308,5548.77,0.383789,165.506,1,0.049032,0.116392,-6.6813
98.6151,0.086053,5576.17,0.439453,169.617,1,0.024534,0.037126,-6.1531
98.6384,0.09495,5291.65,0.385742,186.631,1,0.095518,0.098311,-0.0522
98.6616,0.114157,4384.61,0.285156,408.333,0,,,
98.6848,0.122995,3094.82,0.18457,180.734,1,,,4.4194
98.708,0.120428,2570.3,0.097656,177.201,1,0.019739,0.021093,0.4927
98.7312,0.11344,2166.07,0.061523,172.411,1,0.027404,0.059763,1.2056
98.7545,0.099011,1791.42,0.049805,165.511,1,0.040838,0.135834,3.7852
98.7777,0.101232,1298.22,0.051758,146.548,1,0.121534,0.022185,0.9708
98.8009,0.173248,1850.33,0.038086,142.753,1,0.026231,0.524745,-3.6816
98.8241,0.21954,1878.47,0.049805,145.335,1,0.017921,0.235708,-2.1766
98.8473,0.265471,2064.9,0.05957,182.659,1,0.227593,0.189405,-0.146
98.8706,0.31139,2337.23,0.057129,184.437,1,0.009687,0.159202,2.3438
98.8938,0.303649,2400.13,0.066406,172.993,1,0.064038,0.025172,3.1009
98.917,0.311147,2268.83,0.0625,174.75,1,0.010108,0.024392,1.7388
98.9402,0.316251,2152.37,0.062012,175.409,1,0.003763,0.016269,4.0677
98.9634,0.301974,2017.08,0.064453,174.981,1,0.002442,0.046187,3.9639
98.9867,0.31458,1951.37,0.059082,174.376,1,0.003468,0.040893,3.1663
99.0099,0.306151,1881.5,0.060547,174.077,1,0.001716,0.027159,3.5445
99.0331,0.276934,1732.61,0.064453,173.35,1,0.004182,0.100215,-0.1744
99.0563,0.262693,1817.14,0.057129,340.433,1,0.650402,0.052782,-1.5613
99.0795,0.239155,1984.36,0.054199,213.91,1,0.456481,0.093802,1.4572
99.1028,0.211293,2118.22,0.069336,323.259,1,0.407132,0.123711,-1.8075
99.126,0.216383,2369.31,0.060059,298.874,1,0.078394,0.023806,2.5383
99.1492,0.200026,3313.48,0.093262,343.234,1,0.13817,0.078567,6.7759
99.1724,0.180881,4232.34,0.150391,408.333,0,,,
99.1956,0.183024,4707.16,0.126465,408.333,0,,,
99.2189,0.155263,4625.05,0.119629,398.903,0,,,
99.2421,0.132718,3586.95,0.084961,408.333,0,,,
99.2653,0.130044,2368.64,0.016113,408.333,0,,,
99.2885,0.134643,2152.95,0.025391,64.853,0,,,
99.3117,0.154752,2087.82,0.037598,76.097,1,,,0.9834
99.335,0.188746,1763.68,0.050293,178.936,1,0.806472,0.197926,3.6955
99.3582,0.207677,1936.3,0.072266,176.255,1,0.015095,0.095507,3.9793
99.3814,0.218518,2268.8,0.075195,173.948,1,0.013177,0.050874,7.8284
99.4046,0.21718,2491.71,0.081543,174.197,1,0.001431,0.006138,6.1332
99.4278,0.204036,2460.92,0.087402,174.576,1,0.002174,0.062411,4.1374
99.4511,0.180838,2307.73,0.132324,175.006,1,0.00246,0.12055,-1.4025
99.4743,0.146361,3086.34,0.210938,175.662,1,0.003741,0.210741,-4.9227
99.4975,0.123379,4452.6,0.291016,173.858,1,0.010318,0.170398,-5.921
99.5207,0.106119,4780.5,0.353516,172.719,1,0.006577,0.150414,-5.99
99.5439,0.126618,4499.79,0.31543,175.406,1,0.015437,0.176155,-0.139
99.5672,0.14861,3629.58,0.241211,183.863,1,0.047078,0.159805,3.7204
99.5904,0.169307,2774.72,0.166992,175.833,1,0.044647,0.130208,2.8269
99.6136,0.191939,2439.82,0.103027,172.823,1,0.017269,0.125298,-1.4907
99.6368,0.1978,2178.08,0.094727,169.522,1,0.019279,0.030077,2.123
99.66,0.201023,2089.24,0.085449,157.428,1,0.073982,0.016159,-0.01
99.6833,0.195441,1889.87,0.068359,157.426,1,1.4e-05,0.028156,3.2358
99.7065,0.174133,1762.51,0.057617,171.148,1,0.083524,0.115311,5.2302
99.7297,0.146916,1740.42,0.048828,174.177,1,0.017544,0.169549,2.7674
99.7529,0.403654,1258.21,0.039062,172.178,1,0.011544,0.932624,-4.982
99.7761,0.460044,811.26,0.034668,344.982,1,0.66828,0.130579,-7.3578
99.7994,0.479042,1109.03,0.033691,64.853,0,,,
99.8226,0.488722,1571.59,0.039551,64.853,0,,,
99.8458,0.314751,1951.6,0.052246,67.391,0,,,
99.869,0.235104,2068.95,0.067383,357.264,1,,,0.4904
99.8922,0.203572,2046.59,0.070801,175.92,1,,,0.0257
99.9155,0.20021,2074.81,0.062012,68.221,0,,,
99.9387,0.201189,1665.18,0.050781,64.853,0,,,
99.9619,0.204558,1561.9,0.046387,64.853,0,,,
99.9851,0.204789,2452.66,0.057617,66.29,0,,,
100.0083,0.228532,3098.9,0.071289,64.853,0,,,
100.0316,0.263099,2989.2,0.088379,64.853,0,,,
100.0548,0.269453,2597.99,0.088379,70.167,1,,,1.4525
100.078,0.283992,2330.42,0.083496,70.517,1,0.004984,0.052542,-0.2841
100.1012,0.289717,2237.36,0.074219,376.808,1,1.369432,0.019958,-1.6501
100.1244,0.281795,2192.45,0.069824,65.976,0,,,
100.1477,0.281676,2100.84,0.071289,66.063,0,,,
100.1709,0.292326,1970.0,0.063965,65.932,0,,,
100.1941,0.298079,1944.35,0.061523,65.615,0,,,
100.2173,0.299245,1951.79,0.056641,269.535,1,,,-1.5134
100.2405,0.46399,1453.67,0.044434,65.702,0,,,
100.2638,0.523884,990.31,0.032715,175.119,1,,,-6.2658
100.287,0.512516,1034.39,0.036621,110.441,1,,,0.878
100.3102,0.501085,1534.71,0.043945,64.853,0,,,
100.3334,0.354651,2178.1,0.055664,64.853,0,,,
100.3566,0.23829,2102.86,0.066406,86.956,1,,,-0.5075
100.3799,0.222989,1922.12,0.061523,86.879,1,,,1.0824
100.4031,0.204302,2005.56,0.04834,64.853,0,,,
100.4263,0.17644,2259.63,0.042969,64.853,0,,,
100.4495,0.152712,2431.0,0.046387,64.853,0,,,
100.4727,0.136789,2575.13,0.071289,66.728,0,,,
100.496,0.167323,3204.2,0.086426,66.431,0,,,
100.5192,0.181002,2492.51,0.09375,398.045,0,,,
100.5424,0.189085,2111.76,0.110352,176.922,1,,,1.0589
100.5656,0.192501,2358.42,0.11084,175.241,1,0.009543,0.017904,0.3097
100.5888,0.159424,2620.73,0.121582,174.383,1,0.004913,0.187978,-4.1857
100.6121,0.127236,2938.81,0.150879,174.412,1,0.000168,0.224573,-3.8586
100.6353,0.100239,3182.58,0.17334,171.533,1,0.016642,0.237357,-3.023
100.6585,0.085369,3573.21,0.201172,77.767,1,0.75223,0.160236,-1.1172
100.6817,0.074565,3781.89,0.242188,243.174,1,1.030759,0.135099,-2.5656
100.7049,0.195404,3917.81,0.247559,239.5,1,0.015224,0.895202,-7.5634
100.7282,0.39441,2439.96,0.199219,238.791,1,0.002964,0.67481,-10.7817
100.7514,0.450725,1745.92,0.146484,139.976,1,0.521774,0.133269,-2.9534
100.7746,0.479524,1732.36,0.087891,64.853,0,,,
100.7978,0.457462,2128.71,0.068359,64.853,0,,,
100.821,0.334717,2307.9,0.07959,66.487,0,,,
100.8443,0.286809,2300.98,0.085449,174.007,1,,,1.8349
100.8675,0.257338,2162.7,0.09668,174.583,1,0.003305,0.108319,0.9867
100.8907,0.274088,2236.49,0.075684,175.341,1,0.004334,0.063036,1.1306
100.9139,0.263927,2122.43,0.070801,175.382,1,0.000231,0.037774,2.3339
100.9371,0.24593,2071.66,0.074219,174.56,1,0.004695,0.070594,1.1791
100.9604,0.261671,2213.49,0.056152,173.92,1,0.003673,0.062019,2.3245
100.9836,0.241666,2177.04,0.056641,173.56,1,0.002073,0.079489,3.1431
101.0068,0.222034,1943.19,0.06543,173.041,1,0.002992,0.084672,-0.4419
101.03,0.230114,2033.97,0.053223,341.6,1,0.655051,0.035739,1.8722
101.0532,0.215198,2065.09,0.061523,156.282,1,0.744423,0.066993,2.6821
101.0765,0.204901,1847.32,0.068848,154.35,1,0.012439,0.049022,2.0445
101.0997,0.221245,1956.9,0.061035,154.117,1,0.001516,0.076709,3.911
101.1229,0.216059,1977.15,0.073242,154.871,1,0.004887,0.023721,4.1443
101.1461,0.204472,1935.3,0.071289,155.319,1,0.002886,0.055107,2.1994
101.1693,0.206256,1953.31,0.067871,154.758,1,0.003621,0.008691,-1.745
101.1926,0.183376,1857.04,0.074707,152.917,1,0.011968,0.117444,1.9052
101.2158,0.171561,1979.87,0.07666,140.779,1,0.082656,0.066577,2.8652
101.239,0.170304,2144.61,0.078125,137.497,1,0.023589,0.007354,3.3072
101.2622,0.158983,2059.43,0.083008,137.676,1,0.001302,0.068762,3.4148
101.2854,0.157365,2053.33,0.089844,138.587,1,0.006598,0.010232,4.5577
101.3087,0.154362,2257.83,0.099121,139.529,1,0.006776,0.019264,0.4916
101.3319,0.144512,2063.88,0.106934,139.889,1,0.002572,0.065911,-0.45
101.3551,0.14831,1958.51,0.113281,142.877,1,0.021138,0.025941,3.6796
101.3783,0.152693,2048.1,0.108887,145.605,1,0.018912,0.029119,6.4716
101.4015,0.151166,2182.57,0.098633,155.829,1,0.067836,0.010048,5.995
101.4248,0.157279,2182.49,0.097656,156.184,1,0.002272,0.039633,6.9913
101.448,0.152768,2218.08,0.086426,155.739,1,0.002852,0.029098,6.6153
101.4712,0.148423,2341.43,0.081055,155.565,1,0.001116,0.028848,6.7408
101.4944,0.145826,2357.9,0.083496,155.69,1,0.000799,0.017654,7.852
101.5176,0.134068,2470.19,0.07959,155.148,1,0.003485,0.084019,6.9823
101.5409,0.129086,2469.46,0.080566,155.215,1,0.000432,0.037861,6.661
101.5641,0.12809,2401.38,0.083984,155.298,1,0.000533,0.007745,0.5481
101.5873,0.130157,2150.81,0.083984,154.533,1,0.004939,0.016005,2.1187
101.6105,0.138519,2115.46,0.086426,150.533,1,0.02622,0.062246,4.1555
101.6337,0.13378,2093.61,0.097168,137.974,1,0.087062,0.034809,0.6774
101.657,0.129273,2123.63,0.102539,136.012,1,0.014327,0.034261,-0.2722
101.6802,0.131451,2321.2,0.112793,133.575,1,0.018077,0.0167,-4.7521
101.7034,0.148519,2535.79,0.117188,122.306,1,0.088083,0.121928,-4.7694
101.7266,0.163992,2527.57,0.125977,134.814,1,0.097297,0.099026,-2.5448
101.7498,0.172244,2597.66,0.140137,105.908,1,0.240159,0.049085,-1.0154
101.7731,0.175042,2890.18,0.138672,157.524,1,0.391872,0.016112,-4.187
101.7963,0.150623,2868.7,0.150879,159.195,1,0.01055,0.149962,0.638
101.8195,0.127381,3008.24,0.130371,177.271,1,0.10745,0.167207,-4.4194
101.8427,0.102826,2799.38,0.10791,178.265,1,0.005587,0.213333,-1.5821
101.8659,0.062196,2188.89,0.096191,91.842,1,0.639917,0.492412,-0.3286
101.8892,0.047139,2128.29,0.106445,92.42,0,,,
101.9124,0.058111,4002.62,0.169434,88.631,1,,,-7.8684
101.9356,0.100429,3959.22,0.181152,88.957,1,0.003669,0.533844,-4.8224
101.9588,0.133631,2918.05,0.197266,350.751,1,1.190766,0.283707,1.1886
101.982,0.151702,2704.06,0.195312,174.1,1,0.673147,0.126665,4.554
102.0053,0.161487,3057.72,0.166016,87.402,1,0.663076,0.062487,5.3404
102.0285,0.152059,3269.48,0.178711,174.041,1,0.662774,0.060135,4.9261
102.0517,0.128075,3420.05,0.174805,173.208,1,0.004796,0.171228,4.2006
102.0749,0.103232,3393.45,0.152832,173.826,1,0.003562,0.214811,-1.2194
102.0981,0.074826,3105.59,0.132812,174.566,1,0.004246,0.319058,-3.0562
102.1214,0.039198,2359.0,0.12793,172.677,0,,,
102.1446,0.034015,3301.99,0.17334,86.828,0,,,
102.1678,0.084827,4486.67,0.184082,172.527,1,,,-2.7198
102.191,0.113025,3428.14,0.189941,408.333,0,,,
102.2142,0.13618,2834.9,0.199219,188.12,1,,,3.3696
102.2375,0.149345,3158.65,0.170898,175.69,1,0.068335,0.092216,2.9455
102.2607,0.139591,3333.72,0.176758,173.911,1,0.010177,0.067517,2.9497
102.2839,0.125333,3424.34,0.192871,172.498,1,0.008157,0.10764,3.2703
102.3071,0.100576,3502.37,0.166992,173.009,1,0.00296,0.219178,0.1003
102.3303,0.074549,3361.6,0.147461,174.112,1,0.006353,0.297228,-2.6872
102.3536,0.046588,2786.87,0.144531,174.902,0,,,
102.3768,0.0407,3166.88,0.158691,173.357,0,,,
102.4,0.093427,4081.22,0.177246,172.714,1,,,-1.8177
102.4232,0.126224,3306.89,0.177246,370.463,1,0.72812,0.298629,-1.9754
102.4464,0.150893,2796.82,0.179199,203.878,1,0.580092,0.178045,3.2324
102.4697,0.15956,3043.59,0.151367,182.343,1,0.111517,0.055835,3.6889
102.4929,0.145006,3193.15,0.141602,179.554,1,0.015412,0.095572,5.6959
102.5161,0.124782,3390.18,0.148926,174.078,1,0.03097,0.149924,5.1719
102.5393,0.094318,3372.92,0.135254,172.589,1,0.008587,0.27809,2.7309
102.5625,0.069993,3260.7,0.126953,174.006,1,0.008174,0.296085,1.2318
102.5858,0.045475,2837.42,0.137207,174.456,0,,,
102.609,0.019811,2503.54,0.134277,176.153,0,,,
102.6322,0.12984,3371.99,0.142578,173.345,1,,,0.4533
102.6554,0.214643,3203.14,0.136719,221.392,1,0.24344,0.492351,-0.3158
102.6786,0.257971,2832.24,0.120117,312.122,1,0.340121,0.183356,-1.4441
102.7019,0.292131,2463.39,0.117188,315.69,1,0.011365,0.124193,-1.2413
102.7251,0.319557,2457.89,0.098633,317.894,1,0.00696,0.089673,-0.5359
102.7483,0.295275,2420.73,0.095703,183.355,1,0.536814,0.078986,0.6901
102.7715,0.274436,2352.13,0.09375,182.416,1,0.005137,0.073159,-1.6096
102.7947,0.271527,2569.24,0.071777,179.168,1,0.017968,0.010655,3.1654
102.818,0.217842,2453.85,0.070801,172.38,1,0.038613,0.219404,2.2271
102.8412,0.200836,2224.16,0.052734,230.239,1,0.287413,0.081237,-1.1221
102.8644,0.210652,1993.17,0.034668,206.883,1,0.106865,0.047707,5.8455
102.8876,0.173244,1552.55,0.028809,181.184,1,0.132444,0.194887,6.5385
102.9108,0.169924,2184.56,0.024414,338.352,1,0.605029,0.019348,1.8996
102.9341,0.181109,2185.44,0.029785,64.853,0,,,
102.9573,0.149785,1980.67,0.043457,408.333,0,,,
102.9805,0.170376,2235.53,0.062012,408.333,0,,,
103.0037,0.203154,2837.61,0.07959,408.333,0,,,
103.0269,0.180627,2872.94,0.114258,408.333,0,,,
103.0502,0.189243,2671.65,0.105957,408.333,0,,,
103.0734,0.17761,3112.79,0.084961,408.333,0,,,
103.0966,0.119242,2531.13,0.0625,408.333,0,,,
103.1198,0.121218,1472.24,0.021973,408.333,0,,,
103.143,0.115082,1793.45,0.030273,64.853,0,,,
103.1663,0.130488,3090.59,0.06543,408.333,0,,,
103.1895,0.166876,3043.7,0.085938,408.333,0,,,
103.2127,0.183551,2667.48,0.114746,196.633,1,,,5.1555
103.2359,0.188972,2801.56,0.131836,186.136,1,0.05485,0.029102,4.9944
103.2591,0.178517,2973.16,0.132324,184.676,1,0.007873,0.056897,-0.2899
103.2824,0.156029,2915.45,0.137207,184.159,1,0.002805,0.134439,3.866
103.3056,0.131814,3049.28,0.164062,178.628,1,0.030489,0.16825,0.3263
103.3288,0.110171,3154.08,0.162109,170.377,1,0.047286,0.178885,-2.1439
103.352,0.092118,3339.33,0.176758,168.106,1,0.013416,0.178481,-5.0366
103.3752,0.140925,3273.13,0.184082,152.372,1,0.098189,0.418865,-4.5956
103.3985,0.145766,3072.29,0.150879,177.594,1,0.152872,0.033771,-3.9012
103.4217,0.147207,2776.17,0.156738,224.256,1,0.232236,0.00984,-3.0859
103.4449,0.144797,2322.85,0.148926,74.465,1,1.002884,0.016506,-0.2101
103.4681,0.078222,2735.6,0.158203,174.091,1,0.801643,0.597035,-0.9571
103.4913,0.057337,3112.37,0.191406,261.25,1,0.400417,0.308126,-5.1481
103.5146,0.049865,3337.16,0.257812,174.579,0,,,
103.5378,0.041747,4086.09,0.286621,175.904,0,,,
103.561,0.032518,4561.76,0.27832,116.252,0,,,
103.5842,0.026534,3873.64,0.257324,120.269,0,,,
103.6074,0.212175,2998.45,0.193848,120.757,1,,,-4.3603
103.6307,0.41653,2064.67,0.125,131.789,1,0.087367,0.650084,-6.9623
103.6539,0.466552,1450.66,0.094727,142.695,1,0.079465,0.113289,-5.4003
103.6771,0.479415,1575.43,0.07666,64.853,0,,,
103.7003,0.445484,2153.19,0.057129,64.853,0,,,
103.7235,0.286834,2398.28,0.071289,65.692,0,,,
103.7468,0.238214,2335.27,0.073242,175.628,1,,,-0.7569
103.77,0.229973,2280.31,0.057129,87.397,1,,,-0.2638
103.7932,0.226575,2147.35,0.037598,64.853,0,,,
103.8164,0.231973,1713.54,0.020508,64.853,0,,,
103.8396,0.219124,1217.62,0.027832,64.853,0,,,
103.8629,0.243843,2761.27,0.048828,64.853,0,,,
103.8861,0.263551,2870.03,0.0625,64.853,0,,,
103.9093,0.260739,2659.55,0.071777,64.853,0,,,
103.9325,0.254621,2380.05,0.058105,69.009,0,,,
103.9557,0.250439,1788.92,0.035156,64.853,0,,,
103.979,0.247837,2436.48,0.050293,64.853,0,,,
104.0022,0.249394,2649.75,0.069824,64.853,0,,,
104.0254,0.267035,2519.58,0.075195,64.853,0,,,
104.0486,0.262069,2735.77,0.081543,64.853,0,,,
104.0718,0.234439,2245.15,0.055176,66.92,0,,,
104.0951,0.328364,1291.02,0.030762,64.853,0,,,
104.1183,0.441762,1547.84,0.027344,64.853,0,,,
104.1415,0.470533,1568.27,0.029297,127.555,1,,,-3.0027
104.1647,0.481865,1804.1,0.038086,64.853,0,,,
104.1879,0.428627,2237.61,0.050293,64.853,0,,,
104.2112,0.293723,2371.12,0.068359,64.853,0,,,
104.2344,0.243324,2624.56,0.068848,65.539,0,,,
104.2576,0.230553,2665.72,0.073242,64.853,0,,,
104.2808,0.193832,2724.95,0.068848,86.842,1,,,1.8277
104.304,0.186976,2533.68,0.054688,64.853,0,,,
104.3273,0.161968,1826.06,0.059082,64.853,0,,,
104.3505,0.144271,2793.42,0.086914,65.71,0,,,
104.3737,0.160235,3102.79,0.099121,65.9,0,,,
104.3969,0.151001,2660.39,0.109375,397.539,0,,,
104.4201,0.150353,2669.99,0.116211,175.689,1,,,-5.4394
104.4434,0.183795,2579.37,0.093262,173.606,1,0.011925,0.200161,-1.3213
104.4666,0.192348,2584.43,0.091797,344.703,1,0.660211,0.045477,-2.9483
104.4898,0.204558,2644.25,0.103027,286.124,1,0.18572,0.061527,0.3257
104.513,0.204776,2732.03,0.109375,155.557,1,0.591229,0.001066,4.3371
104.5362,0.164872,3000.73,0.118652,175.587,1,0.120975,0.215905,3.7545
104.5595,0.131223,2606.42,0.117676,176.009,1,0.002402,0.227281,4.5214
104.5827,0.304332,1662.38,0.088867,176.767,1,0.004295,0.794887,-2.6519
104.6059,0.411423,1357.96,0.067383,175.988,1,0.004415,0.29924,-8.4381
104.6291,0.459568,1513.27,0.043457,129.61,1,0.303528,0.110553,-1.2599
104.6523,0.470741,1775.51,0.04248,64.853,0,,,
104.6756,0.387161,2147.16,0.061523,64.853,0,,,
104.6988,0.270495,2366.73,0.084473,66.437,0,,,
104.722,0.196666,2464.99,0.087891,172.822,1,,,-0.1421
104.7452,0.189485,2649.81,0.069824,173.535,1,0.004114,0.037189,3.2754
104.7684,0.161431,2429.27,0.050293,174.963,1,0.008198,0.159895,2.385
104.7917,0.172927,1648.37,0.019531,372.008,1,0.720493,0.068767,4.3998
104.8149,0.174422,2080.25,0.031738,378.762,1,0.017992,0.008606,6.9196
104.8381,0.168339,3161.89,0.056641,408.333,0,,,
104.8613,0.203225,3003.62,0.067871,408.333,0,,,
104.8845,0.207089,2735.96,0.072266,314.001,1,,,4.9567
104.9078,0.187969,2317.85,0.049316,321.556,1,,,6.3047
104.931,0.227443,2120.58,0.059082,408.333,0,,,
104.9542,0.244111,2975.61,0.068359,64.853,0,,,
104.9774,0.23592,2710.6,0.098633,408.333,0,,,
105.0006,0.250019,2686.33,0.10791,408.333,0,,,
105.0239,0.215893,2953.64,0.072754,176.259,1,,,6.7787
105.0471,0.161024,2253.83,0.049316,174.881,1,,,7.0989
105.0703,0.157572,1677.86,0.026855,393.864,0,,,
105.0935,0.161622,3166.49,0.048828,408.333,0,,,
105.1167,0.163877,2902.53,0.085449,408.333,0,,,
105.14,0.176572,2794.94,0.115723,182.988,1,,,2.7635
105.1632,0.179911,3088.75,0.133301,175.384,1,0.042434,0.018735,3.2331
105.1864,0.163808,3127.73,0.138672,173.123,1,0.012976,0.0937,4.3296
105.2096,0.155586,3104.53,0.140625,173.42,1,0.001712,0.051486,4.7158
105.2328,0.141725,3278.45,0.146973,174.738,1,0.007572,0.09324,2.99
105.2561,0.115801,3296.18,0.146973,175.736,1,0.005698,0.201328,0.0784
105.2793,0.090995,3278.72,0.149902,176.343,1,0.003447,0.239917,-1.1479
105.3025,0.129583,3582.53,0.165527,181.521,1,0.028935,0.349885,-5.0547
105.3257,0.176301,3375.41,0.153809,289.42,1,0.458227,0.305465,-5.034
105.3489,0.191199,2884.33,0.149902,164.651,1,0.549558,0.081077,-0.0249
105.3722,0.197947,2648.69,0.123535,88.634,1,0.60025,0.034679,0.3072
105.3954,0.16657,2688.0,0.071289,87.127,1,0.017149,0.172154,3.2897
105.4186,0.116434,2403.7,0.094238,87.24,1,0.001299,0.354315,0.9648
105.4418,0.130946,3435.19,0.102051,91.908,1,0.052114,0.117325,-5.5696
105.465,0.1758,2841.19,0.109375,92.546,1,0.006917,0.292454,-1.1375
105.4883,0.181061,2554.25,0.120117,86.982,1,0.061987,0.029482,-0.0813
105.5115,0.177736,2638.67,0.080566,86.469,1,0.005918,0.018531,0.0109
105.5347,0.151133,2513.05,0.050781,85.251,1,0.014177,0.161789,1.799
105.5579,0.172894,2770.42,0.056152,83.192,1,0.024446,0.134317,-0.6209
105.5811,0.201497,2889.5,0.064941,120.949,1,0.369903,0.1528,-0.0089
105.6044,0.260872,2714.26,0.072754,299.763,1,0.850055,0.25683,-3.104
105.6276,0.311795,2316.56,0.080078,296.303,1,0.011609,0.177845,1.1835
105.6508,0.292257,2293.63,0.081543,174.056,1,0.5198,0.064689,-0.3739
105.674,0.29195,2481.64,0.07373,173.588,1,0.002697,0.001052,-3.6294
105.6972,0.273735,2445.62,0.065918,172.056,1,0.008863,0.064399,1.4636
105.7205,0.224385,2476.9,0.067383,171.279,1,0.004527,0.198146,2.2422
105.7437,0.215272,2453.95,0.04248,214.129,1,0.222366,0.041457,1.0703
105.7669,0.231175,1998.8,0.044434,212.522,1,0.007533,0.071245,3.5325
105.7901,0.235579,2453.22,0.070801,199.684,1,0.06229,0.018868,-0.5336
105.8133,0.255586,2828.83,0.071777,273.008,1,0.310241,0.08147,-4.0025
105.8366,0.268247,2725.17,0.083984,235.398,1,0.147953,0.04834,1.4162
105.8598,0.231007,2600.08,0.075195,311.007,1,0.27675,0.149183,3.3485
105.883,0.19924,2758.25,0.056641,397.294,0,,,
105.9062,0.203434,2974.28,0.072266,368.429,1,,,3.7477
105.9294,0.191629,2810.81,0.090332,379.304,1,,,0.8605
105.9527,0.200959,2853.36,0.099121,408.333,0,,,
105.9759,0.200292,3149.86,0.088867,174.511,1,,,4.3706
105.9991,0.158505,2693.56,0.058594,174.778,1,,,7.772
106.0223,0.13916,1792.19,0.050293,394.407,0,,,
106.0455,0.184351,3268.77,0.069336,408.333,0,,,
106.0688,0.20833,3029.71,0.091309,365.956,1,,,-5.5455
106.092,0.23418,2653.02,0.112793,182.432,1,0.669319,0.116832,0.2525
106.1152,0.240759,2557.38,0.114258,269.333,1,0.384714,0.027703,0.0728
106.1384,0.20139,2820.66,0.106934,263.437,1,0.02213,0.178078,0.0144
106.1616,0.16384,2906.28,0.111816,86.41,1,1.012025,0.205623,1.1655
106.1849,0.12318,2962.99,0.11377,86.657,1,0.00285,0.283325,1.6274
106.2081,0.09144,2909.74,0.11084,173.375,1,0.666981,0.295776,3.2468
106.2313,0.071013,2449.12,0.103516,173.628,1,0.001458,0.251485,3.5695
106.2545,0.068223,2859.64,0.122559,173.107,1,0.003001,0.040079,2.2219
106.2777,0.090236,3999.5,0.140137,260.751,1,0.404019,0.27784,-1.0682
106.301,0.10571,3606.73,0.158691,262.757,1,0.007666,0.157946,1.3663
106.3242,0.105496,3248.46,0.169922,88.067,1,0.995882,0.002027,2.5591
106.3474,0.099607,3063.43,0.146484,87.922,1,0.001653,0.057431,3.4347
106.3706,0.149494,3061.45,0.142578,263.061,1,0.997992,0.400542,-1.8336
106.3938,0.168611,2995.37,0.132812,260.155,1,0.011108,0.120191,-1.2734
106.4171,0.212542,2646.96,0.120605,296.311,1,0.129949,0.230515,-2.5105
106.4403,0.222257,2485.01,0.119629,316.0,1,0.064312,0.044689,0.9578
106.4635,0.186357,2744.94,0.114258,264.196,1,0.178575,0.175715,3.1985
106.4867,0.162676,2435.72,0.114258,83.778,1,1.036963,0.135696,5.9211
106.5099,0.120118,2187.55,0.14209,122.552,1,0.375844,0.30098,-4.6939
106.5332,0.222966,2971.82,0.141113,264.647,1,0.733965,0.599548,-2.1237
106.5564,0.254128,2558.65,0.130859,131.351,1,0.673213,0.130632,-1.1265
106.5796,0.300848,2255.5,0.114746,296.61,1,0.772307,0.168366,-2.3702
106.6028,0.332039,2351.28,0.07959,299.749,1,0.010526,0.098568,1.0002
106.626,0.28199,2345.31,0.069824,175.19,1,0.524526,0.163018,1.0358
106.6493,0.268663,2448.33,0.060059,175.037,1,0.000872,0.048404,1.8291
106.6725,0.244085,2540.2,0.046875,335.06,1,0.62742,0.09587,5.3267
106.6957,0.20063,1931.69,0.033203,335.67,1,0.001819,0.195425,3.7968
106.7189,0.199574,997.91,0.01709,308.316,1,0.084952,0.00528,3.2475
106.7421,0.215356,2548.71,0.025391,64.853,0,,,
106.7654,0.217717,2921.61,0.037598,225.345,1,,,0.3053
106.7886,0.229819,2529.0,0.043945,408.333,0,,,
106.8118,0.237893,2232.86,0.047852,276.274,1,,,4.7191
106.835,0.208897,1751.39,0.027832,263.195,1,0.048489,0.129799,3.5468
106.8582,0.209581,1792.44,0.041992,263.56,1,0.001387,0.003272,-1.0445
106.8815,0.240307,2923.11,0.062988,286.403,1,0.083069,0.136592,-0.4246
106.9047,0.232365,2740.77,0.089844,408.333,0,,,
106.9279,0.235074,2592.29,0.095703,408.333,0,,,
106.9511,0.211653,2890.44,0.067871,174.956,1,,,6.8963
106.9743,0.14481,2274.5,0.04248,172.941,1,,,7.8986
106.9976,0.126288,1749.95,0.036621,408.333,0,,,
107.0208,0.148517,3109.01,0.063965,408.333,0,,,
107.044,0.163131,2798.32,0.095215,364.32,1,,,-1.6228
107.0672,0.202793,2593.64,0.110352,183.147,1,0.661859,0.216778,0.2231
107.0904,0.215747,2604.09,0.113281,179.135,1,0.022149,0.061901,0.2537
107.1137,0.199343,2712.86,0.118652,86.434,1,0.698128,0.079043,0.2352
107.1369,0.179018,3028.81,0.125977,86.471,1,0.000421,0.107437,1.8426
107.1601,0.130312,3146.16,0.114258,86.647,1,0.002035,0.31491,1.2606
107.1833,0.088126,3100.58,0.101074,174.302,1,0.67182,0.386256,2.8199
107.2065,0.064296,2475.92,0.089844,171.964,1,0.013507,0.312674,-0.9011
107.2298,0.105987,3501.03,0.12207,173.344,1,0.007994,0.489661,-4.0835
107.253,0.168669,3387.25,0.158691,263.175,1,0.411579,0.456441,-4.3001
107.2762,0.178726,3021.37,0.181152,164.735,1,0.460096,0.057901,-4.9093
107.2994,0.17949,2854.75,0.181152,164.298,1,0.002656,0.004265,-0.2884
107.3226,0.152691,2722.96,0.138672,86.939,1,0.615826,0.161353,0.1218
107.3459,0.097,2664.73,0.148926,173.159,1,0.662983,0.446077,-5.3822
107.3691,0.105533,3175.48,0.143555,173.212,1,0.000305,0.084258,-1.8277
107.3923,0.109387,2983.3,0.170898,172.138,1,0.006221,0.035866,1.4526
107.4155,0.14615,3131.76,0.146973,174.703,1,0.014792,0.287735,4.0351
107.4387,0.141265,2767.55,0.099121,175.682,1,0.005586,0.033992,8.6087
107.462,0.123787,1739.84,0.083496,253.161,1,0.361342,0.131888,6.3846
107.4852,0.185991,2937.84,0.056641,250.612,1,0.010123,0.401604,-2.038
107.5084,0.212515,2896.77,0.078125,254.006,1,0.013452,0.133117,-1.596
107.5316,0.239607,2483.09,0.100586,302.032,1,0.172744,0.119843,-2.3795
107.5548,0.2643,2419.25,0.103027,299.831,1,0.007312,0.098007,-4.5852
107.578,0.253811,2432.36,0.092285,183.878,1,0.479432,0.040488,-1.4735
107.6013,0.234679,2404.71,0.081543,177.27,1,0.036595,0.078332,-0.8933
107.6245,0.229363,2317.73,0.066406,64.853,0,,,
107.6477,0.23074,2327.36,0.051758,64.853,0,,,
107.6709,0.230828,2238.54,0.036133,64.853,0,,,
107.6941,0.222856,1925.87,0.032715,64.853,0,,,
107.7174,0.228413,1934.28,0.039551,64.853,0,,,
107.7406,0.251847,2269.91,0.045898,64.853,0,,,
107.7638,0.260323,2376.6,0.060547,65.287,0,,,
107.787,0.271065,2119.54,0.071777,64.853,0,,,
107.8102,0.276279,2212.4,0.067871,64.853,0,,,
107.8335,0.259545,2514.14,0.071777,64.853,0,,,
107.8567,0.233197,2632.86,0.066895,64.853,0,,,
107.8799,0.235347,2481.05,0.054688,64.853,0,,,
107.9031,0.229255,2864.24,0.044922,64.853,0,,,
107.9263,0.212538,2509.63,0.03125,67.207,0,,,
107.9496,0.220639,1015.76,0.019531,64.853,0,,,
107.9728,0.246052,2074.7,0.038086,64.853,0,,,
107.996,0.246054,2795.46,0.050293,64.853,0,,,
108.0192,0.261327,2557.26,0.063965,67.994,0,,,
108.0424,0.273158,1967.18,0.071777,67.921,0,,,
108.0657,0.253621,1940.4,0.046875,263.566,1,,,0.35
108.0889,0.243223,1435.91,0.033203,260.556,1,,,1.7697
108.1121,0.224734,1202.27,0.023438,65.121,0,,,
108.1353,0.205965,1129.66,0.019531,64.853,0,,,
108.1585,0.183498,1085.43,0.018066,64.853,0,,,
108.1818,0.16441,1034.89,0.024414,74.178,1,,,3.2321
108.205,0.174398,1635.74,0.038574,65.185,0,,,
108.2282,0.180297,2520.53,0.057617,65.707,0,,,
108.2514,0.185162,2569.34,0.078125,392.443,0,,,
108.2746,0.195536,2641.94,0.091797,390.487,0,,,
108.2979,0.182494,2751.48,0.09668,175.101,1,,,3.1347
108.3211,0.166447,2686.83,0.100098,175.035,1,0.000374,0.091973,2.3666
108.3443,0.15323,2642.11,0.106445,174.562,1,0.002711,0.082693,2.5829
108.3675,0.177756,2844.16,0.103027,174.17,1,0.002246,0.148201,-0.7985
108.3907,0.182873,2775.28,0.102051,174.384,1,0.001228,0.028382,2.3938
108.414,0.176106,2575.88,0.104492,83.925,1,0.700394,0.037703,1.5015
108.4372,0.165037,2472.98,0.110352,83.855,1,0.000829,0.064895,1.5676
108.4604,0.36391,2203.46,0.102051,265.231,1,1.039144,0.751958,-3.0777
108.4836,0.443722,1655.8,0.089844,263.567,1,0.006294,0.197644,-7.8017
108.5068,0.465133,1423.1,0.068848,118.557,1,0.758964,0.047117,0.637
108.5301,0.476877,1675.97,0.041016,64.853,0,,,
108.5533,0.346195,2129.61,0.037109,64.853,0,,,
108.5765,0.23979,2110.4,0.033203,66.18,0,,,
108.5997,0.202821,1854.69,0.028809,323.786,1,,,4.8094
108.6229,0.201369,1553.96,0.022461,408.333,0,,,
108.6462,0.19572,1113.19,0.014648,325.611,1,,,7.8766
108.6694,0.184352,757.93,0.010254,408.333,0,,,
108.6926,0.204553,1378.85,0.017578,408.333,0,,,
108.7158,0.215094,2229.55,0.034668,408.333,0,,,
108.739,0.208754,2135.33,0.05127,392.71,0,,,
108.7623,0.223088,2287.8,0.055176,408.333,0,,,
108.7855,0.220922,2155.84,0.053223,322.72,1,,,5.9084
108.8087,0.227576,1940.57,0.068848,327.933,1,0.016023,0.029669,-0.9327
108.8319,0.249984,2566.82,0.074219,274.413,1,0.177706,0.093845,-2.1111
108.8551,0.254399,2576.77,0.082031,177.109,1,0.431004,0.017506,1.7502
108.8784,0.236857,2687.52,0.083496,174.51,1,0.014785,0.071418,1.9909
108.9016,0.208359,2537.1,0.049805,175.128,1,0.003537,0.128019,3.8981
108.9248,0.17465,1929.95,0.031738,175.809,1,0.003883,0.176018,7.994
108.948,0.137877,1311.89,0.043945,384.413,0,,,
108.9712,0.153135,2635.07,0.057617,408.333,0,,,
108.9945,0.158138,2833.29,0.077637,365.662,1,,,3.6474
109.0177,0.15411,2875.14,0.09668,173.154,1,0.714562,0.025801,4.3212
109.0409,0.157644,2924.21,0.09375,172.79,1,0.0021,0.022672,3.923
109.0641,0.135181,2480.08,0.083496,173.94,1,0.00663,0.153423,1.8473
109.0873,0.109118,2100.45,0.081055,174.947,1,0.005773,0.21337,3.2489
109.1106,0.095891,2086.16,0.077637,176.227,1,0.007292,0.129034,5.4735
109.1338,0.081982,2132.34,0.06543,175.843,1,0.002184,0.156394,5.317
109.157,0.072271,2196.76,0.071777,174.844,1,0.005695,0.125917,3.3242
109.1802,0.149876,2899.1,0.092773,174.692,1,0.000869,0.698687,-5.8637
109.2034,0.176206,2810.32,0.09375,173.23,1,0.008404,0.161493,-3.5921
109.2267,0.183849,2459.08,0.100586,86.544,1,0.6674,0.042456,0.5442
109.2499,0.189863,2409.96,0.088867,86.888,1,0.003974,0.032184,1.6027
109.2731,0.138799,2298.56,0.054688,87.244,1,0.004089,0.31074,3.1045
109.2963,0.101845,1474.37,0.049316,87.405,1,0.001843,0.30713,2.3173
109.3195,0.108522,2995.0,0.074707,87.42,1,0.000171,0.063486,-4.5617
109.3428,0.121617,3227.16,0.092285,92.673,1,0.058337,0.1138,0.2239
109.366,0.130312,3001.67,0.129395,88.137,1,0.050172,0.069022,2.1874
109.3892,0.130228,2952.95,0.166016,87.41,1,0.008288,0.000641,0.2321
109.4124,0.119124,3554.18,0.175781,86.481,1,0.010689,0.089063,-5.125
109.4356,0.189765,3502.18,0.166992,85.587,1,0.010386,0.457388,-1.5118
109.4589,0.220766,2793.08,0.14209,366.663,1,1.243011,0.151031,-0.3389
109.4821,0.268855,2383.81,0.104492,307.12,1,0.176741,0.19643,0.9743
109.5053,0.306337,2203.45,0.071289,304.671,1,0.008007,0.130332,1.4404
109.5285,0.275367,1999.26,0.070801,184.583,1,0.490902,0.10648,-0.1007
109.5517,0.263538,2024.01,0.067383,182.708,1,0.010206,0.0439,-0.5036
109.575,0.244344,2189.43,0.065918,175.987,1,0.03748,0.075587,2.3807
109.5982,0.201977,2105.95,0.066406,172.63,1,0.019255,0.189849,1.6272
109.6214,0.195189,2113.95,0.054688,216.068,1,0.223506,0.03418,0.7906
109.6446,0.20455,2050.44,0.061523,314.987,1,0.372536,0.046831,4.0095
109.6678,0.195346,2476.03,0.081543,325.786,1,0.033707,0.046029,-0.3283
109.6911,0.197634,2923.78,0.072754,316.404,1,0.029221,0.011644,-2.5503
109.7143,0.206535,2582.84,0.072754,318.873,1,0.007775,0.044044,6.3733
109.7375,0.175248,1725.64,0.05957,324.008,1,0.015974,0.1639,5.7315
109.7607,0.160247,1871.46,0.029785,408.333,0,,,
109.7839,0.169953,2040.82,0.020996,408.333,0,,,
109.8072,0.14155,2157.99,0.053711,394.332,0,,,
109.8304,0.152978,3150.57,0.050293,408.333,0,,,
109.8536,0.148506,3206.86,0.049316,408.333,0,,,
109.8768,0.115575,2047.92,0.052734,398.87,0,,,
109.9,0.142907,1775.64,0.029297,356.979,1,,,-1.1346
109.9233,0.164131,3046.38,0.063477,300.237,1,0.172675,0.138247,-1.6605
109.9465,0.165221,2961.13,0.091797,316.949,1,0.054157,0.006622,-5.5103
109.9697,0.180963,2701.59,0.106934,317.616,1,0.002101,0.090946,-1.3754
109.9929,0.174945,2581.15,0.109375,175.659,1,0.57557,0.033821,0.0324
110.0161,0.151164,2203.41,0.087402,104.665,1,0.506514,0.145846,0.8075
110.0394,0.148019,2067.5,0.071777,104.832,1,0.001599,0.021026,0.854
110.0626,0.140461,1957.41,0.063477,104.746,1,0.000825,0.052397,1.6222
110.0858,0.126194,2001.12,0.057129,104.153,1,0.005679,0.10701,2.5935
110.109,0.116576,1840.46,0.060059,103.77,1,0.003684,0.079234,1.1247
110.1322,0.113144,1934.0,0.089844,103.635,1,0.001303,0.029875,-3.5983
110.1555,0.138673,2800.88,0.101562,104.464,1,0.007973,0.202755,0.666
110.1787,0.153173,2721.8,0.115723,113.085,1,0.079258,0.09937,-2.3856
110.2019,0.167136,2247.26,0.116699,113.647,1,0.004955,0.087184,-0.8202
110.2251,0.177406,2012.54,0.089355,113.551,1,0.000846,0.059612,-3.6615
110.2483,0.184835,2308.31,0.084961,132.079,1,0.150863,0.041019,-2.8499
110.2716,0.178641,2569.67,0.085938,142.355,1,0.074888,0.034083,-1.1227
110.2948,0.170432,2358.39,0.106445,154.179,1,0.079745,0.047032,0.1373
110.318,0.164143,2794.78,0.112793,156.728,1,0.016398,0.037595,3.3753
110.3412,0.139039,2805.88,0.114258,175.194,1,0.111266,0.1656,4.9755
110.3644,0.132801,2251.33,0.10791,176.149,1,0.005436,0.045899,7.2074
110.3877,0.15284,2146.04,0.111816,176.139,1,5.8e-05,0.14031,-4.6346
110.4109,0.214657,2862.99,0.107422,175.475,1,0.003777,0.336421,-1.7315
110.4341,0.240173,2589.64,0.106445,174.927,1,0.003125,0.112199,-0.5645
110.4573,0.271536,2254.51,0.097168,284.874,1,0.478237,0.122583,-1.0985
110.4805,0.29162,2161.38,0.065918,171.188,1,0.498557,0.071325,3.3851
110.5038,0.256411,1967.78,0.053711,336.369,1,0.650887,0.128492,1.8784
110.527,0.242904,1719.62,0.040039,315.871,1,0.062854,0.054103,0.1675
110.5502,0.234867,1621.48,0.029785,311.924,1,0.012572,0.033641,3.5782
110.5734,0.199814,1500.38,0.020996,319.94,1,0.025371,0.161284,4.0196
110.5966,0.20074,1590.58,0.017578,193.821,1,0.490961,0.004624,1.7398
110.6199,0.205327,2068.7,0.01709,220.089,1,0.126924,0.022592,6.6638
110.6431,0.175725,2082.43,0.022461,64.853,0,,,
110.6663,0.186027,2156.87,0.025391,371.117,1,,,1.815
110.6895,0.192878,1687.28,0.032715,408.333,0,,,
110.7127,0.168771,1917.45,0.037109,408.333,0,,,
110.736,0.211863,2433.26,0.060059,408.333,0,,,
110.7592,0.218491,2854.2,0.069824,408.333,0,,,
110.7824,0.197749,2697.53,0.087891,316.417,1,,,1.576
110.8056,0.205258,2784.87,0.077637,316.773,1,0.001126,0.037262,2.3268
110.8288,0.163451,2824.87,0.04834,326.109,1,0.029043,0.226774,7.4823
110.8521,0.127139,1630.56,0.052734,408.333,0,,,
110.8753,0.143606,1905.62,0.036621,408.333,0,,,
110.8985,0.161901,2220.96,0.060059,297.83,1,,,-3.4993
110.9217,0.174407,2324.49,0.092773,219.934,1,0.300893,0.074371,-3.1508
110.9449,0.192253,2521.21,0.09082,116.718,1,0.613195,0.097343,-5.5622
110.9682,0.183333,2371.79,0.113281,116.455,1,0.002254,0.047501,-2.412
110.9914,0.148762,2327.96,0.112305,126.562,1,0.083181,0.208195,-0.9722
111.0146,0.117726,2650.44,0.084473,151.392,1,0.178664,0.232926,-1.0819
111.0378,0.080669,2298.98,0.081055,161.136,1,0.062352,0.373571,-0.6805
111.061,0.053818,1713.54,0.062012,162.27,1,0.007016,0.399315,-2.1808
111.0843,0.066597,2095.68,0.052734,167.123,1,0.029465,0.212254,3.3924
111.1075,0.151088,2439.98,0.085449,166.481,1,0.003848,0.776272,-4.1208
111.1307,0.196586,2836.59,0.098145,176.846,1,0.060377,0.261725,-2.0296
111.1539,0.205063,2706.26,0.125977,172.612,1,0.024229,0.042213,1.0035
111.1771,0.202103,3008.03,0.160156,173.557,1,0.005457,0.014539,1.0795
111.2004,0.149474,3858.39,0.178223,174.197,1,0.003684,0.299387,2.3516
111.2236,0.081689,4233.61,0.245605,174.336,1,0.000794,0.586477,0.8402
111.2468,0.097736,4467.89,0.231445,260.679,1,0.396968,0.17888,0.6495
111.27,0.131457,3485.58,0.207031,263.185,1,0.009567,0.294255,5.9941
111.2932,0.145745,3054.63,0.216797,174.355,1,0.406045,0.103088,4.1078
111.3165,0.147174,3711.11,0.22998,174.648,1,0.001681,0.009758,-1.2561
111.3397,0.137381,4500.37,0.300293,174.872,1,0.001282,0.068834,-11.0771
111.3629,0.375762,3383.95,0.28125,174.771,1,0.000577,0.929102,-3.7584
111.3861,0.459969,1865.14,0.218262,359.404,1,0.691283,0.201517,-9.6641
111.4093,0.47895,1420.07,0.121094,104.763,1,1.097199,0.040432,0.5195
111.4326,0.485504,1872.67,0.041016,64.853,0,,,
111.4558,0.351148,2141.73,0.04834,64.853,0,,,
111.479,0.247025,2127.83,0.061523,174.663,1,,,-4.2012
111.5022,0.236929,2301.27,0.069336,174.347,1,,,-3.8624
111.5254,0.249614,2379.83,0.0625,66.067,0,,,
111.5487,0.235482,2492.84,0.061035,65.856,0,,,
111.5719,0.223108,2563.51,0.05127,64.853,0,,,
111.5951,0.246841,2352.63,0.058594,64.853,0,,,
111.6183,0.244893,2819.26,0.067871,64.853,0,,,
111.6415,0.23851,2824.03,0.062012,68.125,0,,,
111.6648,0.258419,2311.99,0.061523,64.853,0,,,
111.688,0.239013,1887.82,0.046387,64.853,0,,,
111.7112,0.223615,2247.11,0.034668,64.853,0,,,
111.7344,0.241155,2246.42,0.041504,64.853,0,,,
111.7576,0.238316,2542.44,0.05127,64.853,0,,,
111.7809,0.219695,2963.49,0.04541,64.853,0,,,
111.8041,0.235105,2208.19,0.039062,64.853,0,,,
111.8273,0.229638,1708.17,0.037109,64.853,0,,,
111.8505,0.420653,1692.52,0.027344,64.853,0,,,
111.8737,0.452645,1624.09,0.039062,71.58,1,,,-9.3511
111.897,0.462925,1604.6,0.050781,64.853,0,,,
111.9202,0.460226,2014.6,0.053223,64.853,0,,,
111.9434,0.29604,2184.72,0.058105,65.254,0,,,
111.9666,0.252569,2042.31,0.049805,408.333,0,,,
111.9898,0.207929,2083.69,0.049805,65.127,0,,,
112.0131,0.199125,2489.61,0.047363,64.853,0,,,
112.0363,0.170409,3036.51,0.060059,64.853,0,,,
112.0595,0.144544,3118.97,0.090332,64.853,0,,,
112.0827,0.147632,3146.1,0.094238,65.3,0,,,
112.1059,0.149464,3298.23,0.117188,263.305,1,,,-2.2451
112.1292,0.164015,2412.54,0.11084,264.23,1,0.003506,0.092835,-4.4571
112.1524,0.186152,1822.43,0.092285,114.182,1,0.793039,0.126436,-5.4088
112.1756,0.233182,1956.6,0.102539,130.155,1,0.130745,0.224309,-2.6913
112.1988,0.242248,2289.5,0.091797,128.969,1,0.009154,0.038138,-0.3557
112.222,0.238934,2140.05,0.092773,157.679,1,0.200313,0.013776,0.3224
112.2453,0.225769,2260.1,0.104492,157.588,1,0.000573,0.056657,3.8776
112.2685,0.172785,2808.99,0.101562,175.286,1,0.106333,0.265883,3.3453
112.2917,0.143984,2585.63,0.104492,176.474,1,0.006753,0.181845,5.5564
112.3149,0.183321,2310.02,0.11377,176.765,1,0.001648,0.240373,-6.4625
112.3381,0.397188,1588.81,0.088867,176.036,1,0.004132,0.736825,-6.9502
112.3614,0.458475,1307.02,0.067383,174.764,1,0.007253,0.143249,-6.1289
112.3846,0.465913,1464.77,0.062988,64.853,0,,,
112.4078,0.45457,1921.09,0.052734,64.853,0,,,
112.431,0.296451,2156.4,0.057129,64.853,0,,,
112.4542,0.194227,2228.06,0.069336,150.836,1,,,-3.199
112.4775,0.193838,2299.48,0.065918,134.588,1,0.113855,0.002003,-0.3594
112.5007,0.182119,2585.2,0.072266,118.363,1,0.128284,0.062342,3.0524
112.5239,0.165129,3374.79,0.088867,115.945,1,0.020636,0.097857,0.8457
112.5471,0.182393,3736.99,0.080566,129.785,1,0.112643,0.099356,4.5379
112.5703,0.178697,3509.09,0.07666,408.333,0,,,
112.5936,0.19114,2720.78,0.077148,408.333,0,,,
112.6168,0.221227,2170.16,0.05127,408.333,0,,,
112.64,0.214143,1986.49,0.045898,408.333,0,,,
112.6632,0.218499,1525.71,0.055664,408.333,0,,,
112.6864,0.251694,2657.68,0.052246,141.798,1,,,0.2471
112.7097,0.242413,2722.59,0.069824,408.333,0,,,
112.7329,0.240629,2537.11,0.073242,324.949,1,,,-2.6161
112.7561,0.23985,2722.97,0.050293,329.086,1,0.012651,0.003244,3.5481
112.7793,0.186108,1908.77,0.033203,116.075,1,0.957009,0.252333,6.0071
112.8025,0.159784,1146.31,0.013672,408.333,0,,,
112.8258,0.156713,2496.16,0.025879,64.853,0,,,
112.849,0.135151,3235.86,0.062012,408.333,0,,,
112.8722,0.146705,3108.99,0.091309,387.19,0,,,
112.8954,0.166447,2971.77,0.106934,317.324,1,,,-0.5855
112.9186,0.160607,2492.81,0.108398,122.221,1,0.887754,0.03571,1.8471
112.9419,0.153864,2350.74,0.089844,116.722,1,0.04602,0.042886,1.7891
112.9651,0.134585,2770.52,0.094238,115.923,1,0.006876,0.133673,-1.418
112.9883,0.097521,3737.73,0.168945,116.012,1,0.000768,0.31937,-0.1812
113.0115,0.068416,4644.35,0.218262,114.196,1,0.015777,0.350802,-2.1519
113.0347,0.083784,5055.57,0.273438,117.491,1,0.028443,0.20195,-4.1319
113.058,0.138411,3536.86,0.270508,350.841,1,0.996518,0.491701,-5.9585
113.0812,0.179468,2972.74,0.200195,164.332,1,0.724064,0.25832,-5.9382
113.1044,0.209169,2395.3,0.15332,89.631,1,0.588283,0.152845,-6.6314
113.1276,0.223972,1866.64,0.094238,99.859,1,0.107949,0.068351,-7.6401
113.1508,0.210379,1832.17,0.083984,91.86,1,0.083441,0.062588,-3.7459
113.1741,0.19246,2058.22,0.087402,88.536,1,0.036849,0.088963,1.8184
113.1973,0.179659,2492.03,0.092773,88.783,1,0.002782,0.068803,3.7119
113.2205,0.167669,2985.25,0.105469,88.248,1,0.006042,0.069042,3.7456
113.2437,0.161811,3013.47,0.108398,87.194,1,0.012011,0.03556,3.7814
113.2669,0.145692,2808.2,0.111816,86.681,1,0.005909,0.104839,-0.4599
113.2902,0.162896,2734.03,0.11084,86.23,1,0.00521,0.111504,-10.0775
113.3134,0.196751,2791.82,0.100098,85.538,1,0.008061,0.188271,-0.3392
113.3366,0.209363,2565.34,0.085449,143.538,1,0.506381,0.06211,0.4399
113.3598,0.254446,2274.58,0.077148,303.733,1,0.716324,0.1944,-0.1999
113.383,0.266267,2603.29,0.062988,312.004,1,0.026864,0.045404,4.0515
113.4063,0.240846,2786.12,0.082031,178.637,1,0.543642,0.10026,1.2504
113.4295,0.248769,3027.13,0.081055,232.074,1,0.260213,0.032366,1.2021
113.4527,0.22188,2911.83,0.067871,307.063,1,0.278183,0.114262,4.8128
113.4759,0.187152,2332.91,0.055664,335.022,1,0.087087,0.169805,1.7874
113.4991,0.200367,1895.07,0.022949,251.198,1,0.285978,0.0682,3.1857
113.5224,0.207183,1771.75,0.040527,408.333,0,,,
113.5456,0.206875,2762.59,0.070801,408.333,0,,,
113.5688,0.230222,2849.91,0.084473,315.54,1,,,-2.9562
113.592,0.224045,2564.99,0.100098,164.876,1,0.627223,0.027198,0.7089
113.6152,0.198864,2248.67,0.081055,164.925,1,0.000295,0.119086,-3.8254
113.6385,0.200278,1762.85,0.047852,301.346,1,0.585159,0.007088,2.5262
113.6617,0.182407,1914.86,0.068848,95.771,1,1.035335,0.093401,2.1067
113.6849,0.189753,2875.83,0.082031,124.718,1,0.262569,0.039479,-2.5456
113.7081,0.199232,2911.67,0.07959,408.333,0,,,
113.7313,0.177436,2403.4,0.081055,117.373,1,,,0.4003
113.7546,0.161314,1663.6,0.047852,114.202,1,0.027387,0.095188,1.1948
113.7778,0.169646,2162.47,0.052246,110.349,1,0.034323,0.05035,-1.0445
113.801,0.155223,3010.72,0.083984,305.818,1,0.939382,0.088792,-2.7974
113.8242,0.173892,2954.0,0.11084,315.186,1,0.030167,0.113449,-3.0818
113.8474,0.195227,2850.68,0.137695,315.646,1,0.001459,0.115599,0.6715
113.8707,0.177744,2843.72,0.128418,120.155,1,0.897158,0.093751,-0.3408
113.8939,0.179903,2512.95,0.114746,114.906,1,0.044659,0.012076,0.1342
113.9171,0.178027,2338.77,0.107422,113.451,1,0.012747,0.010483,0.2071
113.9403,0.16597,2262.89,0.089844,104.724,1,0.080001,0.070101,-1.7586
113.9635,0.153822,2073.96,0.081055,104.642,1,0.000778,0.075972,1.0871
113.9868,0.140572,1946.12,0.074707,116.181,1,0.10451,0.090013,-0.3527
114.01,0.124507,1893.94,0.087891,116.925,1,0.006377,0.121216,-0.499
114.0332,0.127307,2468.31,0.094727,113.251,1,0.031922,0.022244,-0.8571
114.0564,0.155212,2330.12,0.09668,105.083,1,0.074819,0.197545,-1.759
114.0796,0.177569,1920.29,0.095703,113.147,1,0.073901,0.134365,-2.8053
114.1029,0.202738,1983.34,0.090332,121.473,1,0.07098,0.132358,-3.2273
114.1261,0.222058,2602.14,0.087402,130.61,1,0.072489,0.090964,-3.966
114.1493,0.208612,2631.91,0.094238,155.673,1,0.175093,0.062443,-0.6345
114.1725,0.196661,2623.2,0.10498,169.873,1,0.087236,0.05898,3.2155
114.1957,0.176498,3019.43,0.100586,172.943,1,0.017914,0.108066,3.3929
114.219,0.148221,2709.96,0.110352,175.101,1,0.0124,0.174165,5.2432
114.2422,0.146367,2405.39,0.117188,176.298,1,0.006808,0.012587,7.2531
114.2654,0.195158,2572.08,0.125488,88.247,1,0.665675,0.285725,-1.5399
114.2886,0.229948,2661.5,0.119629,175.536,1,0.661822,0.163677,-3.4635
114.3118,0.248153,2525.33,0.113281,174.231,1,0.007459,0.076156,-2.5049
114.3351,0.296722,2442.13,0.094727,171.65,1,0.014925,0.178278,-1.0221
114.3583,0.295987,2317.72,0.07373,171.592,1,0.000339,0.002481,1.2227
114.3815,0.282701,2186.7,0.075195,293.122,1,0.523029,0.045919,-4.1331
114.4047,0.291664,2245.68,0.068359,291.993,1,0.003856,0.031212,-1.4549
114.4279,0.252356,2188.27,0.076172,247.466,1,0.165081,0.144509,1.66
114.4512,0.229204,2390.16,0.104492,157.671,1,0.443282,0.096156,-1.0508
114.4744,0.241185,3589.53,0.120605,157.507,1,0.001041,0.050939,0.8947
114.4976,0.219363,3858.44,0.148926,164.361,1,0.04259,0.094763,2.9497
114.5208,0.210056,3780.54,0.152344,408.333,0,,,
114.544,0.221029,3491.1,0.114746,392.258,0,,,
114.5673,0.192268,2440.28,0.084473,344.552,1,,,4.1837
114.5905,0.181457,1475.53,0.043945,388.733,0,,,
114.6137,0.238952,2345.46,0.04834,399.864,0,,,
114.6369,0.235715,2747.62,0.060059,125.669,1,,,-1.066
114.6601,0.242183,2445.08,0.072266,408.333,0,,,
114.6834,0.248448,2439.97,0.070801,399.528,0,,,
114.7066,0.180685,2117.33,0.042969,116.72,1,,,2.6795
114.7298,0.147931,1421.56,0.03125,116.607,1,0.000971,0.199343,2.5888
114.753,0.128767,1437.65,0.012207,135.122,1,0.147104,0.138523,6.9794
114.7762,0.112067,2180.82,0.051758,348.402,1,0.882192,0.138682,0.6196
114.7995,0.12747,3118.51,0.086914,345.799,1,0.007499,0.128605,-4.3291
114.8227,0.150281,3170.68,0.098633,348.594,1,0.008049,0.164258,-1.5805
114.8459,0.159446,2518.17,0.110352,123.868,1,0.9513,0.059178,0.9112
114.8691,0.161112,2025.33,0.083008,117.015,1,0.056894,0.010393,2.2301
114.8923,0.155018,2089.61,0.0625,115.959,1,0.009066,0.038553,1.9538
114.9156,0.129078,2249.99,0.080566,116.706,1,0.006419,0.18261,1.9407
114.9388,0.103928,3186.33,0.138184,116.937,1,0.001974,0.215875,-0.0857
114.962,0.083029,4398.24,0.185059,115.582,1,0.011649,0.223572,0.5074
114.9852,0.140031,3845.86,0.207031,119.488,1,0.033235,0.511089,-4.2143
115.0084,0.14867,3212.54,0.220703,262.728,1,0.749519,0.05985,-4.744
115.0317,0.186211,2968.02,0.175781,164.196,1,0.461592,0.224206,0.2126
115.0549,0.21035,2518.02,0.130859,164.061,1,0.000822,0.121742,-2.1258
115.0781,0.191939,1923.47,0.112793,130.688,1,0.226449,0.091532,-4.4342
115.1013,0.195393,1902.91,0.096191,130.542,1,0.001117,0.017834,-0.8789
115.1245,0.175147,2184.46,0.112305,167.192,1,0.246196,0.109279,5.1335
115.1478,0.163775,2974.55,0.125,172.807,1,0.033025,0.067104,5.7426
115.171,0.157276,3242.59,0.130859,177.897,1,0.029028,0.040489,6.3586
115.1942,0.158061,3127.99,0.125,174.998,1,0.016428,0.004978,8.1234
115.2174,0.178773,3089.87,0.111816,173.55,1,0.008308,0.122984,-3.1868
115.2406,0.194974,2733.59,0.100586,172.683,1,0.005007,0.086694,-1.5566
115.2639,0.207623,2432.45,0.096191,263.157,1,0.415168,0.062839,0.0264
115.2871,0.218795,2299.85,0.100098,284.125,1,0.076626,0.052398,-0.2147
115.3103,0.211199,2445.91,0.085938,320.057,1,0.118945,0.03533,-2.4669
115.3335,0.211214,2236.39,0.078613,66.75,0,,,
115.3567,0.210927,1946.24,0.0625,64.853,0,,,
115.38,0.218716,1978.24,0.04248,64.853,0,,,
115.4032,0.210925,1904.84,0.039551,64.853,0,,,
115.4264,0.210134,2008.56,0.047363,64.853,0,,,
115.4496,0.219838,2486.77,0.050781,64.853,0,,,
115.4728,0.216175,2642.82,0.058594,67.02,0,,,
115.4961,0.235554,2801.17,0.063477,64.853,0,,,
115.5193,0.25111,2531.86,0.047852,64.853,0,,,
115.5425,0.262469,1809.91,0.050781,64.853,0,,,
115.5657,0.266974,1472.86,0.05957,64.853,0,,,
115.5889,0.270394,2236.51,0.058594,67.184,0,,,
115.6122,0.269171,2284.63,0.066406,65.702,0,,,
115.6354,0.252784,2298.16,0.065918,68.385,0,,,
115.6586,0.249312,2512.83,0.04834,64.853,0,,,
115.6818,0.248038,1888.13,0.037109,64.853,0,,,
115.705,0.255666,1644.11,0.043457,64.853,0,,,
115.7283,0.253424,2546.23,0.057617,65.077,0,,,
115.7515,0.257689,2644.62,0.061523,68.082,0,,,
115.7747,0.258319,2254.04,0.061523,68.066,0,,,
115.7979,0.234369,2317.34,0.050781,408.333,0,,,
115.8211,0.232424,1878.7,0.032715,65.358,0,,,
115.8444,0.227215,1184.94,0.022949,65.246,0,,,
115.8676,0.213229,1139.56,0.022949,65.133,0,,,
115.8908,0.193758,1138.63,0.025391,64.853,0,,,
115.914,0.182386,1421.18,0.027344,64.853,0,,,
115.9372,0.163801,1872.65,0.038574,64.853,0,,,
115.9605,0.144066,2543.75,0.057617,65.678,0,,,
115.9837,0.141629,2919.13,0.069824,65.9,0,,,
116.0069,0.130752,2488.85,0.076172,396.504,0,,,
116.0301,0.121019,1772.17,0.07666,395.642,0,,,
116.0533,0.115983,1636.79,0.076172,398.201,0,,,
116.0766,0.115049,1861.91,0.078125,261.007,1,,,0.1113
116.0998,0.109782,2074.82,0.111328,171.037,1,0.416488,0.04685,1.1356
116.123,0.107017,3042.97,0.12793,174.891,1,0.022281,0.025509,2.9921
116.1462,0.104415,3178.25,0.139648,176.36,1,0.008368,0.024614,4.7641
116.1694,0.097777,2459.79,0.144531,176.674,1,0.001774,0.06566,3.7807
116.1927,0.275496,2212.67,0.10791,176.587,1,0.000488,0.95222,-2.8816
116.2159,0.430202,948.18,0.081543,175.588,1,0.005678,0.438448,-7.145
116.2391,0.482155,891.14,0.049805,114.192,1,0.423741,0.113888,-2.633
116.2623,0.497378,1287.5,0.038086,64.853,0,,,
116.2855,0.464743,2136.16,0.02832,66.659,0,,,
116.3088,0.361742,2550.96,0.030762,65.248,0,,,
116.332,0.337595,2463.09,0.031738,64.853,0,,,
116.3552,0.351946,2458.47,0.019531,64.853,0,,,
116.3784,0.351914,2354.22,0.018555,64.853,0,,,
116.4016,0.357248,2149.02,0.011719,64.853,0,,,
116.4249,0.359807,2140.3,0.007812,64.853,0,,,
116.4481,0.382539,2088.36,0.004395,64.853,0,,,
116.4713,0.37736,2001.4,0.004883,64.853,0,,,
116.4945,0.388287,1837.82,0.003418,64.853,0,,,
116.5177,0.40314,1669.07,0.004395,64.853,0,,,
116.541,0.394045,1560.36,0.004883,64.853,0,,,
116.5642,0.404169,1593.36,0.005371,64.853,0,,,
116.5874,0.417153,1800.97,0.005371,64.853,0,,,
116.6106,0.406424,1774.42,0.006836,396.738,0,,,
116.6338,0.414339,1737.97,0.006348,408.333,0,,,
116.6571,0.417838,1579.91,0.005371,64.853,0,,,
116.6803,0.4029,1422.11,0.005859,353.533,1,,,4.569
116.7035,0.4104,1427.79,0.003418,64.853,0,,,
116.7267,0.411801,1411.68,0.003906,64.853,0,,,
116.7499,0.408503,1396.72,0.00293,64.853,0,,,
116.7732,0.411089,1299.51,0.002441,64.853,0,,,
116.7964,0.389087,1309.41,0.003906,64.853,0,,,
116.8196,0.356779,1365.62,0.004395,64.853,0,,,
116.8428,0.314637,1422.74,0.005371,64.853,0,,,
116.866,0.255463,1580.9,0.007812,64.853,0,,,
116.8893,0.20728,1904.86,0.008301,64.853,0,,,
116.9125,0.162465,2197.17,0.02002,64.853,0,,,
116.9357,0.124977,2510.5,0.050781,64.853,0,,,
116.9589,0.108796,2632.97,0.07959,297.424,1,,,0.0457
116.9821,0.092009,2496.29,0.108398,408.333,0,,,
117.0054,0.077156,2680.98,0.131836,174.779,1,,,-1.476
117.0286,0.058888,2906.27,0.145996,174.114,1,,,-2.873
117.0518,0.035292,2924.21,0.148438,323.968,0,,,
117.075,0.028854,2924.59,0.15332,166.217,0,,,
117.0982,0.024233,3104.21,0.161621,175.091,0,,,
117.1215,0.019786,3315.7,0.151367,177.96,0,,,
117.1447,0.018868,3479.17,0.181641,175.792,0,,,
117.1679,0.038248,3448.64,0.192383,173.599,0,,,
117.1911,0.068273,2951.24,0.182129,172.821,1,,,-6.2509
117.2143,0.089098,2697.32,0.175781,142.586,1,,,-1.3469
117.2376,0.102341,2412.73,0.155273,69.743,0,,,
117.2608,0.100681,2717.19,0.15625,170.22,1,,,1.8246
117.284,0.084615,3387.51,0.158691,168.563,1,0.009783,0.173403,2.9165
117.3072,0.062088,3548.26,0.166992,166.608,1,0.011666,0.307118,2.6821
117.3304,0.035154,2919.04,0.199707,177.456,0,,,
117.3537,0.019502,3296.08,0.23584,177.778,0,,,
117.3769,0.014994,3838.22,0.283203,167.954,0,,,
117.4001,0.03539,3826.71,0.312012,118.656,0,,,
117.4233,0.053884,3313.01,0.27002,236.565,1,,,-6.2463
117.4465,0.065751,2846.08,0.22168,86.779,1,0.926479,0.198373,-1.0944
117.4698,0.070144,2653.39,0.175293,86.438,1,0.003933,0.064653,1.853
117.493,0.067023,2920.84,0.137695,173.226,1,0.66846,0.045501,3.8656
117.5162,0.056913,3065.45,0.124023,173.99,1,0.0044,0.16314,4.544
117.5394,0.04421,2943.57,0.116211,86.801,0,,,
117.5626,0.034895,2711.55,0.119629,173.589,0,,,
117.5859,0.024026,2558.48,0.144043,173.629,0,,,
117.6091,0.013262,2775.84,0.162109,170.648,0,,,
117.6323,0.011698,3696.02,0.20459,172.943,0,,,
117.6555,0.039739,3750.03,0.214355,175.102,0,,,
117.6787,0.059671,3083.95,0.193359,344.536,1,,,-2.8283
117.702,0.071908,2802.42,0.195312,180.935,1,0.622683,0.186008,1.6471
117.7252,0.075409,2724.16,0.15918,173.654,1,0.041067,0.047524,1.724
117.7484,0.069432,2842.77,0.162109,173.625,1,0.000168,0.082527,2.7916
117.7716,0.055979,3048.11,0.166016,173.457,1,0.000969,0.21455,2.9406
117.7948,0.03974,3154.27,0.145996,174.282,0,,,
117.818,0.031081,2641.47,0.149902,174.662,0,,,
117.8413,0.019362,2192.23,0.145996,175.001,0,,,
117.8645,0.013405,3122.03,0.168457,171.595,0,,,
117.8877,0.025933,3639.35,0.181641,172.333,0,,,
117.9109,0.038933,2990.46,0.191406,283.435,0,,,
117.9341,0.04773,2700.04,0.202148,203.881,0,,,
117.9574,0.052644,3044.1,0.169922,185.909,1,,,1.8887
117.9806,0.051207,3126.43,0.15625,175.814,1,,,5.6245
118.0038,0.049219,2846.45,0.134766,173.866,0,,,
118.027,0.055858,2439.69,0.101562,172.442,1,,,-4.3266
118.0502,0.06666,2148.78,0.095703,172.865,1,0.002447,0.176337,-3.5729
118.0735,0.068387,2002.72,0.117676,128.615,1,0.293554,0.025564,-4.338
118.0967,0.064257,2013.11,0.152344,147.541,1,0.137071,0.062262,-6.7033
118.1199,0.056125,2900.9,0.212891,78.304,1,0.61314,0.135115,-7.1026
118.1431,0.06567,3719.75,0.228516,225.189,1,0.967967,0.156741,-3.3581
118.1663,0.083957,2825.75,0.213867,322.783,1,0.3562,0.244437,-2.6796
118.1896,0.102029,2479.89,0.175781,128.512,1,0.860948,0.194336,1.0249
118.2128,0.106162,2412.92,0.155273,182.928,1,0.349444,0.03971,1.32
118.236,0.092851,3076.07,0.166016,175.571,1,0.041042,0.133767,-0.7712
118.2592,0.074827,3679.18,0.160645,173.234,1,0.0134,0.214989,3.9337
118.2824,0.049407,3370.71,0.172363,173.578,0,,,
118.3057,0.035328,2510.19,0.149414,171.25,0,,,
118.3289,0.029027,2665.77,0.124023,170.984,0,,,
118.3521,0.022501,2743.33,0.125,178.935,0,,,
118.3753,0.015349,2244.72,0.112793,169.821,0,,,
118.3985,0.012431,2110.07,0.108887,183.49,0,,,
118.4218,0.014045,2316.33,0.117188,388.347,0,,,
118.445,0.015356,2387.48,0.129883,408.333,0,,,
118.4682,0.016235,2476.77,0.17627,118.767,0,,,
118.4914,0.034644,2836.37,0.191895,164.738,0,,,
118.5146,0.055692,2969.85,0.1875,408.333,0,,,
118.5379,0.065629,2740.66,0.19873,186.784,1,,,1.4585
118.5611,0.065241,2624.15,0.159668,174.14,1,0.070065,0.005941,1.9896
118.5843,0.057074,2839.96,0.137207,174.119,1,0.000118,0.133537,-1.6819
118.6075,0.03592,3026.84,0.141113,174.907,0,,,
118.6307,0.012037,2526.39,0.125488,182.548,0,,,
118.654,0.027107,3138.11,0.144531,408.333,0,,,
118.6772,0.041132,3029.68,0.166016,408.333,0,,,
118.7004,0.051079,2917.0,0.178711,190.782,1,,,3.1016
118.7236,0.055509,3037.72,0.182129,184.172,1,0.035259,0.083122,4.9028
118.7468,0.054364,2874.36,0.168457,92.454,1,0.663115,0.020844,-1.4411
118.7701,0.049551,2695.71,0.155273,184.386,0,,,
118.7933,0.043387,2868.84,0.142578,85.65,0,,,
118.8165,0.037851,2597.62,0.126953,169.876,0,,,
118.8397,0.035288,2245.77,0.118652,168.174,0,,,
118.8629,0.047538,2751.27,0.116211,147.172,0,,,
118.8862,0.06163,2895.03,0.112793,141.919,1,,,-1.0843
118.9094,0.064821,2589.3,0.14502,200.859,1,0.343899,0.050457,2.7814
118.9326,0.062847,2637.96,0.15625,174.176,1,0.142296,0.030918,-4.174
118.9558,0.050466,2842.61,0.182617,173.207,1,0.005581,0.21853,-3.1568
118.979,0.026317,3062.45,0.19043,175.878,0,,,
119.0023,0.013569,2923.06,0.171875,118.748,0,,,
119.0255,0.013172,2513.95,0.17334,118.523,0,,,
119.0487,0.010475,2469.89,0.138672,117.645,0,,,
119.0719,0.009246,2325.66,0.126953,181.516,0,,,
119.0951,0.249481,1349.74,0.104492,179.577,1,,,-2.5545
119.1184,0.441363,756.71,0.067383,177.811,1,0.009885,0.5555,-11.3601
119.1416,0.505382,768.86,0.042969,127.588,1,0.328903,0.13524,-1.4378
119.1648,0.513631,982.84,0.030762,64.853,0,,,
119.188,0.455464,1533.18,0.029297,64.853,0,,,
119.2112,0.277657,2411.29,0.032227,64.853,0,,,
119.2345,0.13224,2463.24,0.052246,356.294,1,,,1.625
119.2577,0.097813,2421.5,0.0625,64.853,0,,,
119.2809,0.062152,2404.8,0.066406,174.764,1,,,2.6619
119.3041,0.040802,1923.75,0.069336,173.264,0,,,
119.3273,0.034542,2162.27,0.105469,168.98,0,,,
119.3506,0.048756,3137.57,0.12207,175.21,0,,,
119.3738,0.063042,2821.73,0.14502,183.302,1,,,-0.8225
119.397,0.066156,2586.29,0.166992,199.805,1,0.086153,0.048204,3.4375
119.4202,0.06215,2713.22,0.128906,174.662,1,0.134288,0.062452,-3.3647
119.4434,0.047771,2739.66,0.157715,173.294,0,,,
119.4667,0.031224,3355.3,0.151367,175.597,0,,,
119.4899,0.031352,3078.26,0.148926,180.613,0,,,
119.5131,0.037895,2750.64,0.168945,177.47,0,,,
119.5363,0.038508,2977.64,0.111816,174.727,0,,,
119.5595,0.033008,2676.76,0.116211,173.691,0,,,
119.5828,0.306427,1257.38,0.094238,173.243,1,,,-3.9829
119.606,0.4639,740.44,0.055664,172.052,1,0.006899,0.408847,-8.3184
119.6292,0.490398,758.08,0.050781,124.416,1,0.321358,0.055534,0.6503
119.6524,0.504112,1066.66,0.02002,64.853,0,,,
119.6756,0.40642,1569.54,0.018066,64.853,0,,,
119.6989,0.212684,1679.35,0.035645,64.853,0,,,
119.7221,0.144361,2208.56,0.041504,408.333,0,,,
119.7453,0.08797,2466.24,0.061523,369.585,1,,,2.1796
119.7685,0.060344,2275.19,0.064453,174.309,1,,,3.7219
119.7917,0.042759,1959.71,0.056152,174.76,0,,,
119.815,0.028767,1627.05,0.078125,174.094,0,,,
119.8382,0.021611,2911.89,0.101562,172.671,0,,,
119.8614,0.022639,3305.24,0.126465,176.036,0,,,
119.8846,0.024774,2946.39,0.130859,192.903,0,,,
119.9078,0.037381,2791.16,0.131836,177.019,0,,,
119.9311,0.053728,2818.14,0.119629,170.328,1,,,-6.7157
119.9543,0.058336,2801.64,0.135742,197.65,1,0.1485,0.082238,-4.6305
119.9775,0.063107,2745.45,0.177246,70.388,1,0.949587,0.07857,-4.1373
120.0007,0.059425,2991.76,0.171875,70.221,1,0.002364,0.0601,2.549
120.0239,0.04397,3192.71,0.154297,174.569,0,,,
120.0472,0.034302,2520.15,0.149902,170.126,0,,,
120.0704,0.340111,1054.71,0.100586,173.341,1,,,-2.6464
120.0936,0.455196,731.13,0.075195,177.305,1,0.022607,0.289409,-8.6365
120.1168,0.47758,792.03,0.064453,118.458,1,0.397935,0.047994,2.3386
120.14,0.489804,1166.88,0.031738,64.853,0,,,
120.1633,0.359239,1854.41,0.032227,64.853,0,,,
120.1865,0.196769,2591.96,0.040527,64.853,0,,,
120.2097,0.136867,2440.82,0.046875,173.191,1,,,1.1705
120.2329,0.085165,2266.34,0.045898,232.499,1,0.292376,0.465716,2.9807
120.2561,0.054338,2102.69,0.049805,174.709,1,0.283834,0.441966,0.4843
120.2794,0.037894,1731.69,0.063965,175.804,0,,,
120.3026,0.02382,3107.19,0.125,177.124,0,,,
120.3258,0.027011,3555.82,0.188965,303.421,0,,,
120.349,0.03198,3431.4,0.216797,330.212,0,,,
120.3722,0.032775,3402.6,0.203125,118.732,0,,,
120.3955,0.031368,3025.44,0.155762,92.83,0,,,
120.4187,0.037888,2791.99,0.139648,184.253,0,,,
120.4419,0.056651,3173.31,0.128906,175.129,1,,,-4.219
120.4651,0.071292,2957.48,0.14209,187.07,1,0.065938,0.228878,-0.2011
120.4883,0.074041,2652.71,0.134277,177.614,1,0.05186,0.037828,3.4722
120.5116,0.067428,2729.11,0.095215,174.401,1,0.018252,0.093491,0.4184
120.5348,0.04926,2662.83,0.094238,173.532,0,,,
120.558,0.02465,2674.01,0.112793,174.119,0,,,
120.5812,0.024704,3200.69,0.129395,173.662,0,,,
120.6044,0.034234,3041.57,0.154297,143.058,0,,,
120.6277,0.04184,3015.67,0.15332,184.02,0,,,
120.6509,0.04769,3166.28,0.136719,86.211,0,,,
120.6741,0.053001,2947.28,0.130371,86.266,1,,,5.978
120.6973,0.05607,2765.76,0.126953,86.682,1,0.004813,0.056283,5.2841
120.7205,0.055319,3055.87,0.121094,174.979,1,0.674895,0.013484,3.78
120.7438,0.049522,3039.7,0.10791,88.023,0,,,
120.767,0.039128,2572.86,0.141113,176.713,0,,,
120.7902,0.04141,3167.81,0.154297,175.985,0,,,
120.8134,0.062201,3192.88,0.15918,184.255,1,,,-2.0082
120.8366,0.072976,2837.99,0.185547,132.753,1,0.324925,0.159418,2.096
120.8599,0.073258,2650.58,0.150879,174.148,1,0.26976,0.003859,2.7099
120.8831,0.065282,2831.46,0.144043,174.392,1,0.0014,0.115152,-0.0538
120.9063,0.041957,2915.51,0.179688,175.035,0,,,
120.9295,0.02949,3150.26,0.165527,172.46,0,,,
120.9527,0.035677,2637.75,0.168457,355.625,0,,,
120.976,0.039075,2494.19,0.154297,86.711,0,,,
120.9992,0.03756,2842.69,0.107422,86.915,0,,,
121.0224,0.029337,2729.12,0.106934,174.898,0,,,
121.0456,0.039291,2759.98,0.129395,173.411,0,,,
121.0688,0.068364,3026.51,0.124023,178.344,1,,,-2.7571
121.0921,0.083665,2850.43,0.130371,408.333,0,,,
121.1153,0.089738,2577.46,0.188965,174.491,1,,,1.7376
121.1385,0.08842,3186.05,0.171387,173.283,1,0.00695,0.014796,1.328
121.1617,0.073156,3758.82,0.181641,170.751,1,0.014716,0.188934,1.2055
121.1849,0.058953,3184.75,0.181152,171.633,1,0.005151,0.215012,-0.525
121.2082,0.05068,2667.16,0.109863,85.99,1,0.664875,0.150923,-0.2668
121.2314,0.040983,2471.53,0.092285,86.684,0,,,
121.2546,0.031976,2413.52,0.122559,87.071,0,,,
121.2778,0.042753,3243.85,0.150391,173.546,0,,,
121.301,0.059004,3090.74,0.167969,169.706,1,,,-2.9731
121.3243,0.069433,2866.91,0.199219,190.758,1,0.116808,0.162385,2.3695
121.3475,0.069482,2892.7,0.155273,174.974,1,0.086316,0.000703,1.5106
121.3707,0.059954,3138.44,0.154785,174.302,1,0.003851,0.14722,3.7833
121.3939,0.046235,3441.25,0.169434,174.84,0,,,
121.4171,0.038329,3064.56,0.175781,174.212,0,,,
121.4404,0.039929,3021.05,0.189453,174.874,0,,,
121.4636,0.040116,3325.69,0.15918,174.117,0,,,
121.4868,0.034525,3083.97,0.147949,173.423,0,,,
121.51,0.028903,2372.43,0.161133,173.64,0,,,
121.5332,0.04587,3422.11,0.173828,173.855,0,,,
121.5565,0.06346,3102.25,0.185547,174.617,1,,,-2.3173
121.5797,0.072104,2712.81,0.183105,205.086,1,0.160493,0.127527,2.8879
121.6029,0.074565,2715.27,0.154297,175.578,1,0.155037,0.033549,2.4606
121.6261,0.067381,2947.01,0.140137,173.113,1,0.014137,0.101212,4.6136
121.6493,0.053978,3053.38,0.126465,173.445,1,0.001917,0.220891,4.8472
121.6726,0.042839,2690.61,0.107422,173.077,0,,,
121.6958,0.033749,2270.83,0.119141,172.465,0,,,
121.719,0.022458,2696.29,0.114258,173.283,0,,,
121.7422,0.014918,4041.68,0.161133,177.102,0,,,
121.7654,0.021641,4034.11,0.199219,174.851,0,,,
121.7887,0.029111,3399.62,0.207031,333.887,0,,,
121.8119,0.029741,3395.89,0.210938,66.852,0,,,
121.8351,0.028493,3352.77,0.183594,66.852,0,,,
121.8583,0.024706,3132.75,0.19043,87.645,0,,,
121.8815,0.043408,3496.51,0.175781,86.195,0,,,
121.9048,0.060813,2810.6,0.169922,357.383,1,,,-3.7691
121.928,0.076314,2525.68,0.155273,240.129,1,0.392475,0.226081,-4.6071
121.9512,0.076381,2118.85,0.128418,122.182,1,0.651083,0.000877,-2.4293
121.9744,0.06462,2052.87,0.123535,147.853,1,0.190135,0.166823,-7.5206
121.9976,0.055766,2381.99,0.153809,164.387,1,0.105902,0.147102,-7.2882
122.0209,0.054344,2958.89,0.166016,171.386,1,0.041689,0.025834,-7.0373
122.0441,0.081084,2674.55,0.157715,99.26,1,0.532992,0.394904,0.2477
122.0673,0.093629,2361.31,0.151855,323.13,1,1.060016,0.14361,3.1654
122.0905,0.09409,2570.24,0.166016,175.858,1,0.590284,0.004904,2.3723
122.1137,0.086101,3388.06,0.152832,173.127,1,0.015648,0.088668,2.2381
122.137,0.061753,3705.36,0.163086,171.948,1,0.006833,0.329357,1.2891
122.1602,0.040364,2845.24,0.158203,86.936,0,,,
122.1834,0.027356,2412.54,0.114746,86.862,0,,,
122.2066,0.015597,2497.56,0.14209,86.355,0,,,
122.2298,0.016587,3899.21,0.151855,182.212,0,,,
122.2531,0.028918,3420.73,0.161621,141.544,0,,,
122.2763,0.032438,2849.19,0.158203,408.333,0,,,
122.2995,0.032594,2700.13,0.121582,98.368,0,,,
122.3227,0.029453,2460.2,0.11377,98.371,0,,,
122.3459,0.027534,3049.95,0.148438,86.274,0,,,
122.3692,0.050127,3440.97,0.163574,179.799,1,,,-7.2908
122.3924,0.069786,2953.39,0.184082,147.34,1,0.19844,0.327883,-0.9137
122.4156,0.075149,2607.79,0.176758,177.762,1,0.187153,0.074011,3.2403
122.4388,0.072124,2654.62,0.122559,174.291,1,0.019724,0.041085,-0.9445
122.462,0.056848,2833.27,0.111816,173.43,1,0.004951,0.236888,-0.1757
122.4853,0.030558,2705.67,0.119629,175.313,0,,,
122.5085,0.030278,3076.18,0.129395,173.036,0,,,
122.5317,0.04084,2722.27,0.156738,325.429,0,,,
122.5549,0.050015,2782.33,0.157227,183.851,1,,,3.5852
122.5781,0.056136,2809.34,0.135742,180.651,1,0.017558,0.115326,5.9478
122.6014,0.054932,2675.09,0.121094,173.0,1,0.043269,0.021693,6.5423
122.6246,0.051886,2861.57,0.098633,172.99,1,5.8e-05,0.057034,5.7866
122.6478,0.04376,2981.4,0.088867,173.345,0,,,
122.671,0.034052,2796.92,0.097168,173.369,0,,,
122.6942,0.024271,2235.43,0.124512,172.642,0,,,
122.7175,0.03366,3658.59,0.166016,172.943,0,,,
122.7407,0.061646,3356.59,0.179688,334.393,1,,,-3.6017
122.7639,0.078777,2953.77,0.172363,180.566,1,0.597432,0.24398,1.7865
122.7871,0.079465,2544.6,0.146973,175.024,1,0.031174,0.008703,3.5425
122.8103,0.073211,2593.38,0.122559,174.195,1,0.004747,0.081934,-2.1607
122.8336,0.053854,2840.67,0.130371,173.284,1,0.005243,0.30468,-5.8816
122.8568,0.028964,3038.52,0.136719,170.413,0,,,
122.88,0.030699,2836.3,0.134277,99.495,0,,,
122.9032,0.030961,2695.19,0.111328,176.893,0,,,
122.9264,0.026379,2476.83,0.098145,174.72,0,,,
122.9497,0.018952,2130.54,0.099121,170.099,0,,,
122.9729,0.033904,3218.81,0.125488,172.356,0,,,
122.9961,0.067329,3011.25,0.151855,173.601,1,,,-5.292
123.0193,0.08798,2737.6,0.146484,117.829,1,0.382749,0.265939,0.1785
123.0425,0.09761,2437.06,0.183105,91.827,1,0.248039,0.103781,2.6193
123.0658,0.095084,2751.39,0.180664,177.452,1,0.635956,0.026217,1.5612
123.089,0.077717,3396.47,0.181152,171.566,1,0.033728,0.201009,-2.1527
123.1122,0.055294,3020.12,0.191895,171.778,1,0.001232,0.337157,-2.9861
123.1354,0.036389,2587.47,0.162598,171.18,0,,,
123.1586,0.027304,2577.18,0.143066,77.982,0,,,
123.1819,0.01793,2783.13,0.134766,78.527,0,,,
123.2051,0.029628,2616.42,0.143555,118.571,0,,,
123.2283,0.05336,2824.79,0.131348,171.51,1,,,-3.491
123.2515,0.067187,2702.63,0.144043,174.956,1,0.019893,0.229405,0.8685
123.2747,0.068497,2577.01,0.174316,175.204,1,0.001417,0.019307,1.1652
123.298,0.062973,2868.47,0.196777,174.627,1,0.003303,0.084026,-3.7117
123.3212,0.044433,3214.27,0.223633,174.524,0,,,
123.3444,0.017795,3291.75,0.223633,118.456,0,,,
123.3676,0.011769,3183.85,0.186035,118.511,0,,,
123.3908,0.009116,2719.36,0.147949,78.871,0,,,
123.4141,0.006774,2050.44,0.118164,175.875,0,,,
123.4373,0.006218,1791.86,0.100586,176.697,0,,,
123.4605,0.031284,2677.78,0.120605,175.601,0,,,
123.4837,0.056514,2939.73,0.118652,353.477,1,,,-2.6931
123.5069,0.06651,2702.58,0.14209,201.314,1,0.548545,0.162502,1.5365
123.5302,0.066528,2554.94,0.150391,175.102,1,0.139267,0.000275,1.9
123.5534,0.059078,2846.19,0.13916,174.461,1,0.003668,0.118624,-0.7677
123.5766,0.035777,3008.07,0.138672,174.647,0,,,
123.5998,0.006806,2226.88,0.117188,171.999,0,,,
123.623,0.005856,1950.97,0.123535,174.02,0,,,
123.6463,0.004834,2089.09,0.130859,177.905,0,,,
123.6695,0.003906,2372.79,0.144531,179.693,0,,,
123.6927,0.01923,2515.72,0.154297,174.993,0,,,
123.7159,0.025907,2531.49,0.160156,408.333,0,,,
123.7391,0.033678,2548.2,0.174805,396.42,0,,,
123.7624,0.037424,2984.71,0.183105,182.82,0,,,
123.7856,0.049885,3052.17,0.188477,174.964,0,,,
123.8088,0.064183,2819.21,0.180176,175.115,1,,,-6.7716
123.832,0.063049,2696.53,0.18457,174.566,1,0.003141,0.017825,-3.8492
123.8552,0.063314,2598.57,0.19873,70.21,1,0.852667,0.004189,3.3444
123.8785,0.053041,2785.19,0.183105,70.167,1,0.000615,0.176583,1.3501
123.9017,0.033562,2451.48,0.156738,173.053,0,,,
123.9249,0.054816,2084.53,0.124023,172.352,1,,,-12.0974
123.9481,0.401493,976.6,0.069336,155.479,1,0.102937,1.519482,-3.0842
123.9713,0.488817,728.16,0.046387,229.935,1,0.386366,0.196166,-5.7253
123.9946,0.503024,747.64,0.042969,103.194,1,0.760914,0.028646,4.3967
124.0178,0.511721,1105.98,0.023926,64.853,0,,,
124.041,0.335218,1861.95,0.025879,64.853,0,,,
124.0642,0.217608,1994.63,0.023926,64.853,0,,,
124.0874,0.241555,827.13,0.018555,64.853,0,,,
124.1107,0.266519,401.37,0.007812,173.078,1,,,4.4078
124.1339,0.302595,259.44,0.002441,64.853,0,,,
124.1571,0.3408,215.37,0.002441,64.853,0,,,
124.1803,0.346499,240.08,0.00293,64.853,0,,,
124.2035,0.364776,522.97,0.004395,64.853,0,,,
124.2268,0.382976,991.15,0.004395,64.853,0,,,
124.25,0.376072,1151.02,0.004883,64.853,0,,,
124.2732,0.391302,887.62,0.004395,64.853,0,,,
124.2964,0.402627,623.28,0.002441,64.853,0,,,
124.3196,0.396097,1454.16,0.00293,64.853,0,,,
124.3429,0.41084,1715.73,0.002441,64.853,0,,,
124.3661,0.411393,1558.96,0.00293,64.853,0,,,
124.3893,0.403475,1296.21,0.00293,408.333,0,,,
124.4125,0.411163,620.62,0.002441,64.853,0,,,
124.4357,0.406377,247.53,0.00293,64.853,0,,,
124.459,0.408135,563.31,0.002441,64.853,0,,,
124.4822,0.416077,885.55,0.002441,64.853,0,,,
124.5054,0.407186,932.87,0.00293,64.853,0,,,
124.5286,0.399123,890.26,0.002441,64.853,0,,,
124.5518,0.374451,685.39,0.002441,64.853,0,,,
124.5751,0.328535,593.93,0.004883,64.853,0,,,
124.5983,0.28462,701.45,0.004395,64.853,0,,,
124.6215,0.229271,841.64,0.005371,64.853,0,,,
124.6447,0.177839,756.12,0.011719,216.449,1,,,1.2637
124.6679,0.146973,1632.28,0.038574,189.963,1,0.130341,0.190051,-0.1664
124.6912,0.121348,2417.48,0.067871,179.031,1,0.059252,0.191002,-0.0854
124.7144,0.103266,2351.44,0.082031,202.23,1,0.121695,0.161007,2.5117
124.7376,0.090308,2365.28,0.075684,174.337,1,0.148143,0.133885,0.3879
124.7608,0.068916,2424.52,0.049805,173.623,1,0.004104,0.268695,2.9116
124.784,0.042453,1794.95,0.055664,175.176,0,,,
124.8073,0.029847,2798.43,0.065918,234.391,0,,,
124.8305,0.03278,2568.1,0.09375,397.607,0,,,
124.8537,0.037973,2322.79,0.129883,182.352,0,,,
124.8769,0.039348,2763.27,0.132812,176.536,0,,,
124.9001,0.042501,3378.25,0.172852,173.306,0,,,
124.9234,0.054895,3509.7,0.182617,172.38,1,,,-7.1132
124.9466,0.077314,3019.62,0.172852,168.638,1,0.02195,0.33914,-2.1202
124.9698,0.091141,2570.58,0.169434,304.181,1,0.573343,0.164169,0.2236
124.993,0.093038,2503.94,0.169922,85.968,1,1.118613,0.020602,-0.2228
125.0162,0.086513,3115.13,0.168457,181.864,1,0.716089,0.072684,2.3763
125.0395,0.068386,3334.56,0.16748,180.295,1,0.008664,0.234048,6.8008
125.0627,0.050393,2837.59,0.155273,174.396,1,0.033264,0.302971,1.2828
125.0859,0.043269,2475.58,0.123535,172.122,0,,,
125.1091,0.039399,2156.38,0.111328,86.06,0,,,
125.1323,0.036926,2086.69,0.129883,316.815,0,,,
125.1556,0.049881,2730.5,0.143555,318.995,0,,,
125.1788,0.063022,2826.35,0.142578,167.04,1,,,-0.2367
125.202,0.064532,2570.09,0.169434,199.722,1,0.178217,0.023667,3.3665
125.2252,0.061492,2679.39,0.174805,174.249,1,0.136229,0.048245,-8.517
125.2484,0.047573,2868.35,0.191406,172.831,0,,,
125.2717,0.021781,2852.49,0.193848,175.584,0,,,
125.2949,0.011148,2702.0,0.166504,118.488,0,,,
125.3181,0.011073,2284.95,0.149414,118.582,0,,,
125.3413,0.010334,2183.32,0.127441,173.57,0,,,
125.3645,0.009688,2172.31,0.11377,183.098,0,,,
125.3878,0.024399,2374.59,0.140137,182.51,0,,,
125.411,0.049251,2949.33,0.144043,177.269,0,,,
125.4342,0.065607,2798.5,0.143555,186.446,1,,,-1.2748
125.4574,0.069094,2544.94,0.159668,121.453,1,0.422172,0.051774,-0.8119
125.4806,0.067514,2665.56,0.133301,173.891,1,0.355096,0.023133,-0.2208
125.5039,0.055465,2582.79,0.120605,173.587,1,0.00175,0.19594,1.1567
125.5271,0.039421,2121.17,0.133301,104.51,0,,,
125.5503,0.036775,2243.9,0.116211,104.52,0,,,
125.5735,0.034601,2149.04,0.105957,103.669,0,,,
125.5967,0.030312,1640.63,0.095703,103.01,0,,,
125.62,0.029318,2210.29,0.083984,102.644,0,,,
125.6432,0.030965,2804.35,0.095703,103.701,0,,,
125.6664,0.037624,2617.42,0.100586,118.179,0,,,
125.6896,0.045676,2153.99,0.109375,118.537,0,,,
125.7128,0.04695,1937.33,0.109375,118.443,0,,,
125.7361,0.048662,2134.13,0.092773,136.398,0,,,
125.7593,0.055984,2047.22,0.101074,159.753,1,,,-1.535
125.7825,0.069692,1907.28,0.092773,161.819,1,0.012849,0.218152,-5.192
125.8057,0.08255,1909.02,0.085938,163.65,1,0.011252,0.168912,-4.1364
125.8289,0.081603,1867.22,0.079102,148.853,1,0.0947,0.011545,-0.6537
125.8522,0.074404,1985.62,0.05957,164.592,1,0.100429,0.092283,7.3108
125.8754,0.065283,2111.56,0.085449,165.32,1,0.004408,0.130595,-2.5121
125.8986,0.065969,2881.03,0.104492,174.071,1,0.051574,0.010453,-5.6265
125.9218,0.086519,2719.63,0.111328,172.067,1,0.011579,0.269532,0.9935
125.945,0.095636,2353.07,0.155762,175.319,1,0.018722,0.100103,3.4894
125.9683,0.090967,2538.9,0.135742,172.681,1,0.015162,0.050044,-2.6642
125.9915,0.078867,3070.82,0.123047,170.951,1,0.010069,0.142496,-1.6619
126.0147,0.055531,2724.41,0.123535,157.62,1,0.081146,0.34727,0.9277
126.0379,0.035257,2031.89,0.091797,311.981,0,,,
126.0611,0.030493,1855.36,0.110352,102.285,0,,,
126.0844,0.024226,2429.83,0.126953,101.305,0,,,
126.1076,0.014951,2910.35,0.13623,324.483,0,,,
126.1308,0.012964,2626.74,0.136719,137.908,0,,,
126.154,0.014374,1993.79,0.120605,143.383,0,,,
126.1772,0.013926,2108.03,0.133301,118.49,0,,,
126.2005,0.015353,2594.87,0.152832,118.311,0,,,
126.2237,0.027808,3025.76,0.175293,118.51,0,,,
126.2469,0.048959,2926.39,0.180664,118.664,0,,,
126.2701,0.064293,2826.49,0.157227,169.017,1,,,-0.0522
126.2933,0.065943,2561.28,0.15625,201.742,1,0.176532,0.02533,3.5501
126.3166,0.061583,2746.16,0.133301,174.254,1,0.146216,0.068367,-8.2285
126.3398,0.045896,2942.99,0.137695,172.713,0,,,
126.363,0.156265,1781.21,0.118164,174.76,1,,,-3.6807
126.3862,0.270504,964.41,0.074707,327.418,1,0.607984,0.535369,-3.8378
126.4094,0.342505,839.2,0.058594,130.084,1,0.862656,0.234907,-0.9397
126.4327,0.403889,889.27,0.021973,75.022,1,0.536913,0.164484,2.9061
126.4559,0.423953,878.09,0.008301,64.853,0,,,
126.4791,0.413047,1035.39,0.011719,64.853,0,,,
126.5023,0.408808,988.5,0.008789,64.853,0,,,
126.5255,0.409366,489.77,0.008789,64.853,0,,,
126.5488,0.406423,237.45,0.006836,64.853,0,,,
126.572,0.419537,301.73,0.002441,64.853,0,,,
126.5952,0.426368,526.87,0.002441,64.853,0,,,
126.6184,0.422691,1360.79,0.00293,64.853,0,,,
126.6416,0.441018,1589.39,0.002441,64.853,0,,,
126.6649,0.434662,1547.22,0.00293,64.853,0,,,
126.6881,0.430546,1565.15,0.003906,408.333,0,,,
126.7113,0.443275,1337.25,0.003418,64.853,0,,,
126.7345,0.429025,1443.17,0.003906,64.853,0,,,
126.7577,0.427992,1369.1,0.003418,64.853,0,,,
126.781,0.441518,1139.17,0.002441,64.853,0,,,
126.8042,0.424195,1307.59,0.005859,64.853,0,,,
126.8274,0.431438,1773.03,0.006348,64.853,0,,,
126.8506,0.552497,1835.86,0.008301,64.853,0,,,
126.8738,0.56164,1138.93,0.011719,64.853,0,,,
126.8971,0.559076,875.45,0.010254,130.062,1,,,2.974
126.9203,0.543415,1188.99,0.015137,65.543,0,,,
126.9435,0.398032,1666.65,0.016602,67.706,0,,,
126.9667,0.355359,1633.49,0.018555,64.853,0,,,
126.9899,0.336491,1018.57,0.017578,64.853,0,,,
127.0132,0.336938,1059.46,0.012695,64.853,0,,,
127.0364,0.316017,1277.52,0.009766,64.853,0,,,
127.0596,0.283073,1197.72,0.004395,64.853,0,,,
127.0828,0.250087,1083.36,0.027832,64.853,0,,,
127.106,0.192893,2224.58,0.042969,64.853,0,,,
127.1293,0.163413,2573.52,0.058594,408.333,0,,,
127.1525,0.121342,2394.15,0.064453,408.333,0,,,
127.1757,0.098336,2348.53,0.056152,395.388,0,,,
127.1989,0.065852,2254.42,0.073242,408.333,0,,,
127.2221,0.046831,2534.6,0.065918,408.333,0,,,
127.2454,0.036046,2456.95,0.077148,408.333,0,,,
127.2686,0.024902,2279.3,0.077148,408.333,0,,,
127.2918,0.01905,2432.73,0.081543,408.333,0,,,
127.315,0.142301,2816.36,0.101074,408.333,0,,,
127.3382,0.405865,849.05,0.089355,381.766,0,,,
127.3615,0.47693,792.88,0.078613,157.252,1,,,-4.5253
127.3847,0.491964,954.21,0.051758,64.853,0,,,
127.4079,0.478683,1384.67,0.02832,64.853,0,,,
127.4311,0.297341,1670.88,0.033691,64.853,0,,,
127.4543,0.166933,1832.88,0.047852,408.333,0,,,
127.4776,0.121191,2015.81,0.072754,408.333,0,,,
127.5008,0.093046,2492.04,0.098145,175.224,1,,,3.8027
127.524,0.085251,2918.08,0.115234,174.165,1,0.006061,0.087438,2.3296
127.5472,0.078807,2788.25,0.129883,173.779,1,0.002222,0.078564,-2.8783
127.5704,0.073663,2632.36,0.144531,173.388,1,0.002253,0.067475,-2.1482
127.5937,0.067742,2968.88,0.13623,172.913,1,0.002744,0.083738,-6.4468
127.6169,0.052823,2769.16,0.127441,150.543,1,0.138314,0.247485,-2.6988
127.6401,0.055289,2051.76,0.117676,152.68,1,0.014092,0.045617,-6.2587
127.6633,0.076724,2367.37,0.101562,118.47,1,0.252329,0.324733,-4.3692
127.6865,0.087009,2572.33,0.102051,118.319,1,0.001276,0.125638,-5.5031
127.7098,0.086543,2324.75,0.100586,235.373,1,0.661898,0.005371,0.2256
127.733,0.080596,2160.6,0.109375,340.292,1,0.364513,0.071163,5.6058
127.7562,0.059317,2487.23,0.113281,177.702,1,0.62777,0.304181,4.6942
127.7794,0.045396,2729.57,0.110352,175.911,0,,,
127.8026,0.214532,2244.52,0.101074,176.072,1,,,-10.5698
127.8259,0.429577,858.76,0.067871,176.195,1,0.000694,0.667727,-4.3168
127.8491,0.485604,802.9,0.034668,128.599,1,0.312316,0.122438,-2.3971
127.8723,0.507062,937.76,0.016113,102.298,1,0.227813,0.043234,3.0977
127.8955,0.495985,1295.42,0.009277,69.651,0,,,
127.9187,0.35212,1711.57,0.01123,64.853,0,,,
127.942,0.315427,1524.21,0.008789,64.853,0,,,
127.9652,0.317263,1134.41,0.009277,64.853,0,,,
127.9884,0.314164,1206.48,0.008789,64.853,0,,,
128.0116,0.339238,1743.83,0.006348,64.853,0,,,
128.0348,0.342031,1925.16,0.006836,64.853,0,,,
128.058,0.365953,1881.64,0.005371,64.853,0,,,
128.0813,0.372288,1185.2,0.004395,64.853,0,,,
128.1045,0.374338,865.84,0.003906,64.853,0,,,
128.1277,0.394388,1000.62,0.002441,64.853,0,,,
128.1509,0.389474,829.97,0.004883,64.853,0,,,
128.1741,0.39359,911.61,0.004883,64.853,0,,,
128.1974,0.409114,1602.02,0.005371,64.853,0,,,
128.2206,0.399507,1603.52,0.005859,64.853,0,,,
128.2438,0.404267,1469.16,0.003418,408.333,0,,,
128.267,0.41322,1083.35,0.003418,64.853,0,,,
128.2902,0.398426,330.93,0.00293,64.853,0,,,
128.3135,0.404861,560.07,0.002441,64.853,0,,,
128.3367,0.413807,1017.31,0.002441,64.853,0,,,
128.3599,0.402508,991.77,0.00293,64.853,0,,,
128.3831,0.407464,983.47,0.006348,64.853,0,,,
128.4063,0.394224,941.04,0.006348,64.853,0,,,
128.4296,0.354967,906.06,0.006836,64.853,0,,,
128.4528,0.320581,934.79,0.006348,64.853,0,,,
128.476,0.266518,1377.97,0.009766,64.853,0,,,
128.4992,0.208076,2408.16,0.010742,64.853,0,,,
128.5224,0.168664,2835.05,0.024902,64.853,0,,,
128.5457,0.130707,2667.88,0.049316,64.853,0,,,
128.5689,0.11086,2737.56,0.068848,408.333,0,,,
128.5921,0.099045,2497.37,0.093262,408.333,0,,,
128.6153,0.087008,2350.74,0.099121,393.269,0,,,
128.6385,0.073696,2093.75,0.103027,174.975,1,,,-2.2384
128.6618,0.057478,1988.58,0.108398,160.809,1,0.084376,0.247271,4.3729
128.685,0.053039,2574.2,0.106445,177.2,1,0.096989,0.080336,6.0608
128.7082,0.052757,2610.64,0.107422,176.775,1,0.002401,0.005324,7.1378
128.7314,0.05215,2200.13,0.095215,174.966,1,0.010288,0.011575,7.4308
128.7546,0.050055,2195.06,0.084961,173.738,1,0.007042,0.040993,4.4067
128.7779,0.052619,2077.06,0.092285,172.408,1,0.007685,0.049937,-3.2623
128.8011,0.063172,2609.16,0.103027,169.324,1,0.018047,0.182271,-5.9794
128.8243,0.080507,2714.17,0.101074,168.509,1,0.004829,0.241302,0.9326
128.8475,0.088691,2351.73,0.132324,177.201,1,0.050289,0.096749,3.6712
128.8707,0.086795,2781.85,0.178223,174.244,1,0.016828,0.021614,-1.341
128.894,0.075751,3630.35,0.198242,171.284,1,0.017136,0.135888,-6.2534
128.9172,0.052034,3827.34,0.238281,169.685,1,0.009378,0.371207,-6.1673
128.9404,0.030444,3256.42,0.233398,91.766,0,,,
128.9636,0.019802,3190.9,0.183105,70.648,0,,,
128.9868,0.01597,2768.08,0.149414,172.273,0,,,
129.0101,0.029364,2182.78,0.133301,80.416,0,,,
129.0333,0.053282,2814.09,0.114746,164.254,1,,,-4.6685
129.0565,0.068201,2815.01,0.134277,186.402,1,0.126322,0.245627,-0.1024
129.0797,0.069836,2636.15,0.141602,175.296,1,0.061414,0.02369,-0.2975
129.1029,0.065635,2693.22,0.11377,174.029,1,0.007251,0.062025,-2.4587
129.1262,0.048626,2369.64,0.111816,172.495,0,,,
129.1494,0.028768,2522.61,0.123047,95.012,0,,,
129.1726,0.031642,3084.85,0.124023,103.752,0,,,
129.1958,0.034591,2770.31,0.129395,118.678,0,,,
129.219,0.035194,2193.44,0.12207,118.619,0,,,
129.2423,0.030672,1679.71,0.087402,118.666,0,,,
129.2655,0.03655,2256.22,0.109863,107.29,0,,,
129.2887,0.053188,2981.32,0.122559,112.563,1,,,-3.5965
129.3119,0.064721,2835.0,0.143555,180.452,1,0.463385,0.195633,-0.1966
129.3351,0.066925,2639.41,0.146973,173.948,1,0.036709,0.033475,-2.3197
129.3584,0.063935,2757.89,0.119141,173.712,1,0.001355,0.045691,-2.1345
129.3816,0.05245,2561.28,0.110352,173.892,1,0.001038,0.197362,-0.9382
129.4048,0.041138,2074.29,0.091309,113.983,0,,,
129.428,0.044976,2078.51,0.081055,104.516,0,,,
129.4512,0.044033,1983.95,0.069824,104.904,0,,,
129.4745,0.040358,1559.52,0.062988,117.433,0,,,
129.4977,0.038146,1473.71,0.063477,116.877,0,,,
129.5209,0.033527,1812.61,0.065918,115.569,0,,,
129.5441,0.03584,1979.45,0.076172,101.401,0,,,
129.5673,0.040045,1912.61,0.091309,101.328,0,,,
129.5906,0.042993,2096.37,0.103516,366.292,0,,,
129.6138,0.051316,2568.08,0.110352,368.229,1,,,0.4609
129.637,0.06761,2615.48,0.113281,167.043,1,0.751715,0.27402,-1.6634
129.6602,0.081566,2092.18,0.109863,175.763,1,0.050876,0.18711,-4.2372
129.6834,0.090609,1896.14,0.095215,175.447,1,0.001803,0.105053,-3.4079
129.7067,0.089673,1929.06,0.078125,172.398,1,0.017531,0.010393,0.4343
129.7299,0.08011,2133.29,0.068359,169.253,1,0.018407,0.112648,8.2641
129.7531,0.073743,2282.06,0.088379,87.73,1,0.634461,0.082759,-0.3376
129.7763,0.082731,2736.21,0.103516,175.447,1,0.666596,0.114881,-1.8241
129.7995,0.094979,2626.81,0.115723,174.724,1,0.004127,0.137836,1.7133
129.8228,0.100942,2421.42,0.162598,174.847,1,0.000703,0.060875,2.2765
129.846,0.095679,2891.65,0.166504,173.738,1,0.006362,0.053532,-1.8412
129.8692,0.080014,3434.92,0.159668,168.724,1,0.029283,0.178321,-3.3573
129.8924,0.05976,2929.94,0.160645,150.734,1,0.112627,0.289812,-0.8223
129.9156,0.042317,2342.05,0.133301,120.743,0,,,
129.9389,0.042811,2596.4,0.164551,118.906,0,,,
129.9621,0.04699,3649.9,0.229492,110.204,0,,,
129.9853,0.050145,4154.87,0.285645,110.262,1,,,-3.8975
130.0085,0.050307,4109.96,0.311035,137.656,1,,,-3.4346
130.0317,0.044759,3597.46,0.263184,137.876,0,,,
130.055,0.031716,2861.3,0.1875,118.392,0,,,
130.0782,0.021512,2119.25,0.125488,118.581,0,,,
130.1014,0.037252,2181.4,0.114746,118.424,0,,,
130.1246,0.0629,2771.53,0.101562,120.064,1,,,-2.5833
130.1478,0.074983,2614.75,0.121094,180.503,1,0.402165,0.175269,-0.1096
130.1711,0.07573,2447.18,0.123535,175.233,1,0.029628,0.009915,-1.264
130.1943,0.068194,2523.66,0.089844,174.109,1,0.006431,0.104722,-1.7926
130.2175,0.044949,2450.69,0.092773,173.537,0,,,
130.2407,0.017323,1764.36,0.115723,115.007,0,,,
130.2639,0.020426,2788.57,0.131348,99.562,0,,,
130.2872,0.026724,2984.3,0.137695,86.166,0,,,
130.3104,0.033095,2627.17,0.136719,341.966,0,,,
130.3336,0.043136,2129.22,0.106445,249.937,0,,,
130.3568,0.046144,1956.26,0.093262,165.345,0,,,
130.38,0.044639,1916.34,0.088867,117.37,0,,,
130.4033,0.041384,1903.23,0.102051,117.389,0,,,
130.4265,0.032062,2998.59,0.147461,117.454,0,,,
130.4497,0.025754,4113.38,0.21875,117.049,0,,,
130.4729,0.042778,3940.13,0.248535,118.047,0,,,
130.4961,0.062254,3261.26,0.245117,128.692,1,,,-2.1529
130.5194,0.070777,2906.24,0.207031,199.11,1,0.429635,0.128143,0.3923
130.5426,0.074745,2699.01,0.13916,174.643,1,0.130928,0.054538,-7.1706
130.5658,0.070474,2535.21,0.114258,174.154,1,0.002805,0.058823,-2.7302
130.589,0.061005,1954.11,0.105957,118.037,1,0.384111,0.144046,-1.2003
130.6122,0.057948,1913.43,0.09375,162.493,1,0.316943,0.051388,5.4515
130.6355,0.058932,2422.14,0.09082,175.033,1,0.074305,0.016831,6.7874
130.6587,0.059505,2532.64,0.092773,176.96,1,0.010948,0.009673,7.3067
130.6819,0.057095,2331.7,0.09668,175.039,1,0.01091,0.041337,7.6488
130.7051,0.055595,2340.21,0.099121,173.767,1,0.007296,0.026621,1.1798
130.7283,0.062384,2513.2,0.115723,172.986,1,0.004505,0.115096,-7.598
130.7516,0.079602,2646.93,0.113281,170.702,1,0.01329,0.242532,-0.928
130.7748,0.089752,2421.47,0.119141,238.962,1,0.333247,0.119866,3.3909
130.798,0.08893,2353.19,0.151367,175.006,1,0.308988,0.00921,1.769
130.8212,0.081384,3110.52,0.133789,172.662,1,0.013484,0.088606,-2.1889
130.8444,0.059699,3194.42,0.12793,167.604,1,0.029733,0.307411,0.0499
130.8677,0.036111,1716.43,0.111328,116.66,0,,,
130.8909,0.028354,1497.44,0.068848,117.519,0,,,
130.9141,0.021649,2165.59,0.083496,118.471,0,,,
130.9373,0.024601,2681.56,0.121582,104.264,0,,,
130.9605,0.044861,2957.18,0.143066,80.271,0,,,
130.9838,0.06201,2924.34,0.162109,170.211,1,,,-0.6788
131.007,0.06774,2679.62,0.154785,200.174,1,0.161796,0.088327,1.2813
131.0302,0.06889,2572.5,0.117188,174.069,1,0.139508,0.016829,-6.6138
131.0534,0.061015,2194.27,0.100098,173.026,1,0.006011,0.121243,-3.0367
131.0766,0.047374,1461.18,0.087402,118.8,0,,,
131.0999,0.043005,1747.28,0.078613,161.37,0,,,
131.1231,0.041085,1999.18,0.082031,176.352,0,,,
131.1463,0.039328,1816.62,0.083008,177.424,0,,,
131.1695,0.036795,1814.96,0.081055,174.954,0,,,
131.1927,0.040068,1900.89,0.088867,173.51,0,,,
131.216,0.053478,2655.25,0.105469,172.61,1,,,-3.9886
131.2392,0.066148,2785.92,0.114258,169.709,1,0.016952,0.211817,-0.2905
131.2624,0.067197,2562.3,0.123535,200.624,1,0.166958,0.015734,2.6221
131.2856,0.062933,2705.2,0.110352,174.103,1,0.141547,0.065535,-6.6808
131.3088,0.050058,2614.83,0.088867,172.331,1,0.010232,0.227888,-3.0924
131.3321,0.025954,1164.71,0.074219,67.797,0,,,
131.3553,0.017478,1102.66,0.0625,117.828,0,,,
131.3785,0.014676,1461.17,0.07373,117.085,0,,,
131.4017,0.007941,2274.93,0.088867,115.429,0,,,
131.4249,0.006062,2934.09,0.112793,115.783,0,,,
131.4482,0.005509,3393.69,0.153809,116.21,0,,,
131.4714,0.006888,3978.34,0.181641,173.709,0,,,
131.4946,0.018244,3234.32,0.169434,172.416,0,,,
131.5178,0.037327,1782.26,0.160645,132.579,0,,,
131.541,0.057462,2466.74,0.129883,134.825,1,,,-7.2033
131.5643,0.064263,2642.16,0.099609,197.315,1,0.376285,0.111741,-4.6533
131.5875,0.063526,2464.36,0.103516,334.239,1,0.515187,0.011543,-2.7303
131.6107,0.056385,2261.0,0.094238,70.727,1,1.301405,0.119095,6.7986
131.6339,0.03825,1859.14,0.086914,178.329,0,,,
131.6571,0.027025,1880.0,0.083496,174.727,0,,,
131.6804,0.289237,1896.82,0.07666,173.714,1,,,-3.6797
131.7036,0.425664,1773.0,0.056152,172.838,1,0.005052,0.381668,-8.5437
131.7268,0.449727,1587.52,0.042969,100.02,1,0.533745,0.054976,-1.6582
131.75,0.461686,1631.73,0.031738,64.853,0,,,
131.7732,0.382743,2345.59,0.032227,64.853,0,,,
131.7965,0.295666,2708.4,0.037109,85.68,1,,,4.3146
131.8197,0.294601,2217.71,0.037598,64.853,0,,,
131.8429,0.319302,2149.46,0.032227,64.853,0,,,
131.8661,0.355216,2080.42,0.025879,64.853,0,,,
131.8893,0.326531,1936.19,0.026367,64.853,0,,,
131.9126,0.347779,2055.13,0.01709,64.853,0,,,
131.9358,0.377446,1998.41,0.021973,64.853,0,,,
131.959,0.350752,1821.67,0.021484,64.853,0,,,
131.9822,0.381253,1849.17,0.01709,64.853,0,,,
132.0054,0.394807,1743.23,0.024414,64.853,0,,,
132.0287,0.369863,1697.15,0.037109,64.853,0,,,
132.0519,0.403145,2391.82,0.038574,64.853,0,,,
132.0751,0.39668,2354.13,0.047852,408.333,0,,,
132.0983,0.365977,1831.88,0.044434,408.333,0,,,
132.1215,0.381692,1747.59,0.025879,408.333,0,,,
132.1448,0.351268,1564.51,0.018555,172.689,1,,,5.2962
132.168,0.336135,1409.45,0.006836,64.853,0,,,
132.1912,0.361127,1516.31,0.003418,64.853,0,,,
132.2144,0.339015,1450.43,0.003906,64.853,0,,,
132.2376,0.351225,1330.47,0.003418,64.853,0,,,
132.2609,0.357359,1374.04,0.003418,64.853,0,,,
132.2841,0.324002,1396.83,0.004883,64.853,0,,,
132.3073,0.307768,1422.36,0.004395,64.853,0,,,
132.3305,0.265997,1552.81,0.006836,64.853,0,,,
132.3537,0.210267,1725.23,0.008789,64.853,0,,,
132.377,0.173375,2016.79,0.007324,64.853,0,,,
132.4002,0.163428,2595.64,0.04541,64.853,0,,,
132.4234,0.162731,2924.34,0.062988,319.631,1,,,-4.224
132.4466,0.166423,2619.32,0.081055,408.333,0,,,
132.4698,0.166854,2161.07,0.088379,89.713,1,,,0.9134
132.4931,0.137292,2183.56,0.05957,87.663,1,0.023113,0.194392,2.2035
132.5163,0.105466,2025.96,0.047363,87.451,1,0.002419,0.262203,2.2017
132.5395,0.085109,2132.52,0.034668,87.316,1,0.001546,0.213642,2.6177
132.5627,0.07458,2230.1,0.031738,91.905,1,0.051213,0.131864,2.5404
132.5859,0.064112,2219.38,0.037598,88.591,1,0.036724,0.150957,3.604
132.6092,0.05999,2291.27,0.039062,86.469,1,0.024247,0.066435,3.881
132.6324,0.055973,2407.41,0.045898,86.631,1,0.00188,0.069284,3.2362
132.6556,0.161764,2780.74,0.071777,86.685,1,0.000619,0.971736,-0.2233
132.6788,0.200102,2599.13,0.07373,106.609,1,0.206155,0.211892,0.9345
132.702,0.243128,2259.24,0.068848,307.757,1,0.97087,0.194148,-1.4476
132.7253,0.284211,1698.75,0.05957,308.987,1,0.003987,0.155814,2.8542
132.7485,0.251666,1913.04,0.038086,171.992,1,0.569648,0.121464,2.9711
132.7717,0.239812,2194.81,0.024414,183.869,1,0.066747,0.048239,0.8225
132.7949,0.229296,1667.19,0.02002,64.853,0,,,
132.8181,0.186475,872.03,0.017578,186.984,1,,,4.479
132.8414,0.188002,832.41,0.008301,237.487,1,,,2.4889
132.8646,0.197897,914.94,0.007324,64.853,0,,,
132.8878,0.198763,2070.51,0.042969,322.149,1,,,0.2532
132.911,0.20948,2791.76,0.053223,64.853,0,,,
132.9342,0.221112,2637.1,0.061035,408.333,0,,,
132.9575,0.197112,1983.03,0.060547,408.333,0,,,
132.9807,0.171758,1738.15,0.027832,408.333,0,,,
133.0039,0.174351,1150.55,0.019531,408.333,0,,,
133.0271,0.140801,755.81,0.013672,320.464,1,,,6.7666
133.0503,0.146286,783.03,0.013672,64.853,0,,,
133.0736,0.144773,946.32,0.010742,64.853,0,,,
133.0968,0.111217,870.09,0.01123,321.568,1,,,7.9853
133.12,0.118867,900.04,0.015137,65.987,0,,,
133.1432,0.158379,2853.76,0.055176,314.438,1,,,-1.3391
133.1664,0.152376,2982.73,0.089355,309.244,1,0.016656,0.038639,-3.6473
133.1897,0.155528,2692.95,0.098633,318.48,1,0.029427,0.020478,-1.7186
133.2129,0.149333,2306.7,0.093262,322.66,1,0.013038,0.040641,2.745
133.2361,0.086152,2176.1,0.061523,176.167,1,0.587347,0.536608,5.3915
133.2593,0.067719,1430.44,0.035156,321.997,1,0.585468,0.239584,3.9116
133.2825,0.056075,1193.47,0.025879,310.992,1,0.034771,0.188122,8.4334
133.3058,0.041504,1124.69,0.039551,311.969,0,,,
133.329,0.041055,1383.17,0.044434,313.211,0,,,
133.3522,0.036386,1567.12,0.050293,312.549,0,,,
133.3754,0.028172,1592.74,0.066406,316.797,0,,,
133.3986,0.027392,1842.13,0.067871,318.777,0,,,
133.4219,0.024116,2193.83,0.074219,318.798,0,,,
133.4451,0.020482,2205.6,0.081543,316.884,0,,,
133.4683,0.120821,3034.88,0.088379,312.848,1,,,-0.3212
133.4915,0.134504,2829.92,0.094727,329.769,1,0.052664,0.107183,0.6555
133.5147,0.141305,2559.89,0.093262,307.938,1,0.068468,0.049317,-4.1901
133.538,0.148259,2003.35,0.094238,301.589,1,0.020832,0.048027,-4.1792
133.5612,0.089713,1925.39,0.091309,140.521,1,0.728632,0.492033,-4.029
133.5844,0.067421,2011.05,0.088867,119.527,1,0.161464,0.283731,-3.1119
133.6076,0.080571,2238.1,0.099121,79.069,1,0.407437,0.177701,-9.4069
133.6308,0.161025,3163.73,0.100098,187.652,1,0.814206,0.666022,0.3808
133.6541,0.194108,2832.24,0.085938,349.23,1,0.601911,0.186314,1.7588
133.6773,0.243467,2268.27,0.071289,291.333,1,0.180768,0.225604,1.4346
133.7005,0.275217,1675.63,0.04834,315.284,1,0.078963,0.122426,3.5411
133.7237,0.248475,2017.62,0.029297,348.916,1,0.101272,0.102126,2.984
133.7469,0.244001,2153.46,0.021973,188.342,1,0.597754,0.018172,2.4308
133.7702,0.229136,1296.28,0.017578,64.853,0,,,
133.7934,0.19491,599.4,0.011719,194.49,1,,,3.2779
133.8166,0.195534,534.51,0.009277,229.701,1,0.166015,0.003196,2.6348
133.8398,0.201437,519.83,0.005859,230.55,1,0.003691,0.029737,7.2651
133.863,0.173573,439.81,0.003906,234.807,1,0.018295,0.148601,5.9276
133.8863,0.175345,449.83,0.006348,318.733,1,0.303234,0.010153,4.3657
133.9095,0.185565,479.09,0.007812,64.853,0,,,
133.9327,0.160307,406.53,0.007324,322.559,1,,,6.9004
133.9559,0.191917,1215.37,0.030762,64.853,0,,,
133.9791,0.214321,2816.11,0.057617,66.806,0,,,
134.0024,0.199015,2734.86,0.077148,408.333,0,,,
134.0256,0.203573,2312.73,0.087891,317.758,1,,,0.6252
134.0488,0.179323,2105.18,0.063965,408.333,0,,,
134.072,0.133686,1944.71,0.037598,408.333,0,,,
134.0952,0.123667,1021.39,0.018066,408.333,0,,,
134.1185,0.114776,668.37,0.008301,324.236,1,,,8.9703
134.1417,0.088997,654.36,0.017578,324.114,1,0.000378,0.253018,6.6737
134.1649,0.089406,699.27,0.018555,320.403,1,0.011515,0.004587,2.7988
134.1881,0.083438,642.79,0.02002,314.647,1,0.018127,0.069053,6.1523
134.2113,0.064514,564.08,0.033691,311.77,1,0.009185,0.255825,5.4402
134.2346,0.063463,745.16,0.030762,307.85,1,0.012654,0.016411,4.1693
134.2578,0.057156,932.05,0.036621,311.726,1,0.012513,0.104589,8.2541
134.281,0.042282,1032.84,0.049316,316.924,0,,,
134.3042,0.040275,1402.11,0.042969,319.167,0,,,
134.3274,0.092455,2498.45,0.07373,317.184,1,,,-2.7137
134.3507,0.13348,3153.88,0.100586,313.986,1,0.010135,0.363153,-4.8835
134.3739,0.141707,2992.8,0.111328,216.525,1,0.367422,0.05979,-6.9161
134.3971,0.143189,2574.41,0.133301,218.986,1,0.011301,0.010406,-2.646
134.4203,0.114437,2509.69,0.117676,118.564,1,0.595006,0.223207,-1.3879
134.4435,0.057602,2570.73,0.102051,86.757,1,0.309826,0.660724,7.9669
134.4668,0.031829,1898.56,0.098633,238.373,0,,,
134.49,0.02054,2032.54,0.088867,238.827,0,,,
134.5132,0.017413,2118.24,0.088379,237.805,0,,,
134.5364,0.014075,1964.52,0.088379,234.165,0,,,
134.5596,0.013261,1821.09,0.092285,311.899,0,,,
134.5829,0.317053,2711.61,0.089355,314.317,1,,,-4.9405
134.6061,0.455231,1813.4,0.072754,241.482,1,0.262092,0.357843,-12.481
134.6293,0.496122,1207.26,0.054688,118.402,1,0.684,0.085966,0.0282
134.6525,0.498463,1015.12,0.056152,64.853,0,,,
134.6757,0.385909,1619.15,0.063477,64.853,0,,,
134.699,0.20677,2718.21,0.072266,64.853,0,,,
134.7222,0.066142,2338.13,0.085938,64.853,0,,,
134.7454,0.051032,977.55,0.07373,120.369,1,,,4.8708
134.7686,0.047151,1012.08,0.067383,120.048,0,,,
134.7918,0.045069,1056.47,0.073242,120.031,0,,,
134.8151,0.099981,2611.94,0.095215,120.171,1,,,-4.0339
134.8383,0.1173,3142.51,0.118164,139.957,1,0.152125,0.159413,-4.8242
134.8615,0.123769,2945.26,0.129883,165.081,1,0.164725,0.053669,-2.5311
134.8847,0.124818,2537.03,0.134766,76.608,1,0.732127,0.008442,2.3017
134.9079,0.086948,2520.17,0.114258,170.551,1,0.760189,0.357658,7.8284
134.9312,0.059806,2511.94,0.092773,169.715,1,0.004913,0.369904,8.876
134.9544,0.042284,1737.35,0.081055,280.041,0,,,
134.9776,0.036882,1775.46,0.07666,280.311,0,,,
135.0008,0.034561,2006.41,0.07666,280.77,0,,,
135.024,0.037481,1974.11,0.07666,280.907,0,,,
135.0473,0.043125,1826.42,0.076172,281.016,0,,,
135.0705,0.335473,1841.39,0.066406,280.321,1,,,-3.7812
135.0937,0.456976,1680.85,0.049805,279.797,1,0.001871,0.30665,-7.1739
135.1169,0.472862,1467.72,0.051758,117.205,1,0.819099,0.034171,1.7545
135.1401,0.473355,1373.8,0.043457,64.853,0,,,
135.1634,0.336922,1634.16,0.050293,64.853,0,,,
135.1866,0.131109,1663.72,0.064941,64.853,0,,,
135.2098,0.045262,1116.77,0.062988,408.333,0,,,
135.233,0.032325,1278.12,0.068848,93.175,0,,,
135.2562,0.02873,1497.67,0.069336,92.984,0,,,
135.2795,0.02624,1557.8,0.069336,105.6,0,,,
135.3027,0.025822,1658.04,0.066895,123.231,0,,,
135.3259,0.026117,1695.12,0.067383,370.574,0,,,
135.3491,0.026373,1723.34,0.067871,372.608,0,,,
135.3723,0.026392,1751.47,0.067383,373.935,0,,,
135.3956,0.110142,2856.88,0.084961,373.146,1,,,-3.4164
135.4188,0.152752,2749.44,0.091309,372.71,1,0.001169,0.32416,-1.0787
135.442,0.159889,2488.97,0.081055,145.963,1,0.874334,0.045659,-1.6517
135.4652,0.163114,2101.28,0.071777,151.943,1,0.040146,0.019971,3.0362
135.4884,0.126149,1546.26,0.044434,155.36,1,0.022238,0.255582,6.2249
135.5117,0.071745,1023.34,0.030762,92.625,1,0.505963,0.549836,6.7028
135.5349,0.057327,971.95,0.036621,185.38,1,0.667294,0.223408,6.7155
135.5581,0.377735,1084.62,0.033203,185.815,1,0.002342,1.472932,-2.6288
135.5813,0.467174,1108.52,0.030273,248.868,1,0.290111,0.211712,-6.8368
135.6045,0.478373,1121.16,0.030762,118.485,1,0.709851,0.023689,0.7941
135.6278,0.479791,1224.23,0.055176,64.853,0,,,
135.651,0.300157,2053.59,0.060547,64.853,0,,,
135.6742,0.118363,2817.8,0.068359,64.853,0,,,
135.6974,0.0563,1881.91,0.073242,178.709,1,,,3.5104
135.7206,0.040131,795.14,0.05127,117.256,0,,,
135.7439,0.039111,849.0,0.058105,117.4,0,,,
135.7671,0.038882,912.3,0.062012,117.412,0,,,
135.7903,0.038365,980.3,0.062988,117.792,0,,,
135.8135,0.036947,1063.29,0.063965,117.832,0,,,
135.8367,0.033616,1123.93,0.063477,117.658,0,,,
135.86,0.029889,1270.47,0.063965,140.916,0,,,
135.8832,0.043173,1452.2,0.069336,140.78,0,,,
135.9064,0.109656,3196.71,0.099609,352.611,1,,,-5.145
135.9296,0.119545,3104.5,0.112793,235.404,1,0.398653,0.086294,-7.1516
135.9528,0.124996,2898.04,0.134766,164.349,1,0.355496,0.044577,0.4041
135.9761,0.120677,2548.71,0.133789,85.644,1,0.629661,0.035154,3.1516
135.9993,0.066691,2700.42,0.103027,175.151,1,0.686421,0.576265,8.231
136.0225,0.047833,2624.26,0.090332,174.696,0,,,
136.0457,0.032513,2598.09,0.07373,353.085,0,,,
136.0689,0.032161,4031.71,0.069824,353.367,0,,,
136.0922,0.032073,3698.0,0.069336,353.465,0,,,
136.1154,0.031136,1739.54,0.069824,353.618,0,,,
136.1386,0.030829,1234.12,0.063965,236.203,0,,,
136.1618,0.031725,1182.37,0.063965,176.122,0,,,
136.185,0.032636,1284.81,0.063965,70.426,0,,,
136.2083,0.034787,1533.87,0.063965,70.577,0,,,
136.2315,0.036595,1795.63,0.063965,351.39,0,,,
136.2547,0.045565,1799.15,0.065918,353.28,0,,,
136.2779,0.133304,3103.32,0.084473,353.228,1,,,-5.3361
136.3011,0.15682,2893.11,0.089355,367.71,1,0.040177,0.162107,-4.1199
136.3244,0.167347,2496.24,0.091797,77.076,1,1.306846,0.064948,0.045
136.3476,0.172959,2155.57,0.080078,89.377,1,0.147799,0.03298,2.9894
136.3708,0.126684,2078.16,0.052734,88.804,1,0.006438,0.308868,4.4643
136.394,0.102704,1178.62,0.040527,89.255,1,0.005067,0.209071,3.8977
136.4172,0.089906,809.14,0.031738,89.191,1,0.000711,0.132891,4.2817
136.4405,0.07814,772.05,0.02832,88.859,1,0.003731,0.140039,4.9492
136.4637,0.068239,724.04,0.024902,88.605,1,0.002867,0.135273,4.0054
136.4869,0.059701,723.69,0.021484,88.476,1,0.001457,0.133474,4.1784
136.5101,0.077228,996.35,0.031738,88.249,1,0.002567,0.255996,-5.2807
136.5333,0.177392,2906.52,0.049316,88.112,1,0.001548,0.786778,-0.9513
136.5566,0.213445,2663.21,0.060059,365.615,1,1.223213,0.184489,0.3532
136.5798,0.256317,2184.35,0.062012,302.704,1,0.188268,0.18253,-0.2928
136.603,0.286734,1594.11,0.054199,316.008,1,0.043006,0.112019,2.7206
136.6262,0.251141,1970.75,0.036133,177.877,1,0.559364,0.132345,3.5604
136.6494,0.240055,2107.13,0.024414,180.648,1,0.015458,0.045141,2.3625
136.6727,0.227929,1249.5,0.019043,178.422,1,0.0124,0.05182,5.8606
136.6959,0.19349,523.56,0.007324,365.533,1,0.687964,0.163444,5.9247
136.7191,0.195738,489.13,0.005859,367.737,1,0.006012,0.011552,4.064
136.7423,0.22465,751.24,0.023926,361.661,1,0.01666,0.137547,2.3391
136.7655,0.213213,2435.01,0.056152,364.321,1,0.007329,0.052239,0.0577
136.7888,0.220198,2732.91,0.064453,408.333,0,,,
136.812,0.231178,2339.35,0.065918,408.333,0,,,
136.8352,0.188295,1811.03,0.046387,408.333,0,,,
136.8584,0.180706,1588.42,0.013672,388.559,0,,,
136.8816,0.186018,522.19,0.005371,364.881,1,,,8.869
136.9049,0.152902,271.29,0.004883,64.853,0,,,
136.9281,0.161123,363.82,0.004395,64.853,0,,,
136.9513,0.156891,413.74,0.006348,367.76,1,,,8.5543
136.9745,0.123129,417.72,0.013672,364.629,1,0.00855,0.241143,5.3799
136.9977,0.162512,1059.9,0.027832,362.615,1,0.005539,0.275758,-1.0384
137.021,0.178039,2933.94,0.063965,362.465,1,0.000414,0.091186,-0.4926
137.0442,0.171969,2865.68,0.087891,318.951,1,0.127714,0.034686,-3.5414
137.0674,0.191812,2503.91,0.086426,317.661,1,0.004055,0.109092,1.2127
137.0906,0.18108,1983.83,0.072754,176.542,1,0.571098,0.057558,7.3155
137.1138,0.154941,1484.38,0.04248,408.333,0,,,
137.1371,0.168541,917.1,0.02002,408.333,0,,,
137.1603,0.158259,721.46,0.016602,368.156,1,,,6.1617
137.1835,0.138167,614.36,0.023438,369.296,1,0.003092,0.135566,1.6851
137.2067,0.158263,640.26,0.018066,368.777,1,0.001405,0.135589,5.0708
137.2299,0.140954,472.69,0.019043,365.537,1,0.008826,0.115694,5.4199
137.2532,0.134838,418.8,0.021973,367.39,1,0.005057,0.044349,1.2501
137.2764,0.152337,450.67,0.013184,367.398,1,2.1e-05,0.121869,6.4039
137.2996,0.12849,322.59,0.013672,369.809,1,0.006542,0.169835,5.536
137.3228,0.146286,463.83,0.024414,382.574,0,,,
137.346,0.200104,2576.15,0.030762,64.853,0,,,
137.3693,0.187645,2464.18,0.050293,370.651,1,,,2.3413
137.3925,0.203128,2000.76,0.057129,320.488,1,0.145159,0.079241,0.4401
137.4157,0.206725,1637.29,0.050293,315.34,1,0.016194,0.017551,4.7449
137.4389,0.148321,1521.26,0.041016,378.287,1,0.181502,0.328993,3.3062
137.4621,0.151618,1525.64,0.020996,390.424,0,,,
137.4854,0.173748,1785.3,0.033691,391.47,0,,,
137.5086,0.189986,2835.88,0.047852,370.096,1,,,0.0956
137.5318,0.213567,2672.41,0.056641,301.271,1,0.205031,0.116868,1.0772
137.555,0.217036,2066.92,0.090332,314.05,1,0.041538,0.016115,0.3074
137.5782,0.18731,1884.9,0.106445,331.061,1,0.052739,0.147037,-0.5496
137.6015,0.166583,2543.43,0.087402,177.821,1,0.602261,0.117137,1.5055
137.6247,0.154345,2157.62,0.07959,178.698,1,0.004918,0.076267,2.7811
137.6479,0.144566,927.62,0.047852,183.353,1,0.025717,0.065429,-1.3513
137.6711,0.161875,614.62,0.013672,191.598,1,0.043977,0.112966,2.045
137.6943,0.163861,548.45,0.013672,197.972,1,0.032723,0.012199,6.1217
137.7176,0.151992,438.72,0.012695,227.567,1,0.139095,0.075155,3.1194
137.7408,0.17488,438.52,0.013184,241.024,1,0.057434,0.140039,5.3828
137.764,0.180959,420.63,0.013672,64.853,0,,,
137.7872,0.168904,369.79,0.01416,357.695,1,,,5.7066
137.8104,0.191345,367.31,0.012207,362.813,1,0.014207,0.12459,7.1756
137.8337,0.220633,1779.5,0.035645,362.299,1,0.001417,0.142181,2.3224
137.8569,0.21549,2814.6,0.052734,363.876,1,0.004343,0.023582,-1.1341
137.8801,0.227819,2736.76,0.057617,316.771,1,0.138412,0.055619,1.3507
137.9033,0.219627,2154.4,0.058594,318.347,1,0.004961,0.036614,5.9681
137.9265,0.167764,1956.16,0.035156,376.225,1,0.166658,0.267757,6.9909
137.9498,0.156429,1732.03,0.017578,408.333,0,,,
137.973,0.137252,560.37,0.01416,364.184,1,,,9.2722
137.9962,0.112298,498.63,0.017578,361.31,1,0.007922,0.199997,8.9237
138.0194,0.111355,582.99,0.020508,359.286,1,0.005619,0.008432,6.5666
138.0426,0.098057,578.35,0.01709,357.551,1,0.00484,0.126999,7.4347
138.0659,0.076855,518.66,0.019531,359.478,1,0.005375,0.242438,4.5427
138.0891,0.07382,538.63,0.019043,362.788,1,0.009167,0.040276,3.3363
138.1123,0.063815,614.31,0.020996,322.013,1,0.119086,0.145394,8.3098
138.1355,0.051567,696.42,0.035645,337.951,1,0.048299,0.212294,9.9384
138.1587,0.052576,924.79,0.044434,353.463,1,0.044871,0.019382,9.9532
138.182,0.048202,1108.75,0.055176,355.232,0,,,
138.2052,0.118361,2898.5,0.091797,355.45,1,,,-3.8061
138.2284,0.143295,3123.59,0.106445,355.483,1,9.3e-05,0.190589,-4.1653
138.2516,0.147093,2871.24,0.133301,164.236,1,0.735963,0.026156,-6.0966
138.2748,0.146191,2475.28,0.13623,164.49,1,0.001548,0.006151,-0.3457
138.298,0.094614,2604.06,0.108398,86.835,1,0.61797,0.42837,5.2796
138.3213,0.046657,2477.56,0.09375,173.394,0,,,
138.3445,0.028934,1614.13,0.067383,234.927,0,,,
138.3677,0.033162,1575.39,0.064453,236.38,0,,,
138.3909,0.036996,1621.55,0.063965,356.516,0,,,
138.4141,0.036851,1669.25,0.063965,355.675,0,,,
138.4374,0.073938,2237.34,0.078125,355.084,1,,,-5.0768
138.4606,0.144282,2936.63,0.07666,354.354,1,0.00206,0.644699,1.094
138.4838,0.191606,2605.03,0.077637,362.003,1,0.021356,0.281788,0.9675
138.507,0.218041,2231.02,0.075684,286.267,1,0.233657,0.129061,0.2672
138.5302,0.22504,2009.78,0.0625,318.256,1,0.105834,0.031594,-0.2931
138.5535,0.211638,2145.37,0.059082,340.761,1,0.068297,0.061383,0.2041
138.5767,0.207783,2136.89,0.04541,64.853,0,,,
138.5999,0.200647,1355.81,0.035156,65.373,0,,,
138.6231,0.212543,886.69,0.020508,64.853,0,,,
138.6463,0.22545,689.86,0.017578,64.853,0,,,
138.6696,0.230865,1525.8,0.020996,64.853,0,,,
138.6928,0.236211,1914.13,0.040527,64.853,0,,,
138.716,0.246201,2330.78,0.050293,64.853,0,,,
138.7392,0.258398,2254.2,0.049805,64.853,0,,,
138.7624,0.244123,1753.13,0.045898,64.853,0,,,
138.7857,0.252543,1512.26,0.026367,64.853,0,,,
138.8089,0.258469,774.21,0.018066,64.853,0,,,
138.8321,0.252413,1586.71,0.025879,64.853,0,,,
138.8553,0.249898,1917.53,0.031738,64.853,0,,,
138.8785,0.24831,1772.23,0.034668,64.853,0,,,
138.9018,0.240281,1713.67,0.032227,64.853,0,,,
138.925,0.227784,1034.91,0.030273,67.259,0,,,
138.9482,0.255044,2455.28,0.051758,64.853,0,,,
138.9714,0.262558,2701.7,0.055664,64.853,0,,,
138.9946,0.262049,2333.98,0.065918,358.636,1,,,2.0874
139.0179,0.250378,1849.73,0.054199,68.392,0,,,
139.0411,0.232321,1596.65,0.026367,64.853,0,,,
139.0643,0.223589,625.15,0.016602,64.853,0,,,
139.0875,0.201838,252.48,0.005859,70.402,1,,,3.1464
139.1107,0.202497,242.54,0.003418,64.853,0,,,
139.134,0.187894,265.26,0.00293,64.853,0,,,
139.1572,0.164078,312.2,0.003418,64.853,0,,,
139.1804,0.147982,336.5,0.004395,64.853,0,,,
139.2036,0.134577,364.75,0.004883,64.853,0,,,
139.2268,0.115124,370.19,0.005859,64.853,0,,,
139.2501,0.095531,380.86,0.008789,64.853,0,,,
139.2733,0.097919,1903.08,0.043945,64.853,0,,,
139.2965,0.094393,2527.13,0.063477,64.853,0,,,
139.3197,0.083898,2422.18,0.062988,337.677,1,,,0.1015
139.3429,0.077144,2185.85,0.061523,374.528,1,0.103484,0.083879,6.3002
139.3662,0.063355,1444.35,0.025879,374.871,1,0.000916,0.196289,5.7879
139.3894,0.040275,593.8,0.008789,362.635,0,,,
139.4126,0.136951,717.07,0.013184,362.885,1,,,-12.9242
139.4358,0.392801,1874.09,0.015137,366.36,1,0.00953,0.965923,-5.5553
139.459,0.438261,1632.16,0.019043,153.527,1,0.818764,0.109403,-5.3711
139.4823,0.451427,1374.24,0.026367,64.853,0,,,
139.5055,0.447649,1467.72,0.022949,65.518,0,,,
139.5287,0.311378,1940.21,0.02002,66.186,0,,,
139.5519,0.33762,1409.74,0.015137,408.333,0,,,
139.5751,0.38243,496.14,0.005859,64.853,0,,,
139.5984,0.431892,366.82,0.003906,64.853,0,,,
139.6216,0.46841,465.65,0.002441,64.853,0,,,
139.6448,0.447187,867.56,0.00293,64.853,0,,,
139.668,0.464167,969.01,0.002441,64.853,0,,,
139.6912,0.470292,687.59,0.002441,64.853,0,,,
139.7145,0.44859,602.66,0.00293,64.853,0,,,
139.7377,0.48,542.83,0.002441,64.853,0,,,
139.7609,0.48895,448.69,0.002441,64.853,0,,,
139.7841,0.485254,1805.44,0.008789,64.853,0,,,
139.8073,0.55957,2288.1,0.008301,64.853,0,,,
139.8306,0.578772,1798.42,0.008301,408.333,0,,,
139.8538,0.577515,1202.72,0.009766,408.333,0,,,
139.877,0.619901,1023.99,0.003418,64.853,0,,,
139.9002,0.572955,527.74,0.003418,64.853,0,,,
139.9234,0.547723,665.82,0.003906,64.853,0,,,
139.9467,0.600028,1173.65,0.002441,64.853,0,,,
139.9699,0.581254,984.7,0.00293,64.853,0,,,
139.9931,0.588143,675.01,0.00293,64.853,0,,,
140.0163,0.61464,568.25,0.002441,64.853,0,,,
140.0395,0.531476,478.73,0.00293,64.853,0,,,
140.0628,0.473612,430.98,0.002441,64.853,0,,,
140.086,0.428949,464.48,0.002441,64.853,0,,,
140.1092,0.322668,782.33,0.00293,64.853,0,,,
140.1324,0.291061,1324.06,0.01709,64.853,0,,,
140.1556,0.278191,2531.63,0.038086,64.853,0,,,
140.1789,0.222139,2617.35,0.0625,408.333,0,,,
140.2021,0.217949,2113.75,0.071777,408.333,0,,,
140.2253,0.20426,1869.25,0.064941,93.808,1,,,1.6027
140.2485,0.161604,1429.55,0.049316,87.47,1,0.069925,0.233177,1.0611
140.2717,0.169537,1517.29,0.032227,95.75,1,0.090392,0.047913,1.1488
140.295,0.211,1925.47,0.022949,94.956,1,0.008327,0.217917,6.3415
140.3182,0.220507,1358.49,0.015625,117.067,1,0.208569,0.044065,4.8507
140.3414,0.236622,1023.3,0.012207,64.853,0,,,
140.3646,0.24656,975.92,0.005371,64.853,0,,,
140.3878,0.218506,1032.67,0.029297,408.333,0,,,
140.4111,0.235672,2563.82,0.05127,408.333,0,,,
140.4343,0.27196,2618.29,0.056152,307.594,1,,,2.3715
140.4575,0.273645,1902.89,0.069336,308.176,1,0.00189,0.006175,1.307
140.4807,0.275255,1636.13,0.054199,324.675,1,0.052142,0.005865,0.8901
140.5039,0.272735,2227.47,0.03418,174.991,1,0.599136,0.009194,5.1183
140.5272,0.222763,1905.15,0.03125,191.186,1,0.088455,0.201707,3.3693
140.5504,0.207844,883.27,0.019043,314.641,1,0.488133,0.069291,3.3227
140.5736,0.212775,669.94,0.01123,64.853,0,,,
140.5968,0.179955,550.64,0.012207,321.754,1,,,4.2567
140.62,0.205441,979.69,0.027832,327.137,1,,,-0.3403
140.6433,0.228446,2738.46,0.044922,64.853,0,,,
140.6665,0.207661,2684.58,0.056641,408.333,0,,,
140.6897,0.21491,2182.42,0.061035,408.333,0,,,
140.7129,0.205619,1950.74,0.041992,408.333,0,,,
140.7361,0.163411,1268.73,0.024902,408.333,0,,,
140.7594,0.165744,474.37,0.01416,320.604,1,,,5.7097
140.7826,0.167415,500.89,0.007812,64.853,0,,,
140.8058,0.13569,474.18,0.008789,323.942,1,,,7.0949
140.829,0.138563,540.61,0.010254,64.853,0,,,
140.8522,0.131061,580.88,0.011719,64.853,0,,,
140.8755,0.144527,2038.13,0.040039,315.067,1,,,-1.6272
140.8987,0.161788,3017.0,0.067383,314.292,1,0.002462,0.112696,-3.9852
140.9219,0.161685,2889.38,0.083984,316.82,1,0.008011,0.000632,-1.1543
140.9451,0.150699,2390.73,0.096191,319.15,1,0.007327,0.070337,0.0351
140.9683,0.111127,2338.29,0.070801,173.806,1,0.589685,0.30228,2.8331
140.9916,0.080513,1947.25,0.04834,174.057,1,0.001446,0.319497,7.0763
141.0148,0.054381,915.05,0.042969,312.415,1,0.568822,0.387435,7.4366
141.038,0.052801,900.52,0.032227,311.624,1,0.002538,0.02949,5.2183
141.0612,0.046498,964.24,0.038086,312.983,0,,,
141.0844,0.035255,1030.78,0.052246,312.72,0,,,
141.1077,0.035064,1315.08,0.059082,315.399,0,,,
141.1309,0.030269,1576.27,0.066895,318.036,0,,,
141.1541,0.023418,1772.54,0.078125,319.113,0,,,
141.1773,0.023491,2092.42,0.078125,318.032,0,,,
141.2005,0.099189,2955.54,0.087891,314.066,1,,,-3.1876
141.2238,0.134137,2920.29,0.093262,312.177,1,0.006035,0.299564,0.8861
141.247,0.140322,2710.18,0.097656,305.598,1,0.021297,0.045065,-0.1503
141.2702,0.146763,2207.46,0.094727,304.561,1,0.0034,0.044872,-4.0551
141.2934,0.115178,1950.01,0.090332,312.702,1,0.026378,0.241161,-5.2928
141.3166,0.071095,1952.59,0.093262,134.499,1,0.79697,0.473313,-1.3016
141.3399,0.058313,2110.92,0.087891,73.835,1,0.582378,0.197544,9.4059
141.3631,0.142864,3234.62,0.103516,162.156,1,0.748519,0.840561,-0.6544
141.3863,0.186758,2941.9,0.09082,312.912,1,0.63467,0.26633,0.2354
141.4095,0.211234,2502.15,0.082031,292.722,1,0.066674,0.122995,0.0987
141.4327,0.27248,1734.95,0.068359,306.204,1,0.045018,0.253235,1.3656
141.456,0.260071,1792.73,0.044434,338.579,1,0.100422,0.046601,3.9938
141.4792,0.241538,2129.76,0.037109,332.411,1,0.018382,0.073897,1.5244
141.5024,0.255176,1731.66,0.027832,196.804,1,0.512483,0.054914,3.3386
141.5256,0.204439,690.81,0.021973,195.358,1,0.007376,0.220781,4.6309
141.5488,0.188831,529.61,0.014648,192.704,1,0.01368,0.079377,0.9338
141.5721,0.204878,540.41,0.009277,232.176,1,0.185806,0.081518,4.7109
141.5953,0.171486,459.8,0.006348,231.653,1,0.002256,0.177446,6.649
141.6185,0.166965,424.82,0.007812,314.717,1,0.304058,0.026713,1.9629
141.6417,0.180885,508.96,0.007324,323.031,1,0.026075,0.080032,6.0342
141.6649,0.150038,444.31,0.007324,323.484,1,0.001399,0.186429,6.3743
141.6882,0.158889,410.58,0.012695,322.798,1,0.002121,0.057302,1.3571
141.7114,0.205313,2656.51,0.041504,64.853,0,,,
141.7346,0.187546,2839.65,0.06543,408.333,0,,,
141.7578,0.197651,2535.08,0.080078,317.708,1,,,-0.5563
141.781,0.195101,2111.47,0.075684,318.093,1,,,5.1933
141.8043,0.131164,2046.7,0.046875,408.333,0,,,
141.8275,0.126728,1530.41,0.022461,396.69,0,,,
141.8507,0.21651,539.34,0.010254,64.853,0,,,
141.8739,0.285691,296.52,0.010742,323.75,1,,,-4.0481
141.8971,0.366527,231.08,0.008789,108.651,1,0.994903,0.24788,0.435
141.9204,0.40424,195.93,0.007324,76.681,1,0.345007,0.09786,2.7926
141.9436,0.416232,190.08,0.004395,64.853,0,,,
141.9668,0.403686,201.95,0.005371,64.853,0,,,
141.99,0.402467,229.34,0.004883,64.853,0,,,
142.0132,0.414092,218.24,0.004883,64.853,0,,,
142.0365,0.411448,210.34,0.004883,64.853,0,,,
142.0597,0.440715,221.74,0.002441,64.853,0,,,
142.0829,0.441754,1724.72,0.017578,64.853,0,,,
142.1061,0.450917,2424.81,0.01709,64.853,0,,,
142.1293,0.465087,2167.38,0.01709,408.333,0,,,
142.1526,0.44774,1522.18,0.017578,408.333,0,,,
142.1758,0.441903,1170.71,0.002441,408.333,0,,,
142.199,0.445226,457.13,0.002441,64.853,0,,,
142.2222,0.425084,251.62,0.00293,64.853,0,,,
142.2454,0.435887,236.74,0.002441,64.853,0,,,
142.2687,0.435358,189.09,0.00293,64.853,0,,,
142.2919,0.424014,147.66,0.00293,64.853,0,,,
142.3151,0.454055,782.35,0.011719,64.853,0,,,
142.3383,0.550728,1729.41,0.017578,64.853,0,,,
142.3615,0.547343,1402.13,0.023438,166.113,1,,,-3.7315
142.3848,0.516491,1137.84,0.030762,64.853,0,,,
142.408,0.457558,1570.66,0.027832,64.853,0,,,
142.4312,0.277122,1913.73,0.027832,64.853,0,,,
142.4544,0.215954,1727.81,0.022949,64.853,0,,,
142.4776,0.265964,863.95,0.015625,64.853,0,,,
142.5009,0.275098,597.71,0.009277,64.853,0,,,
142.5241,0.30882,444.8,0.003906,64.853,0,,,
142.5473,0.320495,399.44,0.006836,64.853,0,,,
142.5705,0.300983,2089.2,0.033203,64.853,0,,,
142.5937,0.326388,2540.78,0.036133,64.853,0,,,
142.617,0.295259,2216.48,0.041016,67.857,0,,,
142.6402,0.288008,1646.78,0.038574,68.066,0,,,
142.6634,0.289657,1281.73,0.012695,64.853,0,,,
142.6866,0.258199,411.72,0.01123,64.853,0,,,
142.7098,0.254816,242.99,0.007324,64.853,0,,,
142.7331,0.257226,243.57,0.005859,64.853,0,,,
142.7563,0.23652,258.92,0.006348,64.853,0,,,
142.7795,0.226478,260.45,0.006348,64.853,0,,,
142.8027,0.30789,391.63,0.008789,64.853,0,,,
142.8259,0.43426,1532.85,0.015625,64.853,0,,,
142.8492,0.468629,1516.48,0.015137,142.934,1,,,-2.4073
142.8724,0.472754,1370.22,0.020996,64.853,0,,,
142.8956,0.425865,1332.18,0.026855,64.853,0,,,
142.9188,0.273032,1437.34,0.021484,64.853,0,,,
142.942,0.201469,1144.84,0.022949,64.853,0,,,
142.9653,0.192179,496.62,0.017578,64.853,0,,,
142.9885,0.164491,405.08,0.015625,64.853,0,,,
143.0117,0.167325,1267.28,0.018555,64.853,0,,,
143.0349,0.150904,1736.75,0.019043,64.853,0,,,
143.0581,0.125606,1403.43,0.020996,66.958,0,,,
143.0814,0.124017,590.21,0.018066,64.853,0,,,
143.1046,0.106827,647.7,0.01709,64.853,0,,,
143.1278,0.106815,868.54,0.038574,67.18,0,,,
143.151,0.163001,2553.48,0.061035,67.139,0,,,
143.1742,0.174871,2509.37,0.070801,341.795,1,,,-0.7149
143.1975,0.172875,2204.25,0.073242,151.847,1,0.769579,0.011475,-2.913
143.2207,0.163033,1719.09,0.055664,154.198,1,0.015364,0.058598,2.9301
143.2439,0.104494,981.17,0.037109,184.736,1,0.180206,0.437636,2.6863
143.2671,0.067741,887.71,0.035645,186.699,1,0.010569,0.426773,2.8337
143.2903,0.275804,951.24,0.036133,187.054,1,0.001898,1.21127,-3.6205
143.3136,0.408912,1234.61,0.034668,187.993,1,0.005006,0.388797,-8.0042
143.3368,0.43793,1227.07,0.032227,117.503,1,0.461475,0.068533,-2.532
143.36,0.447872,1235.71,0.039062,64.853,0,,,
143.3832,0.401676,1537.09,0.032227,64.853,0,,,
143.4064,0.306512,1620.93,0.02832,345.74,1,,,4.6544
143.4297,0.337414,978.32,0.023926,64.853,0,,,
143.4529,0.363603,457.12,0.008789,64.853,0,,,
143.4761,0.367626,338.8,0.008789,64.853,0,,,
143.4993,0.397689,296.73,0.007812,64.853,0,,,
143.5225,0.380452,248.07,0.006836,64.853,0,,,
143.5458,0.404265,214.08,0.003418,64.853,0,,,
143.569,0.42156,210.66,0.003906,64.853,0,,,
143.5922,0.407759,180.38,0.003418,64.853,0,,,
143.6154,0.428999,169.2,0.002441,64.853,0,,,
143.6386,0.436465,994.79,0.012695,64.853,0,,,
143.6619,0.421565,2273.85,0.022949,64.853,0,,,
143.6851,0.434345,2296.3,0.022949,408.333,0,,,
143.7083,0.427198,1766.7,0.023438,408.333,0,,,
143.7315,0.404278,1343.23,0.013184,408.333,0,,,
143.7547,0.405852,923.49,0.00293,64.853,0,,,
143.778,0.39661,270.66,0.00293,64.853,0,,,
143.8012,0.386,556.55,0.002441,64.853,0,,,
143.8244,0.390341,662.07,0.00293,64.853,0,,,
143.8476,0.39202,356.07,0.002441,64.853,0,,,
143.8708,0.381532,219.13,0.002441,64.853,0,,,
143.8941,0.363312,201.72,0.00293,64.853,0,,,
143.9173,0.336927,216.72,0.002441,64.853,0,,,
143.9405,0.28847,229.31,0.002441,64.853,0,,,
143.9637,0.237033,272.42,0.00293,64.853,0,,,
143.9869,0.196425,361.03,0.006348,64.853,0,,,
144.0102,0.179783,1742.9,0.032227,364.116,1,,,-2.078
144.0334,0.181863,2837.42,0.051758,358.577,1,,,-4.1402
144.0566,0.18402,2632.23,0.069824,408.333,0,,,
144.0798,0.180111,2124.53,0.078613,77.164,1,,,0.6225
144.103,0.149483,2063.4,0.056152,88.291,1,0.1345,0.185851,3.2703
144.1263,0.112847,1557.42,0.043945,88.907,1,0.006959,0.279312,2.7307
144.1495,0.091057,752.43,0.035645,89.384,1,0.005343,0.213725,4.2639
144.1727,0.082114,746.44,0.027344,89.074,1,0.003466,0.103293,4.4276
144.1959,0.071731,705.88,0.026367,88.527,1,0.00617,0.134973,3.9414
144.2191,0.063229,727.54,0.022461,88.231,1,0.003339,0.125995,4.5437
144.2424,0.056259,768.75,0.018555,87.933,1,0.003391,0.116661,4.063
144.2656,0.154909,2826.08,0.04248,87.598,1,0.003811,0.934321,-1.5838
144.2888,0.200429,2770.75,0.05957,100.331,1,0.135503,0.256211,0.2951
144.312,0.233803,2444.58,0.063477,312.826,1,1.028643,0.153713,-1.4201
144.3352,0.287669,1776.82,0.062988,306.508,1,0.020403,0.206592,1.98
144.3585,0.260338,1749.73,0.042969,330.908,1,0.076559,0.099748,2.825
144.3817,0.242982,2015.85,0.025391,178.535,1,0.598195,0.068964,1.2697
144.4049,0.24706,1420.14,0.019043,182.954,1,0.02445,0.016644,5.3506
144.4281,0.191735,604.19,0.015625,179.235,1,0.020539,0.252168,4.8464
144.4513,0.191444,491.2,0.007324,358.09,1,0.665725,0.001522,2.972
144.4746,0.208705,526.71,0.006348,64.853,0,,,
144.4978,0.202829,1995.11,0.047852,372.478,1,,,0.2613
144.521,0.214602,2628.53,0.058105,372.259,1,,,-3.3834
144.5442,0.232126,2585.0,0.062012,408.333,0,,,
144.5674,0.204172,1975.83,0.063477,315.162,1,,,5.0156
144.5907,0.182692,1700.17,0.021973,382.036,0,,,
144.6139,0.189657,1069.36,0.009277,378.166,1,,,8.9839
144.6371,0.153354,285.76,0.006836,363.323,1,,,6.2307
144.6603,0.159535,295.37,0.005371,64.853,0,,,
144.6835,0.160579,427.92,0.006836,64.853,0,,,
144.7068,0.125318,414.66,0.010742,367.289,1,,,6.8275
144.73,0.127787,439.08,0.012207,364.761,1,0.006907,0.019507,7.7798
144.7532,0.165123,2708.05,0.056641,362.283,1,0.006816,0.254928,-0.9842
144.7764,0.156675,2999.22,0.085449,365.3,1,0.008294,0.052502,-3.1582
144.7996,0.15932,2781.78,0.095215,317.017,1,0.141526,0.016742,-0.9174
144.8229,0.15521,2381.09,0.095215,316.231,1,0.002483,0.026132,2.7921
144.8461,0.093762,2302.55,0.054199,175.417,1,0.572827,0.493616,4.6899
144.8693,0.074884,1395.44,0.030762,392.771,0,,,
144.8925,0.063232,760.41,0.026855,327.62,1,,,8.9386
144.9157,0.051121,762.73,0.040039,351.444,1,,,10.4257
144.939,0.04956,880.62,0.046387,355.826,0,,,
144.9622,0.044985,1076.13,0.050781,357.823,0,,,
144.9854,0.033273,955.17,0.056641,357.766,0,,,
145.0086,0.028822,942.37,0.045898,355.383,0,,,
145.0318,0.023748,1071.59,0.041992,353.591,0,,,
145.0551,0.016367,1326.16,0.044922,353.497,0,,,
145.0783,0.115742,3102.05,0.061523,352.705,1,,,-0.5566
145.1015,0.133577,2907.12,0.075195,355.617,1,0.008223,0.143067,0.5081
145.1247,0.140933,2603.08,0.089355,284.685,1,0.221558,0.053591,-2.7904
145.1479,0.14826,2013.53,0.097168,284.674,1,3.9e-05,0.050673,-4.2518
145.1712,0.096658,1936.85,0.091309,141.993,1,0.668815,0.421386,-4.7824
145.1944,0.069875,1976.26,0.087891,119.107,1,0.175307,0.321647,-6.0495
145.2176,0.068637,2173.38,0.09082,78.519,1,0.410751,0.017879,-9.473
145.2408,0.158893,3136.18,0.091309,141.358,1,0.571577,0.793357,-0.4642
145.264,0.194444,2797.4,0.077637,353.884,1,0.858272,0.20123,1.2611
145.2873,0.239117,2290.0,0.068848,300.973,1,0.161593,0.206075,1.1767
145.3105,0.281897,1654.52,0.050781,326.384,1,0.08101,0.164216,4.0195
145.3337,0.252498,1771.33,0.029297,352.202,1,0.076091,0.110028,2.9426
145.3569,0.246839,1556.24,0.019043,347.192,1,0.014327,0.022665,1.6872
145.3801,0.242051,766.52,0.01416,64.853,0,,,
145.4034,0.199136,548.95,0.009766,230.09,1,,,3.2166
145.4266,0.203679,472.42,0.007324,222.284,1,,,3.2949
145.4498,0.211308,474.64,0.005371,64.853,0,,,
145.473,0.178432,401.12,0.003906,231.295,1,,,5.5934
145.4962,0.184263,396.3,0.004395,369.268,1,,,5.008
145.5195,0.193412,439.63,0.007812,64.853,0,,,
145.5427,0.166049,361.17,0.008789,363.669,1,,,5.9453
145.5659,0.188022,542.92,0.021973,364.576,1,0.00249,0.124114,0.7317
145.5891,0.216784,2731.9,0.046875,362.791,1,0.004908,0.142106,0.7046
145.6123,0.19886,2794.86,0.065918,316.203,1,0.137228,0.086248,-0.8748
145.6356,0.203726,2400.13,0.075195,319.614,1,0.01073,0.024174,0.5003
145.6588,0.18765,2112.0,0.064453,359.828,1,0.118375,0.082154,6.368
145.682,0.133711,2030.61,0.041992,393.166,0,,,
145.7052,0.126694,1138.27,0.024414,374.933,1,,,7.6104
145.7284,0.118269,572.37,0.019043,360.71,1,0.03867,0.068779,9.2034
145.7517,0.096161,560.24,0.02002,358.1,1,0.00726,0.206206,8.9923
145.7749,0.094774,587.72,0.02002,358.45,1,0.000976,0.014523,5.0668
145.7981,0.087131,613.71,0.017578,357.985,1,0.001297,0.084042,6.5634
145.8213,0.067034,519.71,0.020996,360.07,1,0.005806,0.26071,5.303
145.8445,0.064609,556.08,0.023926,360.755,1,0.001901,0.036855,3.5961
145.8678,0.060239,717.03,0.026855,326.401,1,0.099989,0.069992,9.0815
145.891,0.049535,795.04,0.040039,347.139,0,,,
145.9142,0.049816,991.12,0.047852,355.183,0,,,
145.9374,0.08497,1690.53,0.066895,355.726,1,,,-5.5757
145.9606,0.140552,3107.29,0.092285,355.484,1,0.00068,0.492923,-3.919
145.9839,0.147672,2990.52,0.111328,164.739,1,0.733322,0.049407,-5.4801
146.0071,0.148311,2629.04,0.128906,233.594,1,0.345719,0.004317,-1.1816
146.0303,0.129152,2496.19,0.120605,77.114,1,1.007245,0.1381,-5.7137
146.0535,0.05842,2579.57,0.103027,173.088,1,0.767169,0.754179,6.1014
146.0767,0.03418,1867.15,0.083984,88.415,0,,,
146.1,0.030886,1583.65,0.065918,235.321,0,,,
146.1232,0.035761,1601.64,0.064453,356.343,0,,,
146.1464,0.03736,1676.44,0.064453,355.783,0,,,
146.1696,0.034661,1688.27,0.064453,355.419,0,,,
146.1928,0.130228,2996.5,0.075684,354.694,1,,,0.2364
146.2161,0.180987,2760.62,0.076172,355.251,1,0.001566,0.326195,0.7598
146.2393,0.203282,2364.72,0.081543,285.145,1,0.218945,0.116039,0.4978
146.2625,0.225902,2091.25,0.080566,313.83,1,0.095779,0.105409,-0.3578
146.2857,0.220298,1957.8,0.063477,333.015,1,0.05932,0.025116,0.8385
146.3089,0.199605,2133.08,0.053223,67.37,0,,,
146.3322,0.209219,1569.48,0.038086,64.853,0,,,
146.3554,0.223099,892.54,0.023926,64.853,0,,,
146.3786,0.225574,728.71,0.016113,64.853,0,,,
146.4018,0.227266,1109.78,0.021973,64.853,0,,,
146.425,0.231614,1851.82,0.030762,64.853,0,,,
146.4483,0.236153,2109.46,0.043457,64.853,0,,,
146.4715,0.223177,2380.89,0.052734,65.62,0,,,
146.4947,0.22813,1973.1,0.042969,64.853,0,,,
146.5179,0.217095,1761.03,0.028809,64.853,0,,,
146.5411,0.188109,1340.45,0.016602,64.853,0,,,
146.5644,0.171813,318.1,0.006348,64.853,0,,,
146.5876,0.154246,246.45,0.005371,64.853,0,,,
146.6108,0.131277,230.29,0.007812,64.853,0,,,
146.634,0.110462,232.0,0.007812,69.447,0,,,
146.6572,0.106726,223.17,0.007812,64.853,0,,,
146.6805,0.094867,732.5,0.020508,64.853,0,,,
146.7037,0.09301,2210.15,0.043457,64.853,0,,,
146.7269,0.100561,2371.62,0.070801,67.03,0,,,
146.7501,0.102245,2192.82,0.09668,75.515,1,,,-2.4477
146.7733,0.098615,2211.48,0.10498,172.449,1,0.781838,0.036147,-0.6058
146.7966,0.091094,2166.49,0.103027,170.754,1,0.009877,0.079289,4.2873
146.8198,0.084673,2222.6,0.09375,174.763,1,0.02321,0.073059,5.9458
146.843,0.077821,2261.58,0.089355,175.605,1,0.004807,0.084332,5.207
146.8662,0.075962,2388.62,0.089355,174.641,1,0.005509,0.024185,5.6272
146.8894,0.07501,2431.73,0.085938,173.93,1,0.004077,0.012607,2.3439
146.9127,0.07312,2257.78,0.101074,173.415,1,0.002968,0.025523,-3.1118
146.9359,0.063351,2130.34,0.099121,172.468,1,0.005473,0.143165,0.686
146.9591,0.051148,2191.8,0.089844,149.181,1,0.144797,0.213153,-11.5123
146.9823,0.035506,2221.82,0.081543,148.252,0,,,
147.0055,0.008722,999.28,0.061035,235.851,0,,,
147.0288,0.002365,655.05,0.055176,237.199,0,,,
147.052,0.002261,683.8,0.057617,101.25,0,,,
147.0752,0.002162,690.4,0.060059,102.111,0,,,
147.0984,0.001981,725.02,0.058594,71.576,0,,,
147.1216,0.00165,700.98,0.057617,230.527,0,,,
147.1449,0.001499,674.98,0.057617,232.176,0,,,
147.1681,0.001401,715.24,0.055664,70.889,0,,,
147.1913,0.001285,725.9,0.058594,70.903,0,,,
147.2145,0.001406,743.11,0.058594,71.369,0,,,
147.2377,0.001382,751.62,0.056641,79.193,0,,,
147.261,0.001263,734.57,0.056152,70.682,0,,,
147.2842,0.001088,756.52,0.054688,70.909,0,,,
147.3074,0.000804,796.24,0.055664,71.335,0,,,
147.3306,0.000846,822.43,0.056641,88.203,0,,,
147.3538,0.000886,772.97,0.057617,79.194,0,,,
147.3771,0.000861,774.59,0.057617,71.09,0,,,
147.4003,0.000894,785.73,0.057129,70.671,0,,,
147.4235,0.000764,806.04,0.058594,69.895,0,,,
147.4467,0.000649,822.64,0.060059,100.37,0,,,
147.4699,0.000656,858.3,0.061523,117.242,0,,,
147.4932,0.000515,890.31,0.060547,70.124,0,,,
147.5164,0.000497,921.47,0.058105,70.414,0,,,
147.5396,0.00046,916.12,0.058105,233.839,0,,,
147.5628,0.000424,934.31,0.057617,228.522,0,,,
147.586,0.000442,966.07,0.05957,229.045,0,,,
147.6093,0.000416,985.55,0.060059,231.192,0,,,
147.6325,0.000389,927.95,0.061523,88.388,0,,,
147.6557,0.000381,968.19,0.0625,101.599,0,,,
147.6789,0.000358,1071.75,0.062012,102.543,0,,,
147.7021,0.000298,1054.76,0.064453,71.025,0,,,
147.7254,0.000292,1110.91,0.061523,117.731,0,,,
147.7486,0.000242,1165.15,0.059082,117.836,0,,,
147.7718,0.000201,1153.36,0.056152,88.452,0,,,
147.795,0.0002,1243.88,0.054688,70.839,0,,,
147.8182,0.000202,1203.15,0.057129,80.459,0,,,
147.8415,0.000218,1149.54,0.05957,78.994,0,,,
147.8647,0.000231,1237.28,0.063477,78.998,0,,,
147.8879,0.000233,1375.52,0.064453,71.155,0,,,
147.9111,0.00021,1424.18,0.064453,236.6,0,,,
147.9343,0.000196,1531.1,0.063965,78.865,0,,,
147.9576,0.000171,1468.68,0.064453,70.767,0,,,
147.9808,0.000147,1439.59,0.06543,348.085,0,,,
148.004,0.000146,1659.52,0.06543,78.549,0,,,
148.0272,0.000132,1617.91,0.06543,118.585,0,,,
148.0504,0.00013,1568.86,0.06543,101.014,0,,,
148.0737,0.000127,1739.88,0.064453,78.666,0,,,
148.0969,0.000111,1837.05,0.063965,71.121,0,,,
148.1201,0.000102,1838.28,0.064453,71.227,0,,,
148.1433,9.7e-05,1859.93,0.063965,88.857,0,,,
148.1665,8.5e-05,2026.2,0.063965,352.201,0,,,
148.1898,7.2e-05,2251.95,0.063965,352.069,0,,,
148.213,6.6e-05,2541.1,0.064453,353.498,0,,,
148.2362,7e-05,2281.58,0.06543,355.438,0,,,
148.2594,7.4e-05,2255.83,0.067871,354.103,0,,,
148.2826,6.9e-05,2413.47,0.075684,353.473,0,,,
148.3059,5.6e-05,2679.94,0.094727,352.905,0,,,
148.3291,3.7e-05,3014.07,0.111328,355.72,0,,,
148.3523,2.9e-05,3008.68,0.108398,408.333,0,,,
148.3755,3.6e-05,2887.96,0.104004,408.333,0,,,
148.3987,4.5e-05,2785.25,0.084473,408.333,0,,,
148.422,4.9e-05,2619.84,0.070312,234.6,0,,,
148.4452,4.7e-05,2488.01,0.074219,354.485,0,,,
148.4684,4.2e-05,2695.88,0.080566,354.381,0,,,
148.4916,3.1e-05,2810.14,0.098145,408.333,0,,,
148.5148,2.4e-05,2896.14,0.125488,408.333,0,,,
148.538,2.4e-05,3130.35,0.132324,408.333,0,,,
148.5613,2.4e-05,3113.51,0.130371,408.333,0,,,
148.5845,2.3e-05,2910.53,0.137207,408.333,0,,,
148.6077,2.5e-05,3007.66,0.114746,408.333,0,,,
148.6309,2.6e-05,3001.89,0.115234,408.333,0,,,
148.6541,2.3e-05,2943.55,0.144043,408.333,0,,,
148.6774,2.4e-05,3105.43,0.126953,408.333,0,,,
148.7006,2.2e-05,3042.5,0.137695,408.333,0,,,
148.7238,1.8e-05,2946.73,0.151367,408.333,0,,,
148.747,1.7e-05,3007.76,0.173828,408.333,0,,,
148.7702,1.5e-05,3084.91,0.195801,408.333,0,,,
148.7935,1.4e-05,3281.45,0.218262,408.333,0,,,
148.8167,1.5e-05,3203.01,0.219238,408.333,0,,,
148.8399,1.6e-05,3000.61,0.197754,408.333,0,,,
148.8631,1.5e-05,3062.08,0.230957,408.333,0,,,
148.8863,1.3e-05,2978.83,0.239258,408.333,0,,,
148.9096,1e-05,3084.72,0.276367,408.333,0,,,
148.9328,9e-06,3043.73,0.300293,408.333,0,,,
148.956,9e-06,2934.89,0.290039,408.333,0,,,
148.9792,9e-06,3075.28,0.297852,408.333,0,,,
149.0024,9e-06,3195.6,0.302734,408.333,0,,,
149.0257,9e-06,3135.39,0.299316,408.333,0,,,
149.0489,8e-06,3132.8,0.308594,408.333,0,,,
149.0721,7e-06,3250.13,0.330078,408.333,0,,,
149.0953,7e-06,3188.55,0.313965,408.333,0,,,
149.1185,6e-06,3111.68,0.27002,408.333,0,,,
149.1418,4e-06,2871.64,0.19043,408.333,0,,,
149.165,2e-06,2389.09,0.09668,408.333,0,,,
149.1882,0.0,1510.4,0.028809,408.333,0,,,
149.2114,0.0,4763.36,0.0,408.333,0,,,
149.2346,0.0,0.0,0.0,408.333,0,,,
149.2579,0.0,0.0,0.0,408.333,0,,,
149.2811,0.0,0.0,0.0,408.333,0,,,
149.3043,0.0,0.0,0.0,408.333,0,,,
149.3275,0.0,0.0,0.0,408.333,0,,,
149.3507,0.0,0.0,0.0,408.333,0,,,
149.374,0.0,0.0,0.0,408.333,0,,,
149.3972,0.0,0.0,0.0,408.333,0,,,
149.4204,0.0,0.0,0.0,408.333,0,,,
149.4436,0.0,0.0,0.0,408.333,0,,,
149.4668,0.0,0.0,0.0,408.333,0,,,
149.4901,0.0,0.0,0.0,408.333,0,,,
149.5133,0.0,0.0,0.0,408.333,0,,,
149.5365,0.0,0.0,0.0,408.333,0,,,
149.5597,0.0,0.0,0.0,408.333,0,,,
149.5829,0.0,0.0,0.0,408.333,0,,,
149.6062,0.0,0.0,0.0,408.333,0,,,
149.6294,0.0,0.0,0.0,408.333,0,,,
149.6526,0.0,0.0,0.0,408.333,0,,,
149.6758,0.0,0.0,0.0,408.333,0,,,
149.699,0.0,0.0,0.0,408.333,0,,,
149.7223,0.0,0.0,0.0,408.333,0,,,
149.7455,0.0,0.0,0.0,408.333,0,,,
149.7687,0.0,0.0,0.0,408.333,0,,,
149.7919,0.0,0.0,0.0,408.333,0,,,
149.8151,0.0,0.0,0.0,408.333,0,,,
149.8384,0.0,0.0,0.0,408.333,0,,,
149.8616,0.0,0.0,0.0,408.333,0,,,
149.8848,0.0,0.0,0.0,408.333,0,,,
149.908,0.0,0.0,0.0,408.333,0,,,
149.9312,0.0,0.0,0.0,408.333,0,,,
149.9545,0.0,0.0,0.0,408.333,0,,,
149.9777,0.0,0.0,0.0,408.333,0,,,
150.0009,0.0,0.0,0.0,408.333,0,,,
150.0241,0.0,0.0,0.0,408.333,0,,,
150.0473,0.0,0.0,0.0,408.333,0,,,
150.0706,0.0,0.0,0.0,408.333,0,,,
150.0938,0.0,0.0,0.0,408.333,0,,,
150.117,0.0,0.0,0.0,408.333,0,,,
150.1402,0.0,0.0,0.0,408.333,0,,,
150.1634,0.0,0.0,0.0,408.333,0,,,
150.1867,0.0,0.0,0.0,408.333,0,,,
150.2099,0.0,0.0,0.0,408.333,0,,,
150.2331,0.0,0.0,0.0,408.333,0,,,
150.2563,0.0,0.0,0.0,408.333,0,,,
150.2795,0.0,0.0,0.0,408.333,0,,,
150.3028,0.0,0.0,0.0,408.333,0,,,
150.326,0.0,0.0,0.0,408.333,0,,,
150.3492,0.0,0.0,0.0,408.333,0,,,
150.3724,0.0,0.0,0.0,408.333,0,,,
150.3956,0.0,0.0,0.0,408.333,0,,,
150.4189,0.0,0.0,0.0,408.333,0,,,
150.4421,0.0,0.0,0.0,408.333,0,,,
150.4653,0.0,0.0,0.0,408.333,0,,,
150.4885,0.0,0.0,0.0,408.333,0,,,
150.5117,0.0,0.0,0.0,408.333,0,,,
150.535,0.0,0.0,0.0,408.333,0,,,
150.5582,0.0,0.0,0.0,408.333,0,,,
150.5814,0.0,0.0,0.0,408.333,0,,,
150.6046,0.0,0.0,0.0,408.333,0,,,
150.6278,0.0,0.0,0.0,408.333,0,,,
150.6511,0.0,0.0,0.0,408.333,0,,,
150.6743,0.0,0.0,0.0,408.333,0,,,
150.6975,0.0,0.0,0.0,408.333,0,,,
150.7207,0.0,0.0,0.0,408.333,0,,,
